Transaction ID,Date,Customer ID,Customer Name,Phone Number,Gender,Age,Customer Region,Customer Type,Product ID,Product Name,Brand,Product Category,Tags,Quantity,Price per Unit,Discount Percentage,Total Amount,Final Amount,Payment Method,Order Status,Delivery Type,Store ID,Store Location,Salesperson ID,Employee Name
TXN0000001,2024-02-16,CUST00001,Arjun Sharma,+91 9778174180,Female,40,Central,VIP,PROD0320,Gym Equipment 3095,BrandD,Sports,Popular,Limited Edition,9,₹27948.93,2,₹251540.37,₹246509.56,Net Banking,Refunded,Standard,STORE012,Delhi,EMP0015,Arjun Verma
TXN0000002,2024-04-21,CUST00002,Kavya Yadav,+91 9416368290,Male,43,East,VIP,PROD0072,Frozen Food 5906,BrandB,Food,New,Popular,2,₹20729.45,0,₹41458.90,₹41458.90,Wallet,Refunded,Standard,STORE010,Pune,EMP0036,Raj Verma
TXN0000003,2023-02-05,CUST00003,Kavya Gupta,+91 9312458580,Male,29,East,Premium,PROD0021,Furniture 8796,BrandB,Home & Living,Limited Edition,Limited Edition,7,₹30210.72,0,₹211475.04,₹211475.04,Net Banking,Refunded,Express,STORE006,Bangalore,EMP0038,Vikram Reddy
TXN0000004,2023-02-05,CUST00004,Amit Verma,+91 9075172530,Female,20,North,VIP,PROD0171,Cookbook 8882,BrandC,Books,Eco-Friendly,New,2,₹46143.30,10,₹92286.60,₹83057.94,Cash,Completed,Same Day,STORE012,Delhi,EMP0047,Meera Kumar
TXN0000005,2023-10-20,CUST00005,Priya Joshi,+91 9224510886,Male,54,Central,Premium,PROD0118,Smartwatch 8434,BrandD,Electronics,New,Sale,8,₹2243.38,16,₹17947.04,₹15075.51,Credit Card,Pending,Pickup,STORE019,Kolkata,EMP0009,Rohit Patel
TXN0000006,2024-03-08,CUST00006,Vikram Joshi,+91 9955996782,Male,51,West,VIP,PROD0124,Frozen Food 3478,BrandC,Food,Sale,Limited Edition,8,₹15682.67,9,₹125461.36,₹114169.84,Cash,Pending,Standard,STORE016,Kolkata,EMP0037,Anjali Joshi
TXN0000007,2024-10-10,CUST00007,Anjali Gupta,+91 9634825855,Female,65,East,Premium,PROD0322,Groceries 259,BrandD,Food,Premium,Popular,3,₹43776.79,21,₹131330.37,₹103750.99,Wallet,Cancelled,Same Day,STORE012,Kolkata,EMP0045,Rohit Agarwal
TXN0000008,2023-06-22,CUST00008,Priya Patel,+91 9028311020,Male,61,North,Regular,PROD0251,Lighting 5231,BrandB,Home & Living,New,Premium,5,₹1715.65,7,₹8578.25,₹7977.77,Net Banking,Refunded,Same Day,STORE020,Chennai,EMP0041,Sneha Kumar
TXN0000009,2024-12-29,CUST00009,Arjun Reddy,+91 9826752014,Other,62,North,Regular,PROD0324,Haircare 7984,BrandA,Beauty,Limited Edition,Limited Edition,7,₹22303.73,12,₹156126.11,₹137390.98,Debit Card,Refunded,Same Day,STORE004,Delhi,EMP0009,Raj Sharma
TXN0000010,2023-07-08,CUST00010,Rohit Sharma,+91 9458435985,Other,58,South,Regular,PROD0494,Frozen Food 766,BrandA,Food,New,Popular,1,₹6443.19,7,₹6443.19,₹5992.17,Net Banking,Pending,Standard,STORE014,Delhi,EMP0041,Kavya Verma
TXN0000011,2023-10-27,CUST00011,Raj Patel,+91 9832495916,Other,24,South,Regular,PROD0393,Smartwatch 4976,BrandE,Electronics,Popular,Limited Edition,4,₹46145.45,19,₹184581.80,₹149511.26,Net Banking,Cancelled,Same Day,STORE006,Pune,EMP0049,Arjun Singh
TXN0000012,2024-02-27,CUST00012,Sneha Reddy,+91 9071096644,Female,54,South,Regular,PROD0387,Cosmetics 1370,BrandA,Beauty,New,Sale,4,₹8096.11,15,₹32384.44,₹27526.77,Wallet,Cancelled,Standard,STORE018,Pune,EMP0037,Amit Gupta
TXN0000013,2024-05-16,CUST00013,Vikram Agarwal,+91 9205821120,Male,30,West,VIP,PROD0377,Tablet 6467,BrandB,Electronics,Sale,Popular,3,₹23721.77,4,₹71165.31,₹68318.70,UPI,Cancelled,Express,STORE016,Pune,EMP0045,Priya Singh
TXN0000014,2024-06-23,CUST00014,Arjun Agarwal,+91 9826015812,Female,45,West,VIP,PROD0014,Yoga Mat 5326,BrandD,Sports,Popular,New,5,₹33542.18,18,₹167710.90,₹137522.94,UPI,Refunded,Same Day,STORE005,Bangalore,EMP0008,Rohit Kumar
TXN0000015,2024-06-27,CUST00015,Priya Gupta,+91 9696006042,Other,52,East,Premium,PROD0177,Novel 7896,BrandB,Books,Sale,Popular,4,₹41646.94,9,₹166587.76,₹151594.86,Credit Card,Completed,Standard,STORE002,Pune,EMP0004,Raj Patel
TXN0000016,2024-08-12,CUST00016,Anjali Sharma,+91 9799079928,Female,35,East,VIP,PROD0279,Makeup 7639,BrandC,Beauty,Popular,Limited Edition,2,₹40998.31,4,₹81996.62,₹78716.76,Net Banking,Pending,Express,STORE001,Delhi,EMP0011,Sneha Verma
TXN0000017,2024-06-01,CUST00017,Rohit Joshi,+91 9083005232,Female,19,East,VIP,PROD0449,Cosmetics 4497,BrandE,Beauty,Popular,New,6,₹32594.35,11,₹195566.10,₹174053.83,Debit Card,Pending,Pickup,STORE016,Kolkata,EMP0047,Arjun Yadav
TXN0000018,2024-02-28,CUST00018,Sneha Joshi,+91 9176524843,Female,46,West,Regular,PROD0205,Cosmetics 9693,BrandE,Beauty,Limited Edition,Limited Edition,1,₹34417.64,6,₹34417.64,₹32352.58,Net Banking,Pending,Express,STORE012,Chennai,EMP0004,Rohit Gupta
TXN0000019,2024-02-25,CUST00019,Sneha Agarwal,+91 9027670113,Male,67,West,Regular,PROD0162,Skincare 7963,BrandC,Beauty,Limited Edition,Eco-Friendly,5,₹10583.68,4,₹52918.40,₹50801.66,Wallet,Completed,Same Day,STORE008,Kolkata,EMP0043,Vikram Sharma
TXN0000020,2024-01-26,CUST00020,Meera Joshi,+91 9202338827,Female,55,South,VIP,PROD0033,Cricket Bat 2251,BrandA,Sports,New,Premium,4,₹40394.54,11,₹161578.16,₹143804.56,Net Banking,Cancelled,Standard,STORE008,Mumbai,EMP0007,Vikram Sharma
TXN0000021,2024-11-20,CUST00021,Priya Reddy,+91 9656088739,Male,69,Central,VIP,PROD0311,Biography 4240,BrandB,Books,Limited Edition,Sale,10,₹25846.73,11,₹258467.30,₹230035.90,Debit Card,Refunded,Pickup,STORE007,Hyderabad,EMP0015,Priya Kumar
TXN0000022,2024-03-26,CUST00022,Raj Verma,+91 9803573174,Female,38,West,Regular,PROD0488,Frozen Food 8109,BrandA,Food,Limited Edition,Limited Edition,8,₹19654.12,7,₹157232.96,₹146226.65,Cash,Refunded,Same Day,STORE004,Pune,EMP0021,Arjun Gupta
TXN0000023,2023-07-18,CUST00023,Amit Patel,+91 9167715793,Female,30,West,Regular,PROD0348,Football 2488,BrandB,Sports,Sale,Limited Edition,3,₹30733.42,29,₹92200.26,₹65462.18,Net Banking,Refunded,Standard,STORE010,Delhi,EMP0018,Arjun Singh
TXN0000024,2024-04-11,CUST00024,Rohit Verma,+91 9284260308,Other,26,West,Regular,PROD0457,Skincare 6681,BrandE,Beauty,Sale,New,10,₹36409.29,6,₹364092.90,₹342247.33,Wallet,Completed,Standard,STORE009,Hyderabad,EMP0040,Arjun Agarwal
TXN0000025,2023-02-26,CUST00025,Raj Patel,+91 9559142791,Other,64,Central,VIP,PROD0082,Skincare 3406,BrandB,Beauty,Sale,New,7,₹34832.79,24,₹243829.53,₹185310.44,Wallet,Refunded,Standard,STORE008,Bangalore,EMP0022,Kavya Yadav
TXN0000026,2023-06-15,CUST00026,Priya Verma,+91 9689473296,Male,23,East,VIP,PROD0046,Football 7672,BrandB,Sports,Eco-Friendly,New,6,₹26257.71,27,₹157546.26,₹115008.77,Credit Card,Cancelled,Standard,STORE001,Chennai,EMP0042,Amit Yadav
TXN0000027,2023-08-15,CUST00027,Meera Kumar,+91 9907841104,Female,36,South,VIP,PROD0210,T-Shirt 5803,BrandC,Clothing,New,Sale,4,₹263.12,27,₹1052.48,₹768.31,Debit Card,Cancelled,Same Day,STORE007,Kolkata,EMP0028,Rohit Gupta
TXN0000028,2023-07-29,CUST00028,Amit Gupta,+91 9177636148,Other,51,North,VIP,PROD0290,Football 411,BrandB,Sports,Eco-Friendly,Premium,7,₹7888.32,3,₹55218.24,₹53561.69,Credit Card,Cancelled,Pickup,STORE015,Delhi,EMP0034,Arjun Reddy
TXN0000029,2024-03-03,CUST00029,Meera Gupta,+91 9196413246,Other,49,West,Regular,PROD0350,Tablet 7085,BrandC,Electronics,Limited Edition,Eco-Friendly,3,₹18405.80,26,₹55217.40,₹40860.88,Wallet,Pending,Pickup,STORE008,Kolkata,EMP0037,Anjali Patel
TXN0000030,2024-10-15,CUST00030,Rohit Agarwal,+91 9167378240,Other,31,Central,Premium,PROD0134,Jacket 4215,BrandA,Clothing,New,New,1,₹22125.32,16,₹22125.32,₹18585.27,Net Banking,Refunded,Express,STORE001,Kolkata,EMP0048,Amit Patel
TXN0000031,2023-08-09,CUST00031,Rohit Agarwal,+91 9647325266,Male,48,East,Premium,PROD0437,Dress 3274,BrandD,Clothing,Premium,Premium,1,₹12389.71,8,₹12389.71,₹11398.53,Wallet,Pending,Same Day,STORE008,Mumbai,EMP0003,Kavya Joshi
TXN0000032,2024-02-29,CUST00032,Rohit Verma,+91 9723872626,Male,41,South,VIP,PROD0419,Jacket 4837,BrandA,Clothing,Sale,Sale,9,₹40071.75,9,₹360645.75,₹328187.63,Net Banking,Refunded,Pickup,STORE009,Delhi,EMP0036,Meera Singh
TXN0000033,2023-11-18,CUST00033,Sneha Agarwal,+91 9364063974,Male,35,South,Premium,PROD0078,Jacket 9361,BrandC,Clothing,Sale,Sale,6,₹47042.17,4,₹282253.02,₹270962.90,Debit Card,Refunded,Pickup,STORE001,Mumbai,EMP0046,Vikram Verma
TXN0000034,2023-08-08,CUST00034,Kavya Patel,+91 9554650594,Other,24,West,Premium,PROD0433,Textbook 6285,BrandD,Books,Limited Edition,Sale,2,₹48672.45,21,₹97344.90,₹76902.47,UPI,Refunded,Express,STORE007,Chennai,EMP0017,Kavya Yadav
TXN0000035,2023-10-09,CUST00035,Sneha Patel,+91 9020265491,Female,46,North,Premium,PROD0139,Laptop 3072,BrandC,Electronics,Premium,New,5,₹10154.33,28,₹50771.65,₹36555.59,UPI,Cancelled,Pickup,STORE016,Pune,EMP0036,Sneha Sharma
TXN0000036,2024-04-27,CUST00036,Amit Sharma,+91 9083109415,Other,59,East,Premium,PROD0323,Yoga Mat 2657,BrandB,Sports,Premium,New,4,₹3274.82,12,₹13099.28,₹11527.37,Debit Card,Cancelled,Standard,STORE018,Mumbai,EMP0048,Raj Kumar
TXN0000037,2024-05-29,CUST00037,Arjun Patel,+91 9757752324,Male,36,Central,VIP,PROD0380,Cricket Bat 1643,BrandA,Sports,New,Premium,8,₹37120.77,15,₹296966.16,₹252421.24,Credit Card,Cancelled,Same Day,STORE007,Delhi,EMP0024,Meera Singh
TXN0000038,2023-04-20,CUST00038,Arjun Verma,+91 9931524591,Male,59,North,VIP,PROD0293,Tennis Racket 3436,BrandD,Sports,New,Sale,2,₹31813.57,9,₹63627.14,₹57900.70,Debit Card,Completed,Standard,STORE017,Bangalore,EMP0016,Sneha Joshi
TXN0000039,2024-10-20,CUST00039,Raj Verma,+91 9109778126,Female,52,South,Premium,PROD0185,Haircare 2210,BrandA,Beauty,Popular,Eco-Friendly,5,₹17905.76,7,₹89528.80,₹83261.78,Credit Card,Refunded,Pickup,STORE007,Chennai,EMP0036,Priya Sharma
TXN0000040,2024-03-26,CUST00040,Sneha Kumar,+91 9695866803,Female,67,North,Regular,PROD0323,Makeup 988,BrandC,Beauty,Limited Edition,Limited Edition,3,₹3979.01,1,₹11937.03,₹11817.66,Cash,Pending,Same Day,STORE006,Pune,EMP0017,Amit Joshi
TXN0000041,2023-10-27,CUST00041,Raj Reddy,+91 9087360348,Female,62,West,Regular,PROD0174,Beverages 7593,BrandD,Food,Popular,Premium,6,₹36080.97,8,₹216485.82,₹199166.95,Net Banking,Completed,Standard,STORE014,Kolkata,EMP0035,Amit Verma
TXN0000042,2024-05-11,CUST00042,Meera Reddy,+91 9124436896,Male,19,North,VIP,PROD0072,Textbook 2645,BrandE,Books,Limited Edition,Premium,5,₹40784.87,1,₹203924.35,₹201885.11,Cash,Cancelled,Pickup,STORE015,Mumbai,EMP0028,Amit Singh
TXN0000043,2023-08-10,CUST00043,Vikram Verma,+91 9723458582,Male,29,North,Premium,PROD0002,Jeans 3309,BrandA,Clothing,Premium,Popular,9,₹26443.92,8,₹237995.28,₹218955.66,Wallet,Pending,Pickup,STORE011,Kolkata,EMP0047,Priya Kumar
TXN0000044,2024-04-16,CUST00044,Priya Patel,+91 9538502897,Male,41,South,Premium,PROD0184,Snacks 8796,BrandB,Food,Sale,Premium,5,₹14989.11,12,₹74945.55,₹65952.08,Wallet,Refunded,Pickup,STORE020,Kolkata,EMP0015,Kavya Agarwal
TXN0000045,2023-08-08,CUST00045,Arjun Yadav,+91 9208489575,Male,50,West,VIP,PROD0262,Dairy 3746,BrandB,Food,New,Sale,2,₹4800.04,22,₹9600.08,₹7488.06,UPI,Pending,Same Day,STORE014,Delhi,EMP0006,Anjali Kumar
TXN0000046,2024-02-16,CUST00046,Priya Singh,+91 9209029244,Female,61,Central,Premium,PROD0009,Lighting 9647,BrandD,Home & Living,Sale,Eco-Friendly,5,₹42086.38,12,₹210431.90,₹185180.07,Cash,Completed,Standard,STORE010,Mumbai,EMP0043,Amit Agarwal
TXN0000047,2023-11-26,CUST00047,Vikram Verma,+91 9716222820,Male,49,North,Premium,PROD0077,Jeans 8090,BrandA,Clothing,Premium,Premium,10,₹43603.73,10,₹436037.30,₹392433.57,Debit Card,Completed,Standard,STORE016,Chennai,EMP0037,Arjun Joshi
TXN0000048,2023-03-20,CUST00048,Arjun Singh,+91 9097474772,Male,65,Central,Premium,PROD0406,Comic 6863,BrandC,Books,Popular,New,8,₹47691.31,24,₹381530.48,₹289963.16,Wallet,Pending,Pickup,STORE005,Bangalore,EMP0016,Amit Joshi
TXN0000049,2023-11-14,CUST00049,Meera Verma,+91 9508559694,Male,51,West,Premium,PROD0206,Groceries 9272,BrandE,Food,Limited Edition,New,2,₹18478.09,13,₹36956.18,₹32151.88,Net Banking,Refunded,Express,STORE005,Kolkata,EMP0035,Rohit Kumar
TXN0000050,2023-01-23,CUST00050,Kavya Yadav,+91 9652220007,Female,48,East,Regular,PROD0397,Cookbook 7516,BrandA,Books,Eco-Friendly,Popular,10,₹32393.62,3,₹323936.20,₹314218.11,UPI,Completed,Express,STORE006,Bangalore,EMP0042,Meera Reddy
TXN0000051,2024-08-13,CUST00051,Kavya Kumar,+91 9078921065,Other,65,East,Regular,PROD0473,Smartwatch 7117,BrandD,Electronics,Premium,Eco-Friendly,2,₹10328.52,8,₹20657.04,₹19004.48,Wallet,Refunded,Standard,STORE019,Mumbai,EMP0014,Sneha Singh
TXN0000052,2023-04-02,CUST00052,Meera Verma,+91 9514294602,Female,50,Central,Regular,PROD0089,Kitchenware 9580,BrandE,Home & Living,New,New,2,₹18924.98,20,₹37849.96,₹30279.97,Debit Card,Pending,Pickup,STORE004,Mumbai,EMP0050,Meera Singh
TXN0000053,2023-12-01,CUST00053,Vikram Sharma,+91 9459431421,Other,50,North,Premium,PROD0482,Football 7412,BrandC,Sports,New,New,3,₹29627.71,9,₹88883.13,₹80883.65,UPI,Pending,Express,STORE014,Delhi,EMP0002,Rohit Verma
TXN0000054,2024-04-08,CUST00054,Anjali Singh,+91 9472304420,Male,23,West,VIP,PROD0407,Jacket 3166,BrandA,Clothing,Sale,Popular,2,₹2349.91,15,₹4699.82,₹3994.85,Cash,Pending,Express,STORE007,Chennai,EMP0028,Arjun Joshi
TXN0000055,2024-02-19,CUST00055,Arjun Kumar,+91 9259288993,Male,20,East,Regular,PROD0481,Bedding 4295,BrandA,Home & Living,Premium,Popular,3,₹35471.07,30,₹106413.21,₹74489.25,UPI,Refunded,Same Day,STORE013,Pune,EMP0019,Vikram Yadav
TXN0000056,2023-09-26,CUST00056,Kavya Joshi,+91 9852715827,Female,53,Central,Regular,PROD0382,Jeans 797,BrandE,Clothing,Eco-Friendly,Popular,4,₹15208.51,23,₹60834.04,₹46842.21,Debit Card,Completed,Standard,STORE006,Kolkata,EMP0027,Rohit Verma
TXN0000057,2023-05-18,CUST00057,Anjali Reddy,+91 9781830059,Male,49,Central,VIP,PROD0017,Skincare 4527,BrandB,Beauty,Eco-Friendly,Eco-Friendly,3,₹24856.15,2,₹74568.45,₹73077.08,Net Banking,Pending,Pickup,STORE002,Hyderabad,EMP0007,Rohit Yadav
TXN0000058,2024-12-25,CUST00058,Amit Singh,+91 9268008283,Other,56,Central,Premium,PROD0070,Frozen Food 7464,BrandB,Food,New,Sale,10,₹13179.27,22,₹131792.70,₹102798.31,Credit Card,Completed,Pickup,STORE020,Delhi,EMP0023,Priya Patel
TXN0000059,2023-09-08,CUST00059,Amit Yadav,+91 9894350446,Other,31,South,Regular,PROD0176,Jeans 6352,BrandA,Clothing,Popular,Premium,10,₹39159.73,0,₹391597.30,₹391597.30,Credit Card,Cancelled,Standard,STORE016,Chennai,EMP0028,Sneha Verma
TXN0000060,2023-11-22,CUST00060,Raj Kumar,+91 9567116170,Other,34,West,Premium,PROD0142,Novel 4897,BrandE,Books,Premium,New,7,₹34888.99,23,₹244222.93,₹188051.66,Cash,Pending,Same Day,STORE015,Pune,EMP0021,Kavya Agarwal
TXN0000061,2024-05-25,CUST00061,Raj Joshi,+91 9693226031,Other,64,North,Regular,PROD0278,Dairy 2064,BrandD,Food,New,Sale,9,₹46430.41,0,₹417873.69,₹417873.69,UPI,Completed,Pickup,STORE012,Chennai,EMP0020,Rohit Verma
TXN0000062,2024-11-14,CUST00062,Amit Patel,+91 9001325886,Female,70,Central,Premium,PROD0150,Skincare 261,BrandB,Beauty,Sale,New,5,₹33583.53,27,₹167917.65,₹122579.88,UPI,Cancelled,Express,STORE002,Chennai,EMP0009,Anjali Verma
TXN0000063,2024-04-24,CUST00063,Amit Patel,+91 9753955701,Female,52,South,VIP,PROD0397,Makeup 5355,BrandD,Beauty,Sale,New,8,₹43503.73,17,₹348029.84,₹288864.77,Debit Card,Refunded,Express,STORE001,Kolkata,EMP0043,Meera Kumar
TXN0000064,2024-11-29,CUST00064,Priya Verma,+91 9124724694,Other,19,East,Regular,PROD0384,Dress 2780,BrandD,Clothing,Premium,Popular,7,₹38515.62,20,₹269609.34,₹215687.47,Net Banking,Completed,Pickup,STORE014,Delhi,EMP0032,Raj Agarwal
TXN0000065,2023-05-05,CUST00065,Vikram Gupta,+91 9094236734,Female,37,East,Premium,PROD0342,Frozen Food 4278,BrandC,Food,Eco-Friendly,New,2,₹18248.09,27,₹36496.18,₹26642.21,Cash,Pending,Express,STORE004,Hyderabad,EMP0009,Rohit Kumar
TXN0000066,2023-01-05,CUST00066,Anjali Patel,+91 9110574213,Male,41,West,Premium,PROD0276,Shirt 8645,BrandA,Clothing,Sale,Limited Edition,2,₹48126.78,9,₹96253.56,₹87590.74,Credit Card,Cancelled,Same Day,STORE019,Delhi,EMP0002,Rohit Agarwal
TXN0000067,2023-04-12,CUST00067,Anjali Singh,+91 9834928768,Male,64,Central,VIP,PROD0203,Beverages 2802,BrandE,Food,Popular,Limited Edition,8,₹25971.20,17,₹207769.60,₹172448.77,Credit Card,Completed,Same Day,STORE005,Delhi,EMP0042,Amit Yadav
TXN0000068,2024-12-07,CUST00068,Kavya Agarwal,+91 9142021776,Male,38,East,Premium,PROD0060,Decor 4057,BrandA,Home & Living,Popular,Eco-Friendly,4,₹42873.16,2,₹171492.64,₹168062.79,UPI,Refunded,Pickup,STORE003,Chennai,EMP0033,Sneha Joshi
TXN0000069,2024-08-01,CUST00069,Priya Yadav,+91 9763874946,Male,36,Central,Premium,PROD0020,Laptop 3152,BrandC,Electronics,Limited Edition,Eco-Friendly,7,₹44371.27,7,₹310598.89,₹288856.97,Net Banking,Completed,Express,STORE018,Kolkata,EMP0038,Kavya Reddy
TXN0000070,2024-08-31,CUST00070,Rohit Reddy,+91 9074198780,Female,39,Central,Regular,PROD0320,Comic 8715,BrandB,Books,New,New,9,₹44378.24,5,₹399404.16,₹379433.95,UPI,Completed,Same Day,STORE015,Pune,EMP0025,Rohit Sharma
TXN0000071,2024-06-29,CUST00071,Meera Gupta,+91 9120786142,Female,49,West,Premium,PROD0198,Jacket 1692,BrandA,Clothing,Eco-Friendly,New,3,₹25591.25,7,₹76773.75,₹71399.59,Net Banking,Completed,Pickup,STORE003,Hyderabad,EMP0038,Amit Joshi
TXN0000072,2023-11-05,CUST00072,Raj Verma,+91 9454636909,Male,69,North,Regular,PROD0341,Furniture 1545,BrandA,Home & Living,Limited Edition,Popular,1,₹14959.75,5,₹14959.75,₹14211.76,Credit Card,Cancelled,Same Day,STORE006,Chennai,EMP0001,Anjali Patel
TXN0000073,2023-10-13,CUST00073,Amit Kumar,+91 9267989662,Other,19,West,Premium,PROD0199,Smartphone 3398,BrandC,Electronics,Eco-Friendly,Premium,3,₹6429.47,19,₹19288.41,₹15623.61,Debit Card,Completed,Standard,STORE010,Hyderabad,EMP0037,Amit Joshi
TXN0000074,2023-02-13,CUST00074,Kavya Joshi,+91 9894947383,Male,67,South,VIP,PROD0100,Smartwatch 4435,BrandD,Electronics,New,Eco-Friendly,9,₹15691.75,27,₹141225.75,₹103094.80,Net Banking,Pending,Same Day,STORE005,Hyderabad,EMP0019,Vikram Agarwal
TXN0000075,2024-04-18,CUST00075,Anjali Patel,+91 9210523079,Other,51,West,VIP,PROD0193,Frozen Food 7937,BrandA,Food,Sale,Sale,3,₹49717.82,30,₹149153.46,₹104407.42,Net Banking,Pending,Same Day,STORE019,Bangalore,EMP0022,Arjun Agarwal
TXN0000076,2024-08-18,CUST00076,Amit Reddy,+91 9018487689,Other,61,South,Premium,PROD0416,Jacket 5251,BrandA,Clothing,Limited Edition,Limited Edition,2,₹33530.31,26,₹67060.62,₹49624.86,Cash,Completed,Standard,STORE003,Bangalore,EMP0029,Amit Yadav
TXN0000077,2024-01-12,CUST00077,Amit Agarwal,+91 9009803260,Female,67,West,VIP,PROD0087,Gym Equipment 4938,BrandB,Sports,Sale,Premium,7,₹1607.16,23,₹11250.12,₹8662.59,Net Banking,Pending,Standard,STORE016,Hyderabad,EMP0036,Sneha Yadav
TXN0000078,2024-07-23,CUST00078,Vikram Sharma,+91 9445857053,Male,20,North,Premium,PROD0485,Decor 5945,BrandB,Home & Living,Popular,Premium,10,₹4938.44,19,₹49384.40,₹40001.36,Net Banking,Pending,Standard,STORE017,Mumbai,EMP0025,Vikram Reddy
TXN0000079,2024-07-25,CUST00079,Meera Verma,+91 9897763456,Female,60,West,Premium,PROD0279,Groceries 1442,BrandD,Food,Eco-Friendly,Eco-Friendly,5,₹23731.21,16,₹118656.05,₹99671.08,Wallet,Cancelled,Express,STORE012,Pune,EMP0048,Arjun Gupta
TXN0000080,2024-01-09,CUST00080,Priya Sharma,+91 9599191748,Other,70,South,VIP,PROD0141,Cricket Bat 9025,BrandE,Sports,New,Sale,6,₹9479.60,28,₹56877.60,₹40951.87,UPI,Refunded,Same Day,STORE016,Bangalore,EMP0010,Meera Singh
TXN0000081,2024-01-14,CUST00081,Priya Agarwal,+91 9350064106,Other,27,Central,Regular,PROD0274,Novel 9638,BrandA,Books,New,Eco-Friendly,10,₹6600.94,3,₹66009.40,₹64029.12,Wallet,Cancelled,Standard,STORE016,Pune,EMP0034,Arjun Reddy
TXN0000082,2023-01-17,CUST00082,Vikram Yadav,+91 9225467654,Other,37,South,Premium,PROD0219,Lighting 9198,BrandB,Home & Living,Eco-Friendly,Sale,9,₹25637.91,6,₹230741.19,₹216896.72,Wallet,Refunded,Express,STORE003,Chennai,EMP0016,Priya Reddy
TXN0000083,2023-02-26,CUST00083,Priya Joshi,+91 9862177265,Male,22,Central,Premium,PROD0209,Jacket 9080,BrandB,Clothing,Eco-Friendly,Eco-Friendly,8,₹27543.03,17,₹220344.24,₹182885.72,Credit Card,Pending,Pickup,STORE015,Kolkata,EMP0011,Arjun Agarwal
TXN0000084,2023-11-01,CUST00084,Arjun Gupta,+91 9998955411,Female,36,East,VIP,PROD0404,Haircare 1429,BrandE,Beauty,Premium,Limited Edition,5,₹28860.86,1,₹144304.30,₹142861.26,UPI,Cancelled,Standard,STORE010,Kolkata,EMP0005,Amit Verma
TXN0000085,2024-02-13,CUST00085,Meera Sharma,+91 9430462669,Female,60,North,Premium,PROD0085,Novel 3676,BrandA,Books,Limited Edition,Sale,5,₹6701.13,13,₹33505.65,₹29149.92,Debit Card,Refunded,Express,STORE015,Pune,EMP0028,Raj Sharma
TXN0000086,2024-11-05,CUST00086,Raj Verma,+91 9557161829,Male,64,South,Premium,PROD0382,Dress 4973,BrandB,Clothing,Eco-Friendly,Eco-Friendly,3,₹33119.34,12,₹99358.02,₹87435.06,Credit Card,Pending,Express,STORE004,Delhi,EMP0044,Anjali Kumar
TXN0000087,2023-11-24,CUST00087,Sneha Sharma,+91 9621594287,Female,24,South,VIP,PROD0049,Yoga Mat 5776,BrandE,Sports,Eco-Friendly,Sale,3,₹17966.99,17,₹53900.97,₹44737.81,Net Banking,Completed,Same Day,STORE014,Pune,EMP0011,Vikram Agarwal
TXN0000088,2024-02-06,CUST00088,Sneha Kumar,+91 9885290950,Male,45,East,Regular,PROD0427,Groceries 9521,BrandA,Food,Sale,New,8,₹37001.42,23,₹296011.36,₹227928.75,Debit Card,Refunded,Same Day,STORE017,Delhi,EMP0028,Priya Gupta
TXN0000089,2023-08-19,CUST00089,Kavya Verma,+91 9351177133,Female,52,East,VIP,PROD0122,Shirt 9803,BrandA,Clothing,Eco-Friendly,Premium,10,₹37710.73,12,₹377107.30,₹331854.42,Wallet,Completed,Express,STORE001,Delhi,EMP0034,Priya Agarwal
TXN0000090,2023-05-01,CUST00090,Arjun Reddy,+91 9735298730,Male,48,Central,Premium,PROD0351,Biography 4675,BrandC,Books,Eco-Friendly,Popular,7,₹1752.63,24,₹12268.41,₹9323.99,Debit Card,Completed,Standard,STORE011,Chennai,EMP0028,Amit Agarwal
TXN0000091,2023-03-24,CUST00091,Arjun Verma,+91 9703561398,Other,61,Central,Premium,PROD0014,Cookbook 5164,BrandE,Books,Sale,Premium,8,₹11723.49,14,₹93787.92,₹80657.61,Cash,Refunded,Same Day,STORE011,Bangalore,EMP0010,Vikram Gupta
TXN0000092,2023-05-14,CUST00092,Sneha Verma,+91 9877735733,Other,48,East,Premium,PROD0191,Smartwatch 3069,BrandB,Electronics,Sale,New,7,₹42082.29,28,₹294576.03,₹212094.74,UPI,Cancelled,Standard,STORE010,Bangalore,EMP0037,Vikram Yadav
TXN0000093,2024-11-19,CUST00093,Kavya Yadav,+91 9534851392,Male,41,South,Premium,PROD0159,Cookbook 3338,BrandB,Books,Popular,New,5,₹10295.06,0,₹51475.30,₹51475.30,UPI,Completed,Same Day,STORE003,Hyderabad,EMP0038,Sneha Patel
TXN0000094,2024-07-14,CUST00094,Amit Agarwal,+91 9141587958,Female,34,West,Premium,PROD0160,Cosmetics 4608,BrandB,Beauty,Eco-Friendly,Eco-Friendly,6,₹28680.33,18,₹172081.98,₹141107.22,Cash,Refunded,Express,STORE005,Chennai,EMP0029,Rohit Gupta
TXN0000095,2023-10-29,CUST00095,Arjun Gupta,+91 9465118262,Female,51,South,Premium,PROD0155,Groceries 4562,BrandE,Food,Eco-Friendly,Sale,4,₹19065.65,12,₹76262.60,₹67111.09,UPI,Completed,Same Day,STORE016,Pune,EMP0036,Vikram Reddy
TXN0000096,2023-07-29,CUST00096,Kavya Agarwal,+91 9262151843,Male,57,North,Regular,PROD0328,Shirt 8778,BrandE,Clothing,Limited Edition,Popular,5,₹27869.06,9,₹139345.30,₹126804.22,UPI,Pending,Express,STORE014,Mumbai,EMP0038,Arjun Reddy
TXN0000097,2023-06-12,CUST00097,Raj Singh,+91 9177899538,Female,52,Central,Regular,PROD0034,Jeans 9401,BrandB,Clothing,Sale,Popular,4,₹38371.96,21,₹153487.84,₹121255.39,UPI,Cancelled,Standard,STORE016,Bangalore,EMP0050,Priya Yadav
TXN0000098,2023-03-07,CUST00098,Priya Verma,+91 9730637791,Male,27,Central,VIP,PROD0495,T-Shirt 4277,BrandD,Clothing,Premium,New,4,₹29445.48,9,₹117781.92,₹107181.55,Debit Card,Pending,Same Day,STORE010,Bangalore,EMP0005,Rohit Agarwal
TXN0000099,2024-11-14,CUST00099,Vikram Yadav,+91 9906476498,Male,63,South,VIP,PROD0036,Cricket Bat 1439,BrandE,Sports,New,Limited Edition,6,₹26748.21,15,₹160489.26,₹136415.87,Wallet,Completed,Express,STORE020,Kolkata,EMP0042,Arjun Joshi
TXN0000100,2023-07-13,CUST00100,Amit Verma,+91 9893133076,Male,45,North,VIP,PROD0431,Comic 2176,BrandD,Books,New,Limited Edition,3,₹10009.23,20,₹30027.69,₹24022.15,UPI,Pending,Standard,STORE015,Kolkata,EMP0010,Arjun Sharma
TXN0000101,2024-03-04,CUST00101,Anjali Yadav,+91 9245887301,Male,56,West,VIP,PROD0458,Jacket 9073,BrandB,Clothing,Limited Edition,Limited Edition,8,₹13795.96,26,₹110367.68,₹81672.08,Debit Card,Refunded,Same Day,STORE017,Kolkata,EMP0006,Arjun Kumar
TXN0000102,2024-05-27,CUST00102,Anjali Agarwal,+91 9895747852,Female,38,Central,VIP,PROD0437,Laptop 2947,BrandC,Electronics,Eco-Friendly,Popular,9,₹25117.05,13,₹226053.45,₹196666.50,UPI,Refunded,Express,STORE001,Kolkata,EMP0039,Vikram Joshi
TXN0000103,2024-02-03,CUST00103,Raj Patel,+91 9375902691,Other,36,South,VIP,PROD0254,Snacks 2585,BrandA,Food,Sale,Eco-Friendly,10,₹30780.85,9,₹307808.50,₹280105.73,Credit Card,Cancelled,Pickup,STORE004,Kolkata,EMP0029,Amit Kumar
TXN0000104,2023-01-28,CUST00104,Vikram Joshi,+91 9021726092,Female,69,East,Premium,PROD0009,Beverages 4246,BrandA,Food,Sale,Eco-Friendly,6,₹46105.44,9,₹276632.64,₹251735.70,UPI,Completed,Same Day,STORE004,Bangalore,EMP0022,Anjali Gupta
TXN0000105,2024-11-26,CUST00105,Rohit Reddy,+91 9894954744,Male,47,West,VIP,PROD0354,Shirt 2645,BrandA,Clothing,Premium,Popular,6,₹20069.44,5,₹120416.64,₹114395.81,Credit Card,Pending,Express,STORE006,Hyderabad,EMP0045,Rohit Singh
TXN0000106,2023-07-24,CUST00106,Raj Verma,+91 9529881124,Male,40,Central,VIP,PROD0195,Dress 3549,BrandB,Clothing,Limited Edition,Eco-Friendly,8,₹48980.02,0,₹391840.16,₹391840.16,Debit Card,Refunded,Express,STORE017,Chennai,EMP0049,Meera Patel
TXN0000107,2024-07-05,CUST00107,Kavya Verma,+91 9155406033,Other,24,South,Regular,PROD0390,Smartphone 363,BrandB,Electronics,Eco-Friendly,Premium,9,₹8983.85,6,₹80854.65,₹76003.37,UPI,Completed,Same Day,STORE010,Delhi,EMP0004,Arjun Kumar
TXN0000108,2023-10-23,CUST00108,Sneha Agarwal,+91 9656357792,Male,41,South,Premium,PROD0241,Lighting 7787,BrandB,Home & Living,Premium,Sale,6,₹48153.20,5,₹288919.20,₹274473.24,Cash,Completed,Same Day,STORE020,Kolkata,EMP0019,Kavya Agarwal
TXN0000109,2023-06-21,CUST00109,Rohit Gupta,+91 9492191641,Male,36,West,VIP,PROD0225,T-Shirt 1879,BrandE,Clothing,Eco-Friendly,Popular,5,₹16306.04,0,₹81530.20,₹81530.20,Debit Card,Pending,Express,STORE003,Mumbai,EMP0035,Priya Agarwal
TXN0000110,2024-10-16,CUST00110,Meera Yadav,+91 9175963076,Female,31,Central,VIP,PROD0451,Dress 9207,BrandE,Clothing,Premium,New,6,₹14962.74,23,₹89776.44,₹69127.86,UPI,Completed,Pickup,STORE006,Pune,EMP0001,Kavya Patel
TXN0000111,2024-11-09,CUST00111,Sneha Reddy,+91 9942262902,Male,38,North,Premium,PROD0316,Laptop 8091,BrandE,Electronics,Limited Edition,Popular,6,₹33415.46,26,₹200492.76,₹148364.64,Wallet,Refunded,Standard,STORE002,Delhi,EMP0002,Meera Reddy
TXN0000112,2023-05-20,CUST00112,Meera Agarwal,+91 9646000465,Male,60,West,VIP,PROD0431,Furniture 4439,BrandC,Home & Living,Popular,Popular,2,₹26915.11,29,₹53830.22,₹38219.46,Credit Card,Cancelled,Standard,STORE006,Delhi,EMP0032,Sneha Singh
TXN0000113,2023-08-24,CUST00113,Raj Patel,+91 9989677766,Other,45,North,VIP,PROD0243,Cookbook 6970,BrandC,Books,Sale,New,4,₹37795.88,18,₹151183.52,₹123970.49,Net Banking,Pending,Express,STORE015,Hyderabad,EMP0029,Anjali Reddy
TXN0000114,2024-01-29,CUST00114,Meera Yadav,+91 9350089092,Male,19,West,Regular,PROD0313,Haircare 9228,BrandE,Beauty,Eco-Friendly,New,2,₹8423.36,23,₹16846.72,₹12971.97,Cash,Pending,Same Day,STORE016,Delhi,EMP0042,Priya Verma
TXN0000115,2024-05-07,CUST00115,Raj Patel,+91 9233724714,Female,36,East,Regular,PROD0185,Makeup 646,BrandA,Beauty,Sale,Sale,5,₹9324.50,6,₹46622.50,₹43825.15,Wallet,Refunded,Standard,STORE013,Hyderabad,EMP0045,Arjun Reddy
TXN0000116,2024-02-20,CUST00116,Anjali Reddy,+91 9936220965,Male,53,North,VIP,PROD0456,Jeans 273,BrandE,Clothing,Eco-Friendly,Limited Edition,5,₹49714.02,14,₹248570.10,₹213770.29,Wallet,Pending,Pickup,STORE012,Mumbai,EMP0024,Vikram Agarwal
TXN0000117,2024-03-25,CUST00117,Vikram Gupta,+91 9310250915,Female,61,North,VIP,PROD0058,Cosmetics 4480,BrandD,Beauty,New,Eco-Friendly,7,₹24230.78,28,₹169615.46,₹122123.13,Cash,Completed,Express,STORE010,Mumbai,EMP0010,Amit Singh
TXN0000118,2023-09-25,CUST00118,Vikram Yadav,+91 9152098150,Other,19,Central,Regular,PROD0469,Cookbook 3747,BrandA,Books,Popular,New,9,₹43715.01,24,₹393435.09,₹299010.67,Wallet,Completed,Pickup,STORE019,Bangalore,EMP0008,Priya Singh
TXN0000119,2023-04-02,CUST00119,Raj Agarwal,+91 9881478558,Male,60,South,Premium,PROD0054,Perfume 341,BrandE,Beauty,Eco-Friendly,Limited Edition,10,₹600.55,10,₹6005.50,₹5404.95,Debit Card,Completed,Pickup,STORE010,Hyderabad,EMP0025,Meera Joshi
TXN0000120,2024-10-16,CUST00120,Anjali Gupta,+91 9774566666,Other,32,East,VIP,PROD0318,Cosmetics 9603,BrandC,Beauty,Sale,New,6,₹42256.92,5,₹253541.52,₹240864.44,Debit Card,Refunded,Pickup,STORE014,Kolkata,EMP0022,Raj Singh
TXN0000121,2024-11-15,CUST00121,Priya Agarwal,+91 9737664514,Female,32,East,Premium,PROD0221,Textbook 7784,BrandC,Books,Limited Edition,Popular,6,₹22863.02,11,₹137178.12,₹122088.53,Cash,Refunded,Standard,STORE018,Hyderabad,EMP0047,Arjun Agarwal
TXN0000122,2024-08-14,CUST00122,Anjali Gupta,+91 9844754122,Other,56,North,Regular,PROD0486,Laptop 7147,BrandC,Electronics,Popular,Sale,7,₹16597.95,2,₹116185.65,₹113861.94,UPI,Refunded,Pickup,STORE016,Kolkata,EMP0049,Raj Sharma
TXN0000123,2024-01-03,CUST00123,Amit Verma,+91 9615295109,Male,49,South,VIP,PROD0471,Smartphone 5833,BrandC,Electronics,Popular,Limited Edition,1,₹23471.14,6,₹23471.14,₹22062.87,Debit Card,Refunded,Standard,STORE020,Pune,EMP0046,Sneha Yadav
TXN0000124,2024-06-01,CUST00124,Amit Kumar,+91 9707100948,Female,47,South,Regular,PROD0461,Jeans 8023,BrandA,Clothing,Premium,Sale,8,₹745.82,17,₹5966.56,₹4952.24,Cash,Completed,Standard,STORE002,Mumbai,EMP0036,Vikram Verma
TXN0000125,2023-11-30,CUST00125,Priya Reddy,+91 9945160553,Male,64,East,Premium,PROD0006,Snacks 4432,BrandB,Food,New,Popular,10,₹35586.11,17,₹355861.10,₹295364.71,Cash,Refunded,Same Day,STORE004,Delhi,EMP0018,Rohit Singh
TXN0000126,2023-09-30,CUST00126,Sneha Gupta,+91 9646471227,Other,44,West,VIP,PROD0346,Furniture 2949,BrandC,Home & Living,Popular,Eco-Friendly,6,₹19525.49,20,₹117152.94,₹93722.35,Credit Card,Refunded,Express,STORE009,Mumbai,EMP0018,Rohit Verma
TXN0000127,2024-11-11,CUST00127,Arjun Sharma,+91 9692480855,Other,24,North,Premium,PROD0297,Tablet 6804,BrandE,Electronics,Eco-Friendly,Sale,6,₹8610.20,28,₹51661.20,₹37196.06,Credit Card,Pending,Pickup,STORE006,Mumbai,EMP0016,Raj Kumar
TXN0000128,2024-05-18,CUST00128,Kavya Agarwal,+91 9463672310,Other,49,Central,VIP,PROD0082,Novel 4648,BrandE,Books,Premium,Sale,6,₹38473.97,3,₹230843.82,₹223918.51,Net Banking,Completed,Express,STORE010,Hyderabad,EMP0006,Kavya Singh
TXN0000129,2024-06-10,CUST00129,Amit Yadav,+91 9205080147,Male,21,West,Premium,PROD0294,Lighting 6044,BrandA,Home & Living,Premium,Eco-Friendly,10,₹6213.15,8,₹62131.50,₹57160.98,Net Banking,Refunded,Standard,STORE009,Mumbai,EMP0025,Arjun Verma
TXN0000130,2023-07-15,CUST00130,Anjali Singh,+91 9728115494,Other,49,Central,VIP,PROD0154,Comic 5010,BrandA,Books,Limited Edition,Popular,1,₹3252.29,8,₹3252.29,₹2992.11,Debit Card,Refunded,Express,STORE003,Hyderabad,EMP0033,Rohit Reddy
TXN0000131,2023-10-07,CUST00131,Priya Verma,+91 9618814480,Male,31,Central,Regular,PROD0432,Cookbook 4030,BrandD,Books,Limited Edition,Limited Edition,2,₹20334.82,8,₹40669.64,₹37416.07,Credit Card,Pending,Express,STORE019,Hyderabad,EMP0047,Vikram Reddy
TXN0000132,2024-12-13,CUST00132,Amit Singh,+91 9603713270,Other,35,West,Premium,PROD0001,Furniture 9473,BrandC,Home & Living,New,Premium,10,₹4274.00,7,₹42740.00,₹39748.20,UPI,Completed,Same Day,STORE013,Mumbai,EMP0009,Sneha Kumar
TXN0000133,2024-08-26,CUST00133,Kavya Singh,+91 9417454690,Other,54,West,VIP,PROD0207,Headphones 9555,BrandE,Electronics,Sale,New,5,₹35006.48,9,₹175032.40,₹159279.48,Credit Card,Completed,Standard,STORE001,Kolkata,EMP0012,Meera Joshi
TXN0000134,2023-09-16,CUST00134,Amit Patel,+91 9441948067,Female,47,Central,Regular,PROD0067,Dairy 9997,BrandE,Food,Popular,Limited Edition,1,₹23154.41,25,₹23154.41,₹17365.81,UPI,Cancelled,Standard,STORE010,Delhi,EMP0021,Anjali Agarwal
TXN0000135,2023-08-24,CUST00135,Arjun Kumar,+91 9232108938,Other,27,South,Regular,PROD0264,Makeup 7656,BrandE,Beauty,Sale,New,1,₹2635.13,7,₹2635.13,₹2450.67,Credit Card,Cancelled,Same Day,STORE009,Bangalore,EMP0041,Kavya Agarwal
TXN0000136,2024-05-29,CUST00136,Amit Yadav,+91 9358946980,Other,27,East,VIP,PROD0218,Tablet 8618,BrandB,Electronics,Eco-Friendly,Popular,7,₹18114.27,15,₹126799.89,₹107779.91,Cash,Completed,Standard,STORE009,Delhi,EMP0035,Vikram Agarwal
TXN0000137,2023-08-16,CUST00137,Arjun Agarwal,+91 9757842897,Other,65,East,VIP,PROD0466,Tablet 4559,BrandA,Electronics,Popular,New,1,₹16864.10,29,₹16864.10,₹11973.51,UPI,Completed,Standard,STORE002,Kolkata,EMP0027,Sneha Agarwal
TXN0000138,2024-02-27,CUST00138,Arjun Reddy,+91 9579043839,Female,57,East,VIP,PROD0041,Jeans 5308,BrandA,Clothing,Limited Edition,Popular,4,₹46060.05,0,₹184240.20,₹184240.20,Net Banking,Completed,Same Day,STORE014,Bangalore,EMP0002,Kavya Singh
TXN0000139,2024-06-27,CUST00139,Kavya Yadav,+91 9469781891,Other,41,West,Regular,PROD0216,Tablet 1531,BrandA,Electronics,Limited Edition,New,4,₹7537.69,3,₹30150.76,₹29246.24,Credit Card,Pending,Same Day,STORE008,Pune,EMP0025,Kavya Kumar
TXN0000140,2024-09-07,CUST00140,Arjun Kumar,+91 9826436545,Male,30,East,Regular,PROD0080,Football 1444,BrandA,Sports,Limited Edition,Sale,10,₹42142.34,5,₹421423.40,₹400352.23,Credit Card,Cancelled,Pickup,STORE006,Pune,EMP0025,Vikram Gupta
TXN0000141,2024-04-12,CUST00141,Sneha Joshi,+91 9606664309,Other,54,North,Premium,PROD0385,Gym Equipment 7882,BrandE,Sports,New,Limited Edition,4,₹33516.56,30,₹134066.24,₹93846.37,Net Banking,Refunded,Pickup,STORE016,Hyderabad,EMP0036,Amit Joshi
TXN0000142,2024-04-18,CUST00142,Rohit Sharma,+91 9184670399,Other,26,North,VIP,PROD0215,Kitchenware 1157,BrandA,Home & Living,Premium,Popular,8,₹18240.60,9,₹145924.80,₹132791.57,UPI,Cancelled,Standard,STORE001,Kolkata,EMP0012,Sneha Kumar
TXN0000143,2024-08-10,CUST00143,Vikram Verma,+91 9587701838,Male,20,East,VIP,PROD0431,Textbook 4286,BrandA,Books,Sale,New,7,₹11440.49,1,₹80083.43,₹79282.60,Wallet,Cancelled,Express,STORE013,Delhi,EMP0014,Arjun Agarwal
TXN0000144,2024-03-21,CUST00144,Kavya Joshi,+91 9648582577,Female,52,South,VIP,PROD0321,Jeans 3231,BrandC,Clothing,Sale,Premium,7,₹9133.79,23,₹63936.53,₹49231.13,Debit Card,Refunded,Same Day,STORE002,Bangalore,EMP0023,Rohit Verma
TXN0000145,2024-07-15,CUST00145,Raj Singh,+91 9770055129,Other,44,South,Premium,PROD0234,Furniture 191,BrandA,Home & Living,Premium,Popular,6,₹44043.87,25,₹264263.22,₹198197.42,UPI,Refunded,Same Day,STORE020,Pune,EMP0031,Arjun Reddy
TXN0000146,2024-04-02,CUST00146,Meera Sharma,+91 9831569337,Female,38,East,Premium,PROD0227,Tablet 5640,BrandB,Electronics,Limited Edition,Limited Edition,5,₹37621.43,16,₹188107.15,₹158010.01,Debit Card,Pending,Pickup,STORE007,Kolkata,EMP0040,Rohit Yadav
TXN0000147,2023-07-16,CUST00147,Raj Yadav,+91 9845419796,Female,52,South,Regular,PROD0327,Gym Equipment 9372,BrandB,Sports,Sale,Popular,9,₹46261.79,28,₹416356.11,₹299776.40,Debit Card,Completed,Pickup,STORE004,Delhi,EMP0016,Rohit Singh
TXN0000148,2024-09-06,CUST00148,Raj Gupta,+91 9295228504,Other,45,North,VIP,PROD0194,Kitchenware 2875,BrandC,Home & Living,Limited Edition,Limited Edition,8,₹33734.73,20,₹269877.84,₹215902.27,Net Banking,Cancelled,Same Day,STORE003,Mumbai,EMP0033,Arjun Reddy
TXN0000149,2024-12-23,CUST00149,Raj Kumar,+91 9965441428,Male,53,East,Regular,PROD0374,Yoga Mat 3327,BrandA,Sports,Sale,New,7,₹16008.71,29,₹112060.97,₹79563.29,Debit Card,Completed,Pickup,STORE009,Hyderabad,EMP0010,Raj Patel
TXN0000150,2023-07-30,CUST00150,Amit Yadav,+91 9120416358,Female,26,South,Premium,PROD0228,Kitchenware 9451,BrandC,Home & Living,Eco-Friendly,New,6,₹37625.14,8,₹225750.84,₹207690.77,UPI,Completed,Express,STORE005,Delhi,EMP0029,Priya Kumar
TXN0000151,2024-05-13,CUST00151,Arjun Sharma,+91 9346415231,Male,68,Central,VIP,PROD0438,Snacks 6887,BrandA,Food,Sale,Eco-Friendly,4,₹6782.46,24,₹27129.84,₹20618.68,UPI,Completed,Express,STORE006,Hyderabad,EMP0040,Vikram Sharma
TXN0000152,2024-10-02,CUST00152,Meera Singh,+91 9083872873,Male,44,Central,Premium,PROD0024,Cookbook 7239,BrandE,Books,Sale,Limited Edition,9,₹44796.70,14,₹403170.30,₹346726.46,Cash,Refunded,Express,STORE005,Bangalore,EMP0031,Vikram Sharma
TXN0000153,2023-12-30,CUST00153,Sneha Yadav,+91 9577154190,Other,35,North,Premium,PROD0397,Beverages 6738,BrandA,Food,Limited Edition,Premium,1,₹5597.02,5,₹5597.02,₹5317.17,UPI,Cancelled,Pickup,STORE006,Delhi,EMP0015,Arjun Sharma
TXN0000154,2023-10-11,CUST00154,Meera Singh,+91 9401614766,Female,64,South,Premium,PROD0364,Cosmetics 3270,BrandC,Beauty,New,Limited Edition,2,₹2484.33,25,₹4968.66,₹3726.49,Cash,Completed,Pickup,STORE017,Delhi,EMP0028,Meera Yadav
TXN0000155,2023-06-22,CUST00155,Meera Gupta,+91 9776969705,Other,62,West,VIP,PROD0377,Textbook 2615,BrandE,Books,Popular,Sale,4,₹26155.37,12,₹104621.48,₹92066.90,Wallet,Completed,Pickup,STORE009,Mumbai,EMP0011,Amit Reddy
TXN0000156,2023-08-03,CUST00156,Rohit Verma,+91 9796832862,Other,50,East,Premium,PROD0062,Jeans 970,BrandB,Clothing,New,New,1,₹39663.44,28,₹39663.44,₹28557.68,Cash,Refunded,Standard,STORE017,Delhi,EMP0046,Anjali Agarwal
TXN0000157,2024-10-16,CUST00157,Sneha Singh,+91 9643649059,Male,18,Central,Regular,PROD0011,Football 6794,BrandB,Sports,Eco-Friendly,Eco-Friendly,6,₹36108.56,30,₹216651.36,₹151655.95,UPI,Cancelled,Same Day,STORE004,Hyderabad,EMP0042,Meera Singh
TXN0000158,2023-12-03,CUST00158,Raj Kumar,+91 9639190907,Other,21,East,Premium,PROD0227,Football 621,BrandE,Sports,Popular,Premium,10,₹28245.22,0,₹282452.20,₹282452.20,Wallet,Pending,Express,STORE005,Hyderabad,EMP0040,Vikram Agarwal
TXN0000159,2024-05-17,CUST00159,Anjali Sharma,+91 9098541452,Female,46,West,Premium,PROD0373,Football 9392,BrandD,Sports,Premium,Eco-Friendly,6,₹27049.73,1,₹162298.38,₹160675.40,Credit Card,Refunded,Same Day,STORE005,Bangalore,EMP0047,Kavya Agarwal
TXN0000160,2024-03-13,CUST00160,Raj Agarwal,+91 9361751038,Other,40,North,Regular,PROD0468,Bedding 7076,BrandA,Home & Living,New,Premium,7,₹11976.71,1,₹83836.97,₹82998.60,Net Banking,Completed,Express,STORE010,Bangalore,EMP0023,Sneha Joshi
TXN0000161,2024-09-16,CUST00161,Sneha Agarwal,+91 9764970946,Other,41,East,Premium,PROD0413,Lighting 3795,BrandD,Home & Living,Eco-Friendly,Popular,10,₹47084.01,30,₹470840.10,₹329588.07,Cash,Pending,Express,STORE004,Chennai,EMP0045,Kavya Singh
TXN0000162,2023-03-08,CUST00162,Meera Reddy,+91 9491924201,Male,34,Central,Premium,PROD0091,Perfume 1758,BrandD,Beauty,Popular,New,5,₹20311.26,7,₹101556.30,₹94447.36,Wallet,Cancelled,Standard,STORE016,Chennai,EMP0033,Sneha Yadav
TXN0000163,2024-04-09,CUST00163,Amit Yadav,+91 9748420650,Female,69,Central,VIP,PROD0281,Bedding 1293,BrandD,Home & Living,Eco-Friendly,New,9,₹48358.80,13,₹435229.20,₹378649.40,Debit Card,Refunded,Same Day,STORE012,Delhi,EMP0009,Kavya Patel
TXN0000164,2024-03-14,CUST00164,Priya Gupta,+91 9886779632,Female,68,North,Premium,PROD0231,Lighting 2270,BrandE,Home & Living,Premium,Eco-Friendly,8,₹29421.59,5,₹235372.72,₹223604.08,Debit Card,Cancelled,Express,STORE019,Bangalore,EMP0025,Anjali Sharma
TXN0000165,2024-01-10,CUST00165,Meera Yadav,+91 9824449980,Female,42,South,Premium,PROD0073,Bedding 322,BrandA,Home & Living,Premium,Eco-Friendly,8,₹30140.60,5,₹241124.80,₹229068.56,Credit Card,Cancelled,Standard,STORE020,Kolkata,EMP0046,Anjali Sharma
TXN0000166,2023-05-09,CUST00166,Rohit Reddy,+91 9476313282,Male,61,East,Regular,PROD0433,Haircare 7336,BrandB,Beauty,New,Premium,2,₹9650.80,29,₹19301.60,₹13704.14,Net Banking,Completed,Same Day,STORE009,Delhi,EMP0037,Rohit Agarwal
TXN0000167,2024-09-04,CUST00167,Rohit Reddy,+91 9218477384,Male,39,North,Regular,PROD0479,Smartphone 9155,BrandC,Electronics,New,Sale,10,₹40185.44,12,₹401854.40,₹353631.87,UPI,Cancelled,Pickup,STORE006,Hyderabad,EMP0016,Raj Joshi
TXN0000168,2023-05-03,CUST00168,Meera Patel,+91 9355637494,Male,29,South,Premium,PROD0296,Biography 2810,BrandC,Books,Eco-Friendly,Premium,6,₹2591.03,6,₹15546.18,₹14613.41,Net Banking,Completed,Standard,STORE018,Chennai,EMP0014,Sneha Verma
TXN0000169,2023-10-04,CUST00169,Vikram Agarwal,+91 9402201522,Female,62,East,Premium,PROD0240,Haircare 1444,BrandC,Beauty,Limited Edition,Limited Edition,6,₹40688.55,19,₹244131.30,₹197746.35,UPI,Pending,Same Day,STORE013,Bangalore,EMP0020,Kavya Verma
TXN0000170,2023-01-12,CUST00170,Rohit Agarwal,+91 9943420021,Male,47,Central,Premium,PROD0235,Biography 1551,BrandC,Books,Popular,New,9,₹26834.52,14,₹241510.68,₹207699.18,Net Banking,Completed,Pickup,STORE012,Delhi,EMP0039,Vikram Agarwal
TXN0000171,2023-06-18,CUST00171,Amit Sharma,+91 9061032667,Male,33,West,Premium,PROD0482,Groceries 2042,BrandC,Food,Popular,New,3,₹3077.50,2,₹9232.50,₹9047.85,Wallet,Refunded,Express,STORE018,Chennai,EMP0028,Amit Reddy
TXN0000172,2024-12-24,CUST00172,Sneha Reddy,+91 9684081203,Female,69,West,Regular,PROD0129,Football 5296,BrandB,Sports,New,New,7,₹35669.84,24,₹249688.88,₹189763.55,Net Banking,Completed,Same Day,STORE009,Chennai,EMP0017,Vikram Reddy
TXN0000173,2024-05-31,CUST00173,Vikram Agarwal,+91 9096543385,Other,69,East,Premium,PROD0069,Smartphone 6907,BrandA,Electronics,Sale,Popular,2,₹9400.69,30,₹18801.38,₹13160.97,Credit Card,Cancelled,Express,STORE005,Chennai,EMP0022,Vikram Yadav
TXN0000174,2024-03-04,CUST00174,Priya Agarwal,+91 9368928632,Female,44,South,VIP,PROD0398,Groceries 1311,BrandC,Food,Limited Edition,Premium,8,₹10893.67,30,₹87149.36,₹61004.55,UPI,Completed,Standard,STORE003,Mumbai,EMP0042,Raj Agarwal
TXN0000175,2023-11-15,CUST00175,Meera Yadav,+91 9280897764,Female,29,East,Regular,PROD0364,Biography 3034,BrandC,Books,Popular,Eco-Friendly,5,₹24455.90,13,₹122279.50,₹106383.16,Net Banking,Cancelled,Same Day,STORE018,Kolkata,EMP0045,Arjun Singh
TXN0000176,2024-08-07,CUST00176,Kavya Verma,+91 9182910614,Female,60,South,VIP,PROD0149,Shirt 7036,BrandC,Clothing,Sale,New,2,₹11604.03,26,₹23208.06,₹17173.96,Credit Card,Refunded,Express,STORE008,Kolkata,EMP0050,Priya Patel
TXN0000177,2024-12-24,CUST00177,Sneha Gupta,+91 9850815292,Male,23,North,Regular,PROD0031,Cricket Bat 1745,BrandC,Sports,Premium,Popular,7,₹29104.86,3,₹203734.02,₹197622.00,Wallet,Cancelled,Same Day,STORE009,Bangalore,EMP0003,Amit Gupta
TXN0000178,2023-06-06,CUST00178,Arjun Singh,+91 9699511909,Male,47,South,VIP,PROD0058,Yoga Mat 635,BrandA,Sports,Eco-Friendly,Premium,4,₹28003.91,3,₹112015.64,₹108655.17,Credit Card,Completed,Same Day,STORE005,Delhi,EMP0030,Sneha Patel
TXN0000179,2024-04-07,CUST00179,Arjun Singh,+91 9965009622,Other,21,North,Premium,PROD0062,Laptop 4860,BrandB,Electronics,Premium,Eco-Friendly,4,₹19196.95,21,₹76787.80,₹60662.36,Net Banking,Refunded,Standard,STORE015,Bangalore,EMP0004,Vikram Kumar
TXN0000180,2024-01-01,CUST00180,Meera Reddy,+91 9798952927,Female,49,East,Regular,PROD0420,Cricket Bat 8379,BrandA,Sports,Limited Edition,Popular,8,₹7270.55,1,₹58164.40,₹57582.76,Debit Card,Refunded,Same Day,STORE001,Mumbai,EMP0008,Vikram Gupta
TXN0000181,2023-12-16,CUST00181,Vikram Yadav,+91 9666361602,Other,69,East,Premium,PROD0269,Perfume 1967,BrandB,Beauty,New,New,10,₹38726.67,30,₹387266.70,₹271086.69,Debit Card,Pending,Same Day,STORE017,Kolkata,EMP0010,Priya Verma
TXN0000182,2023-05-19,CUST00182,Amit Agarwal,+91 9091088988,Other,45,North,VIP,PROD0026,Makeup 871,BrandA,Beauty,Limited Edition,Popular,2,₹31187.94,22,₹62375.88,₹48653.19,Credit Card,Completed,Pickup,STORE015,Pune,EMP0046,Meera Patel
TXN0000183,2024-10-28,CUST00183,Vikram Yadav,+91 9970318317,Male,33,East,Premium,PROD0372,Perfume 3444,BrandB,Beauty,New,Sale,9,₹28936.76,15,₹260430.84,₹221366.21,Cash,Refunded,Standard,STORE015,Kolkata,EMP0029,Kavya Gupta
TXN0000184,2024-07-14,CUST00184,Meera Patel,+91 9127394066,Female,61,South,VIP,PROD0460,Beverages 7233,BrandE,Food,New,Limited Edition,1,₹25721.18,9,₹25721.18,₹23406.27,Cash,Pending,Pickup,STORE015,Delhi,EMP0023,Amit Singh
TXN0000185,2024-10-03,CUST00185,Raj Patel,+91 9781320072,Male,49,South,Regular,PROD0500,Jeans 9823,BrandB,Clothing,Premium,Limited Edition,8,₹16827.04,13,₹134616.32,₹117116.20,Debit Card,Completed,Pickup,STORE006,Chennai,EMP0027,Arjun Reddy
TXN0000186,2023-02-26,CUST00186,Raj Reddy,+91 9514330422,Other,58,South,Premium,PROD0164,Football 9590,BrandE,Sports,New,Sale,3,₹21110.07,17,₹63330.21,₹52564.07,Net Banking,Cancelled,Standard,STORE001,Bangalore,EMP0008,Meera Verma
TXN0000187,2024-08-28,CUST00187,Anjali Sharma,+91 9137600501,Other,37,West,VIP,PROD0339,Groceries 6347,BrandB,Food,Premium,Eco-Friendly,5,₹37164.94,2,₹185824.70,₹182108.21,Wallet,Pending,Same Day,STORE001,Chennai,EMP0014,Meera Agarwal
TXN0000188,2023-05-15,CUST00188,Raj Reddy,+91 9124249153,Male,22,West,Regular,PROD0370,Yoga Mat 2672,BrandB,Sports,New,Limited Edition,5,₹14909.99,5,₹74549.95,₹70822.45,Credit Card,Cancelled,Express,STORE018,Bangalore,EMP0011,Priya Reddy
TXN0000189,2023-05-10,CUST00189,Meera Singh,+91 9529905570,Male,49,Central,VIP,PROD0258,Yoga Mat 1651,BrandE,Sports,Limited Edition,Sale,7,₹12126.11,8,₹84882.77,₹78092.15,UPI,Refunded,Pickup,STORE009,Pune,EMP0023,Rohit Joshi
TXN0000190,2023-03-30,CUST00190,Amit Kumar,+91 9168999237,Other,55,North,Regular,PROD0493,Yoga Mat 1448,BrandA,Sports,Limited Edition,New,4,₹32933.59,5,₹131734.36,₹125147.64,Credit Card,Completed,Same Day,STORE003,Hyderabad,EMP0020,Anjali Gupta
TXN0000191,2023-05-20,CUST00191,Sneha Kumar,+91 9299052974,Female,53,Central,Premium,PROD0417,Snacks 263,BrandC,Food,Eco-Friendly,Popular,5,₹45668.07,20,₹228340.35,₹182672.28,Debit Card,Pending,Pickup,STORE005,Bangalore,EMP0033,Kavya Agarwal
TXN0000192,2024-03-12,CUST00192,Rohit Singh,+91 9390187682,Female,57,South,Premium,PROD0467,Cosmetics 2744,BrandC,Beauty,Popular,New,4,₹44685.05,5,₹178740.20,₹169803.19,Debit Card,Refunded,Express,STORE015,Pune,EMP0008,Kavya Verma
TXN0000193,2024-02-03,CUST00193,Kavya Reddy,+91 9397044911,Female,39,West,Premium,PROD0237,Smartphone 4033,BrandC,Electronics,Limited Edition,Popular,7,₹45805.29,24,₹320637.03,₹243684.14,Net Banking,Completed,Pickup,STORE017,Chennai,EMP0022,Arjun Gupta
TXN0000194,2023-02-15,CUST00194,Raj Gupta,+91 9919393131,Male,28,Central,Premium,PROD0309,Perfume 109,BrandC,Beauty,New,Popular,1,₹27496.13,0,₹27496.13,₹27496.13,Wallet,Cancelled,Standard,STORE006,Pune,EMP0022,Kavya Patel
TXN0000195,2024-02-13,CUST00195,Anjali Singh,+91 9009402368,Other,18,South,Regular,PROD0442,Cricket Bat 4960,BrandC,Sports,Eco-Friendly,Limited Edition,6,₹30558.85,9,₹183353.10,₹166851.32,UPI,Completed,Express,STORE005,Bangalore,EMP0004,Sneha Yadav
TXN0000196,2023-03-22,CUST00196,Sneha Reddy,+91 9078594171,Female,44,East,Regular,PROD0057,Bedding 7728,BrandC,Home & Living,Sale,Premium,2,₹40049.23,23,₹80098.46,₹61675.81,UPI,Pending,Pickup,STORE011,Pune,EMP0019,Raj Joshi
TXN0000197,2023-03-24,CUST00197,Vikram Kumar,+91 9778769081,Female,27,East,Premium,PROD0341,Smartphone 7488,BrandD,Electronics,Sale,Popular,10,₹34737.33,26,₹347373.30,₹257056.24,Debit Card,Cancelled,Pickup,STORE006,Mumbai,EMP0023,Raj Verma
TXN0000198,2023-02-04,CUST00198,Anjali Kumar,+91 9573580066,Male,37,East,Premium,PROD0364,Skincare 8686,BrandD,Beauty,Eco-Friendly,New,7,₹32647.26,1,₹228530.82,₹226245.51,Credit Card,Pending,Standard,STORE008,Pune,EMP0027,Raj Joshi
TXN0000199,2024-02-21,CUST00199,Kavya Kumar,+91 9732010746,Male,27,East,Premium,PROD0216,Smartwatch 2710,BrandD,Electronics,Limited Edition,Popular,7,₹46287.31,20,₹324011.17,₹259208.94,Credit Card,Completed,Express,STORE013,Chennai,EMP0006,Arjun Yadav
TXN0000200,2023-01-30,CUST00200,Arjun Agarwal,+91 9209614661,Other,33,East,Regular,PROD0042,Yoga Mat 7421,BrandB,Sports,Sale,Sale,5,₹26405.22,2,₹132026.10,₹129385.58,Net Banking,Completed,Express,STORE012,Kolkata,EMP0038,Amit Agarwal
TXN0000201,2024-06-02,CUST00201,Amit Singh,+91 9029788659,Other,54,North,Regular,PROD0141,Jeans 1410,BrandC,Clothing,Limited Edition,New,9,₹11832.96,14,₹106496.64,₹91587.11,Debit Card,Refunded,Pickup,STORE020,Bangalore,EMP0013,Sneha Kumar
TXN0000202,2024-08-03,CUST00202,Meera Yadav,+91 9460160859,Other,58,East,Regular,PROD0289,T-Shirt 9799,BrandB,Clothing,Popular,Popular,6,₹966.20,17,₹5797.20,₹4811.68,Net Banking,Refunded,Express,STORE017,Delhi,EMP0024,Amit Yadav
TXN0000203,2024-05-27,CUST00203,Vikram Kumar,+91 9677491142,Female,37,North,Premium,PROD0497,Skincare 1906,BrandD,Beauty,Sale,Premium,10,₹44506.79,14,₹445067.90,₹382758.39,Wallet,Pending,Pickup,STORE003,Bangalore,EMP0035,Vikram Joshi
TXN0000204,2024-12-23,CUST00204,Meera Reddy,+91 9568283888,Male,40,West,VIP,PROD0042,Cookbook 5745,BrandD,Books,Sale,Limited Edition,1,₹28443.16,18,₹28443.16,₹23323.39,Wallet,Completed,Standard,STORE002,Pune,EMP0033,Sneha Yadav
TXN0000205,2024-10-16,CUST00205,Sneha Sharma,+91 9839659300,Male,23,South,VIP,PROD0057,Dairy 9785,BrandD,Food,Limited Edition,Popular,9,₹21119.75,26,₹190077.75,₹140657.54,UPI,Completed,Express,STORE017,Mumbai,EMP0047,Anjali Agarwal
TXN0000206,2024-03-05,CUST00206,Vikram Sharma,+91 9344004411,Other,63,East,Regular,PROD0345,Headphones 4243,BrandE,Electronics,New,Sale,5,₹47407.80,21,₹237039.00,₹187260.81,UPI,Completed,Pickup,STORE012,Pune,EMP0030,Sneha Yadav
TXN0000207,2024-06-29,CUST00207,Amit Kumar,+91 9919605921,Male,44,East,Premium,PROD0113,Tablet 9463,BrandE,Electronics,Popular,Sale,1,₹21743.68,23,₹21743.68,₹16742.63,Cash,Completed,Same Day,STORE015,Kolkata,EMP0031,Vikram Patel
TXN0000208,2024-09-21,CUST00208,Vikram Verma,+91 9931459205,Male,41,Central,VIP,PROD0434,Biography 5186,BrandB,Books,New,Premium,5,₹20972.20,8,₹104861.00,₹96472.12,Debit Card,Refunded,Same Day,STORE015,Bangalore,EMP0034,Arjun Joshi
TXN0000209,2023-11-27,CUST00209,Rohit Singh,+91 9303968870,Male,25,South,Regular,PROD0257,Biography 1212,BrandE,Books,Sale,Sale,9,₹30553.15,4,₹274978.35,₹263979.22,UPI,Cancelled,Pickup,STORE015,Mumbai,EMP0006,Sneha Verma
TXN0000210,2024-07-01,CUST00210,Amit Joshi,+91 9333292099,Other,58,Central,Regular,PROD0228,Beverages 9807,BrandA,Food,Premium,Limited Edition,10,₹35470.44,17,₹354704.40,₹294404.65,UPI,Pending,Pickup,STORE005,Kolkata,EMP0025,Priya Singh
TXN0000211,2024-10-14,CUST00211,Priya Patel,+91 9276068726,Female,49,Central,Premium,PROD0317,Laptop 6712,BrandE,Electronics,Sale,Premium,4,₹42189.77,26,₹168759.08,₹124881.72,Cash,Pending,Same Day,STORE010,Kolkata,EMP0023,Amit Patel
TXN0000212,2023-09-29,CUST00212,Anjali Reddy,+91 9451630489,Female,35,Central,Premium,PROD0034,Lighting 8101,BrandD,Home & Living,Popular,Popular,9,₹6690.79,15,₹60217.11,₹51184.54,Credit Card,Completed,Pickup,STORE011,Hyderabad,EMP0016,Sneha Sharma
TXN0000213,2024-03-12,CUST00213,Vikram Patel,+91 9500043853,Female,52,Central,Premium,PROD0192,Furniture 465,BrandE,Home & Living,Eco-Friendly,Limited Edition,5,₹31540.54,9,₹157702.70,₹143509.46,Cash,Cancelled,Standard,STORE003,Pune,EMP0015,Arjun Reddy
TXN0000214,2024-03-14,CUST00214,Meera Verma,+91 9444997094,Female,40,North,VIP,PROD0459,Decor 1984,BrandC,Home & Living,Popular,Premium,3,₹28545.07,4,₹85635.21,₹82209.80,Debit Card,Completed,Same Day,STORE003,Chennai,EMP0045,Sneha Sharma
TXN0000215,2024-02-28,CUST00215,Vikram Reddy,+91 9184728219,Female,19,South,Premium,PROD0179,Gym Equipment 1074,BrandD,Sports,Limited Edition,Sale,2,₹26442.40,3,₹52884.80,₹51298.26,Credit Card,Refunded,Pickup,STORE018,Delhi,EMP0013,Amit Sharma
TXN0000216,2024-07-16,CUST00216,Raj Yadav,+91 9638239885,Other,63,South,Regular,PROD0058,Laptop 7457,BrandC,Electronics,Premium,Eco-Friendly,5,₹12951.40,6,₹64757.00,₹60871.58,Credit Card,Refunded,Same Day,STORE004,Delhi,EMP0032,Kavya Gupta
TXN0000217,2023-08-01,CUST00217,Vikram Patel,+91 9498487735,Male,35,Central,Premium,PROD0192,Smartwatch 4044,BrandB,Electronics,Limited Edition,Premium,2,₹41049.76,25,₹82099.52,₹61574.64,Cash,Cancelled,Pickup,STORE017,Bangalore,EMP0013,Meera Yadav
TXN0000218,2023-07-10,CUST00218,Amit Reddy,+91 9235427828,Other,62,Central,Regular,PROD0295,Jacket 2433,BrandD,Clothing,Eco-Friendly,Limited Edition,3,₹28383.54,25,₹85150.62,₹63862.96,UPI,Refunded,Same Day,STORE003,Delhi,EMP0001,Rohit Kumar
TXN0000219,2023-11-07,CUST00219,Arjun Yadav,+91 9747577290,Male,63,Central,Regular,PROD0131,Perfume 9508,BrandD,Beauty,Popular,Eco-Friendly,3,₹19818.39,16,₹59455.17,₹49942.34,Net Banking,Completed,Standard,STORE003,Delhi,EMP0031,Meera Reddy
TXN0000220,2023-03-27,CUST00220,Priya Sharma,+91 9151087707,Female,33,West,VIP,PROD0435,Smartwatch 748,BrandC,Electronics,Limited Edition,New,10,₹10612.49,30,₹106124.90,₹74287.43,Wallet,Cancelled,Standard,STORE020,Mumbai,EMP0008,Sneha Kumar
TXN0000221,2023-12-30,CUST00221,Amit Verma,+91 9733907954,Female,34,North,VIP,PROD0066,Football 6170,BrandB,Sports,Premium,Sale,7,₹1170.48,28,₹8193.36,₹5899.22,Credit Card,Refunded,Same Day,STORE019,Chennai,EMP0018,Vikram Gupta
TXN0000222,2024-10-03,CUST00222,Anjali Singh,+91 9617746386,Male,19,East,Regular,PROD0050,Makeup 6961,BrandD,Beauty,New,Eco-Friendly,4,₹34696.56,16,₹138786.24,₹116580.44,Net Banking,Refunded,Express,STORE017,Chennai,EMP0049,Priya Gupta
TXN0000223,2023-11-06,CUST00223,Anjali Singh,+91 9125386470,Other,40,West,Regular,PROD0274,Kitchenware 2695,BrandD,Home & Living,Premium,Premium,9,₹596.69,22,₹5370.21,₹4188.76,Cash,Pending,Express,STORE014,Delhi,EMP0016,Sneha Singh
TXN0000224,2023-01-08,CUST00224,Vikram Reddy,+91 9512389579,Other,18,East,Premium,PROD0088,Dress 1807,BrandA,Clothing,Popular,New,8,₹27307.75,23,₹218462.00,₹168215.74,Cash,Pending,Standard,STORE013,Chennai,EMP0036,Meera Reddy
TXN0000225,2023-08-02,CUST00225,Kavya Verma,+91 9191852142,Female,67,South,VIP,PROD0208,Dress 7252,BrandC,Clothing,Eco-Friendly,Popular,10,₹43930.72,5,₹439307.20,₹417341.84,Credit Card,Refunded,Same Day,STORE015,Delhi,EMP0035,Rohit Agarwal
TXN0000226,2023-11-19,CUST00226,Arjun Verma,+91 9749611728,Male,23,West,VIP,PROD0380,Jeans 7757,BrandD,Clothing,Eco-Friendly,Sale,2,₹24932.47,13,₹49864.94,₹43382.50,Net Banking,Refunded,Same Day,STORE004,Chennai,EMP0018,Raj Patel
TXN0000227,2023-09-16,CUST00227,Meera Reddy,+91 9124406018,Other,54,East,Premium,PROD0109,Cricket Bat 948,BrandB,Sports,Sale,Premium,2,₹22180.16,7,₹44360.32,₹41255.10,Cash,Pending,Standard,STORE010,Delhi,EMP0039,Anjali Sharma
TXN0000228,2024-03-24,CUST00228,Anjali Reddy,+91 9459557437,Other,23,South,Premium,PROD0146,Decor 8062,BrandA,Home & Living,Eco-Friendly,Eco-Friendly,10,₹47247.58,5,₹472475.80,₹448852.01,Cash,Pending,Pickup,STORE003,Kolkata,EMP0026,Anjali Patel
TXN0000229,2024-09-23,CUST00229,Kavya Kumar,+91 9987915877,Female,45,East,Regular,PROD0100,Perfume 6998,BrandA,Beauty,Sale,Eco-Friendly,3,₹15861.05,6,₹47583.15,₹44728.16,Debit Card,Pending,Pickup,STORE013,Hyderabad,EMP0027,Arjun Patel
TXN0000230,2024-10-26,CUST00230,Kavya Agarwal,+91 9859259435,Male,50,West,VIP,PROD0401,Haircare 4495,BrandC,Beauty,Popular,New,10,₹11485.74,4,₹114857.40,₹110263.10,Credit Card,Cancelled,Standard,STORE014,Hyderabad,EMP0012,Rohit Agarwal
TXN0000231,2023-03-13,CUST00231,Kavya Verma,+91 9961102200,Female,62,Central,Premium,PROD0112,Novel 2727,BrandD,Books,Popular,Sale,7,₹21510.15,18,₹150571.05,₹123468.26,Net Banking,Completed,Pickup,STORE006,Chennai,EMP0029,Sneha Kumar
TXN0000232,2023-08-01,CUST00232,Meera Kumar,+91 9153272747,Male,23,North,VIP,PROD0031,Headphones 3974,BrandD,Electronics,Premium,Premium,3,₹41721.16,25,₹125163.48,₹93872.61,Credit Card,Pending,Standard,STORE014,Hyderabad,EMP0007,Rohit Yadav
TXN0000233,2024-06-07,CUST00233,Kavya Kumar,+91 9800754338,Female,63,Central,Premium,PROD0461,Football 7897,BrandE,Sports,New,Limited Edition,1,₹13647.20,17,₹13647.20,₹11327.18,Net Banking,Refunded,Standard,STORE014,Pune,EMP0026,Kavya Sharma
TXN0000234,2024-02-27,CUST00234,Meera Gupta,+91 9572913891,Other,70,South,VIP,PROD0197,Football 4220,BrandA,Sports,Eco-Friendly,Premium,6,₹49002.54,24,₹294015.24,₹223451.58,UPI,Pending,Pickup,STORE005,Mumbai,EMP0019,Raj Reddy
TXN0000235,2023-02-07,CUST00235,Rohit Kumar,+91 9580513156,Male,41,North,Regular,PROD0174,Biography 2601,BrandB,Books,Eco-Friendly,Eco-Friendly,3,₹20405.96,14,₹61217.88,₹52647.38,Cash,Refunded,Pickup,STORE006,Kolkata,EMP0016,Amit Kumar
TXN0000236,2023-05-21,CUST00236,Sneha Yadav,+91 9135434964,Male,40,East,VIP,PROD0299,Frozen Food 4317,BrandD,Food,New,Eco-Friendly,3,₹13600.64,22,₹40801.92,₹31825.50,Cash,Cancelled,Standard,STORE012,Pune,EMP0027,Sneha Kumar
TXN0000237,2023-04-30,CUST00237,Arjun Joshi,+91 9845053307,Male,61,East,VIP,PROD0445,Smartwatch 5265,BrandC,Electronics,Premium,New,6,₹31553.01,24,₹189318.06,₹143881.73,Debit Card,Cancelled,Standard,STORE011,Mumbai,EMP0006,Rohit Yadav
TXN0000238,2023-12-26,CUST00238,Kavya Reddy,+91 9766377653,Other,59,East,Regular,PROD0121,Cricket Bat 7777,BrandE,Sports,Sale,Sale,8,₹37017.69,28,₹296141.52,₹213221.89,Debit Card,Pending,Standard,STORE014,Delhi,EMP0028,Raj Reddy
TXN0000239,2023-11-15,CUST00239,Vikram Patel,+91 9123863131,Other,57,Central,Regular,PROD0153,Novel 6956,BrandC,Books,Popular,New,10,₹3368.02,15,₹33680.20,₹28628.17,UPI,Cancelled,Standard,STORE005,Chennai,EMP0031,Sneha Sharma
TXN0000240,2023-11-06,CUST00240,Sneha Agarwal,+91 9344076273,Other,44,West,Regular,PROD0328,Snacks 1686,BrandE,Food,New,Sale,6,₹31907.23,23,₹191443.38,₹147411.40,Cash,Completed,Express,STORE018,Pune,EMP0034,Sneha Verma
TXN0000241,2024-11-04,CUST00241,Arjun Verma,+91 9901813348,Male,42,Central,Regular,PROD0138,T-Shirt 9505,BrandB,Clothing,Premium,Sale,6,₹35955.07,12,₹215730.42,₹189842.77,Cash,Refunded,Pickup,STORE017,Chennai,EMP0008,Amit Verma
TXN0000242,2023-05-14,CUST00242,Anjali Yadav,+91 9849005316,Female,18,East,Regular,PROD0179,Skincare 6956,BrandB,Beauty,Sale,Premium,9,₹46413.31,11,₹417719.79,₹371770.61,UPI,Cancelled,Pickup,STORE018,Pune,EMP0003,Arjun Reddy
TXN0000243,2024-10-09,CUST00243,Rohit Kumar,+91 9060054250,Other,39,South,Premium,PROD0442,Laptop 2834,BrandE,Electronics,Popular,Premium,9,₹11555.75,26,₹104001.75,₹76961.29,UPI,Cancelled,Standard,STORE006,Pune,EMP0027,Rohit Gupta
TXN0000244,2023-05-20,CUST00244,Priya Singh,+91 9104215069,Other,44,South,VIP,PROD0356,Comic 7276,BrandD,Books,Eco-Friendly,Popular,1,₹2672.56,13,₹2672.56,₹2325.13,UPI,Refunded,Standard,STORE011,Pune,EMP0038,Meera Sharma
TXN0000245,2023-08-11,CUST00245,Arjun Singh,+91 9245305861,Male,30,North,VIP,PROD0490,Kitchenware 9643,BrandD,Home & Living,Eco-Friendly,Eco-Friendly,7,₹20433.98,16,₹143037.86,₹120151.80,Cash,Refunded,Same Day,STORE012,Bangalore,EMP0041,Kavya Verma
TXN0000246,2024-11-29,CUST00246,Sneha Reddy,+91 9274463253,Female,36,South,Regular,PROD0298,Football 2324,BrandA,Sports,Sale,Limited Edition,1,₹27933.42,19,₹27933.42,₹22626.07,Cash,Pending,Pickup,STORE015,Chennai,EMP0049,Raj Joshi
TXN0000247,2023-10-04,CUST00247,Amit Yadav,+91 9385604838,Female,21,East,Premium,PROD0420,Smartphone 8735,BrandA,Electronics,Popular,Popular,3,₹48885.35,8,₹146656.05,₹134923.57,Cash,Pending,Standard,STORE016,Pune,EMP0024,Rohit Gupta
TXN0000248,2024-10-17,CUST00248,Priya Verma,+91 9309550631,Male,48,South,Premium,PROD0149,T-Shirt 3290,BrandB,Clothing,Popular,Limited Edition,9,₹27528.52,10,₹247756.68,₹222981.01,Cash,Cancelled,Standard,STORE011,Mumbai,EMP0021,Vikram Gupta
TXN0000249,2024-02-25,CUST00249,Kavya Yadav,+91 9942752698,Female,36,Central,Premium,PROD0203,T-Shirt 1759,BrandA,Clothing,Limited Edition,Popular,7,₹30735.30,12,₹215147.10,₹189329.45,UPI,Completed,Same Day,STORE002,Delhi,EMP0031,Kavya Joshi
TXN0000250,2024-11-10,CUST00250,Anjali Sharma,+91 9926985667,Other,27,East,Premium,PROD0082,Dress 8504,BrandC,Clothing,Popular,Popular,9,₹20099.46,26,₹180895.14,₹133862.40,Wallet,Pending,Same Day,STORE005,Hyderabad,EMP0014,Rohit Kumar
TXN0000251,2024-11-25,CUST00251,Rohit Kumar,+91 9676687959,Male,22,South,Regular,PROD0033,Groceries 9757,BrandA,Food,Popular,Eco-Friendly,8,₹9068.07,5,₹72544.56,₹68917.33,Wallet,Pending,Express,STORE010,Kolkata,EMP0003,Amit Kumar
TXN0000252,2024-01-11,CUST00252,Arjun Singh,+91 9536750346,Other,55,Central,VIP,PROD0264,Snacks 958,BrandC,Food,Eco-Friendly,Eco-Friendly,1,₹42463.05,19,₹42463.05,₹34395.07,Wallet,Pending,Same Day,STORE020,Hyderabad,EMP0036,Arjun Kumar
TXN0000253,2023-11-13,CUST00253,Vikram Verma,+91 9853694452,Male,25,South,VIP,PROD0183,Laptop 9619,BrandD,Electronics,Premium,Popular,2,₹35748.41,24,₹71496.82,₹54337.58,UPI,Pending,Express,STORE001,Chennai,EMP0001,Arjun Agarwal
TXN0000254,2023-11-30,CUST00254,Meera Agarwal,+91 9136178283,Male,69,North,Regular,PROD0045,Beverages 7458,BrandC,Food,Eco-Friendly,Eco-Friendly,2,₹17495.23,8,₹34990.46,₹32191.22,Net Banking,Refunded,Same Day,STORE003,Delhi,EMP0042,Kavya Verma
TXN0000255,2024-03-15,CUST00255,Vikram Joshi,+91 9808107181,Other,34,North,Regular,PROD0320,Cookbook 3622,BrandA,Books,New,New,9,₹26735.98,5,₹240623.82,₹228592.63,Net Banking,Pending,Standard,STORE015,Delhi,EMP0008,Raj Gupta
TXN0000256,2023-07-06,CUST00256,Rohit Sharma,+91 9352722631,Male,33,East,VIP,PROD0076,Tablet 1440,BrandC,Electronics,Limited Edition,Popular,5,₹5714.81,13,₹28574.05,₹24859.42,Cash,Completed,Pickup,STORE004,Kolkata,EMP0025,Meera Agarwal
TXN0000257,2023-06-05,CUST00257,Raj Sharma,+91 9598559449,Female,70,East,Regular,PROD0425,Jacket 6902,BrandA,Clothing,Eco-Friendly,Premium,2,₹49695.00,3,₹99390.00,₹96408.30,Net Banking,Pending,Same Day,STORE018,Hyderabad,EMP0014,Raj Agarwal
TXN0000258,2023-02-05,CUST00258,Arjun Joshi,+91 9529423060,Male,45,West,VIP,PROD0250,Jacket 7867,BrandD,Clothing,Eco-Friendly,Limited Edition,6,₹11668.36,8,₹70010.16,₹64409.35,Net Banking,Pending,Same Day,STORE010,Kolkata,EMP0046,Kavya Kumar
TXN0000259,2023-09-09,CUST00259,Priya Reddy,+91 9292088371,Female,44,Central,VIP,PROD0024,Cosmetics 2645,BrandC,Beauty,New,Popular,6,₹43700.82,19,₹262204.92,₹212385.99,Net Banking,Refunded,Same Day,STORE011,Hyderabad,EMP0013,Rohit Joshi
TXN0000260,2023-07-16,CUST00260,Amit Singh,+91 9897930808,Female,43,West,Regular,PROD0221,Makeup 1318,BrandA,Beauty,Premium,Premium,3,₹40598.37,13,₹121795.11,₹105961.75,Net Banking,Pending,Pickup,STORE003,Bangalore,EMP0040,Vikram Reddy
TXN0000261,2024-12-17,CUST00261,Vikram Patel,+91 9406067499,Male,52,West,Regular,PROD0489,Dairy 7408,BrandA,Food,Limited Edition,New,2,₹34498.57,17,₹68997.14,₹57267.63,Credit Card,Cancelled,Express,STORE011,Mumbai,EMP0003,Kavya Agarwal
TXN0000262,2023-02-12,CUST00262,Priya Agarwal,+91 9390724021,Other,18,North,Regular,PROD0271,Smartwatch 3262,BrandA,Electronics,Premium,New,10,₹35347.73,3,₹353477.30,₹342872.98,UPI,Refunded,Standard,STORE011,Mumbai,EMP0036,Anjali Kumar
TXN0000263,2023-10-14,CUST00263,Meera Verma,+91 9350821974,Female,48,North,Premium,PROD0366,Frozen Food 7847,BrandC,Food,Popular,Popular,9,₹40135.53,9,₹361219.77,₹328709.99,Net Banking,Completed,Same Day,STORE003,Bangalore,EMP0005,Meera Joshi
TXN0000264,2024-08-08,CUST00264,Meera Patel,+91 9251297426,Male,58,South,Premium,PROD0366,Snacks 4129,BrandA,Food,Sale,Premium,3,₹40351.20,17,₹121053.60,₹100474.49,Debit Card,Completed,Standard,STORE013,Pune,EMP0025,Kavya Verma
TXN0000265,2023-12-03,CUST00265,Vikram Gupta,+91 9321952860,Female,57,South,Premium,PROD0274,Jeans 1204,BrandE,Clothing,Sale,New,4,₹25521.03,1,₹102084.12,₹101063.28,Cash,Cancelled,Same Day,STORE013,Bangalore,EMP0003,Vikram Joshi
TXN0000266,2024-04-04,CUST00266,Vikram Joshi,+91 9056069693,Male,42,South,Regular,PROD0211,Biography 4975,BrandB,Books,Popular,New,10,₹44016.52,1,₹440165.20,₹435763.55,Debit Card,Completed,Standard,STORE018,Mumbai,EMP0017,Meera Kumar
TXN0000267,2024-07-31,CUST00267,Priya Yadav,+91 9419882999,Other,55,West,Premium,PROD0265,Shirt 3365,BrandA,Clothing,Limited Edition,Sale,6,₹32280.77,19,₹193684.62,₹156884.54,Cash,Completed,Same Day,STORE010,Mumbai,EMP0005,Kavya Reddy
TXN0000268,2024-02-06,CUST00268,Vikram Singh,+91 9786816469,Male,39,South,Regular,PROD0105,Smartphone 9297,BrandA,Electronics,Eco-Friendly,Popular,3,₹20949.86,22,₹62849.58,₹49022.67,Debit Card,Pending,Pickup,STORE003,Hyderabad,EMP0045,Rohit Patel
TXN0000269,2024-07-27,CUST00269,Anjali Reddy,+91 9236867957,Other,70,East,Premium,PROD0192,Decor 7044,BrandA,Home & Living,Sale,New,8,₹3099.34,22,₹24794.72,₹19339.88,UPI,Refunded,Express,STORE016,Mumbai,EMP0005,Meera Singh
TXN0000270,2024-05-14,CUST00270,Raj Agarwal,+91 9250964481,Male,52,East,Premium,PROD0060,Football 7582,BrandB,Sports,New,Sale,8,₹13441.09,27,₹107528.72,₹78495.97,Debit Card,Pending,Standard,STORE013,Chennai,EMP0029,Priya Sharma
TXN0000271,2023-04-11,CUST00271,Arjun Verma,+91 9318771023,Other,26,Central,VIP,PROD0072,Headphones 237,BrandB,Electronics,New,Premium,7,₹30375.98,13,₹212631.86,₹184989.72,Credit Card,Pending,Pickup,STORE002,Mumbai,EMP0040,Kavya Reddy
TXN0000272,2023-03-09,CUST00272,Arjun Gupta,+91 9035278644,Other,64,Central,VIP,PROD0472,Dress 5801,BrandC,Clothing,Premium,Popular,8,₹32476.24,1,₹259809.92,₹257211.82,Debit Card,Pending,Express,STORE004,Chennai,EMP0006,Amit Verma
TXN0000273,2024-01-19,CUST00273,Arjun Verma,+91 9894600454,Female,35,South,Premium,PROD0223,Biography 4352,BrandA,Books,Premium,Limited Edition,6,₹7845.81,6,₹47074.86,₹44250.37,Net Banking,Completed,Same Day,STORE001,Pune,EMP0036,Anjali Patel
TXN0000274,2024-03-29,CUST00274,Anjali Reddy,+91 9376132744,Male,31,North,VIP,PROD0168,T-Shirt 5282,BrandD,Clothing,Sale,New,7,₹908.38,12,₹6358.66,₹5595.62,Cash,Refunded,Same Day,STORE004,Pune,EMP0003,Priya Joshi
TXN0000275,2024-07-13,CUST00275,Anjali Yadav,+91 9615731658,Male,55,North,VIP,PROD0356,Jeans 1620,BrandC,Clothing,New,Popular,1,₹36250.61,21,₹36250.61,₹28637.98,UPI,Completed,Same Day,STORE003,Bangalore,EMP0006,Amit Sharma
TXN0000276,2023-11-29,CUST00276,Arjun Sharma,+91 9818082577,Male,26,West,Regular,PROD0169,Kitchenware 5900,BrandE,Home & Living,Premium,Popular,6,₹29197.45,19,₹175184.70,₹141899.61,Debit Card,Pending,Standard,STORE013,Mumbai,EMP0022,Amit Yadav
TXN0000277,2023-04-02,CUST00277,Raj Gupta,+91 9159048002,Male,63,East,VIP,PROD0005,Makeup 3292,BrandE,Beauty,Sale,Popular,8,₹32354.91,10,₹258839.28,₹232955.35,Net Banking,Refunded,Same Day,STORE014,Hyderabad,EMP0007,Rohit Joshi
TXN0000278,2024-07-09,CUST00278,Raj Patel,+91 9390704900,Other,19,West,Regular,PROD0176,Biography 4761,BrandE,Books,Premium,Sale,2,₹19315.01,17,₹38630.02,₹32062.92,Credit Card,Refunded,Pickup,STORE010,Chennai,EMP0043,Sneha Agarwal
TXN0000279,2024-12-29,CUST00279,Rohit Gupta,+91 9101895927,Male,45,West,VIP,PROD0035,Tablet 6270,BrandD,Electronics,Eco-Friendly,Sale,8,₹30929.61,1,₹247436.88,₹244962.51,Debit Card,Refunded,Standard,STORE013,Delhi,EMP0040,Meera Patel
TXN0000280,2023-03-27,CUST00280,Raj Joshi,+91 9644738248,Female,48,Central,Premium,PROD0481,Gym Equipment 453,BrandE,Sports,Limited Edition,Limited Edition,10,₹7946.27,10,₹79462.70,₹71516.43,Net Banking,Refunded,Standard,STORE018,Delhi,EMP0044,Sneha Joshi
TXN0000281,2024-01-23,CUST00281,Arjun Reddy,+91 9241771255,Female,45,West,Regular,PROD0059,Bedding 7978,BrandE,Home & Living,Limited Edition,Limited Edition,2,₹19263.97,20,₹38527.94,₹30822.35,Credit Card,Completed,Pickup,STORE019,Mumbai,EMP0010,Amit Singh
TXN0000282,2023-09-06,CUST00282,Rohit Patel,+91 9670471215,Female,19,East,Premium,PROD0043,Tablet 9507,BrandB,Electronics,Premium,Limited Edition,9,₹44217.97,16,₹397961.73,₹334287.85,Wallet,Completed,Express,STORE011,Bangalore,EMP0003,Anjali Singh
TXN0000283,2024-04-29,CUST00283,Rohit Sharma,+91 9148372359,Male,23,South,VIP,PROD0087,Biography 2304,BrandB,Books,Eco-Friendly,Eco-Friendly,8,₹7607.20,9,₹60857.60,₹55380.42,Debit Card,Completed,Pickup,STORE017,Pune,EMP0007,Sneha Yadav
TXN0000284,2024-05-11,CUST00284,Vikram Gupta,+91 9715212462,Other,41,South,Premium,PROD0407,Jacket 4285,BrandC,Clothing,Eco-Friendly,Sale,4,₹12579.15,28,₹50316.60,₹36227.95,Wallet,Completed,Express,STORE015,Mumbai,EMP0043,Meera Patel
TXN0000285,2023-03-26,CUST00285,Amit Patel,+91 9410078819,Female,70,East,Regular,PROD0344,Smartphone 2461,BrandC,Electronics,Sale,New,1,₹3303.03,21,₹3303.03,₹2609.39,UPI,Refunded,Pickup,STORE014,Pune,EMP0037,Kavya Sharma
TXN0000286,2023-03-16,CUST00286,Priya Reddy,+91 9051996193,Female,52,North,VIP,PROD0021,Comic 8908,BrandD,Books,Limited Edition,Popular,5,₹455.26,25,₹2276.30,₹1707.23,UPI,Cancelled,Express,STORE010,Chennai,EMP0027,Meera Yadav
TXN0000287,2023-07-07,CUST00287,Amit Sharma,+91 9667160267,Other,53,West,VIP,PROD0035,Lighting 9989,BrandC,Home & Living,Sale,Eco-Friendly,9,₹38702.70,30,₹348324.30,₹243827.01,Credit Card,Pending,Express,STORE003,Chennai,EMP0003,Amit Agarwal
TXN0000288,2024-06-04,CUST00288,Kavya Agarwal,+91 9360616337,Female,63,East,Premium,PROD0408,Shirt 2307,BrandE,Clothing,Premium,Eco-Friendly,8,₹10088.41,21,₹80707.28,₹63758.75,Net Banking,Pending,Same Day,STORE002,Chennai,EMP0030,Anjali Patel
TXN0000289,2023-11-23,CUST00289,Raj Reddy,+91 9980925831,Male,59,Central,VIP,PROD0248,Cosmetics 3812,BrandD,Beauty,Sale,Sale,9,₹25791.07,29,₹232119.63,₹164804.94,Wallet,Refunded,Same Day,STORE010,Delhi,EMP0019,Meera Reddy
TXN0000290,2023-12-12,CUST00290,Kavya Patel,+91 9169706676,Other,49,Central,Regular,PROD0266,Skincare 7565,BrandC,Beauty,Sale,Eco-Friendly,1,₹5740.05,13,₹5740.05,₹4993.84,Debit Card,Completed,Same Day,STORE001,Pune,EMP0039,Kavya Verma
TXN0000291,2024-03-29,CUST00291,Arjun Patel,+91 9511856015,Female,62,South,Regular,PROD0234,Haircare 601,BrandB,Beauty,New,New,8,₹17345.30,0,₹138762.40,₹138762.40,Wallet,Pending,Same Day,STORE017,Delhi,EMP0049,Raj Agarwal
TXN0000292,2024-12-28,CUST00292,Rohit Singh,+91 9372364110,Male,19,Central,VIP,PROD0439,Frozen Food 4661,BrandB,Food,Eco-Friendly,Premium,9,₹48057.69,20,₹432519.21,₹346015.37,Credit Card,Pending,Express,STORE003,Bangalore,EMP0027,Vikram Singh
TXN0000293,2024-09-22,CUST00293,Priya Joshi,+91 9580035260,Male,45,West,Premium,PROD0456,Dress 3072,BrandB,Clothing,Premium,Eco-Friendly,4,₹7060.01,25,₹28240.04,₹21180.03,UPI,Refunded,Standard,STORE013,Pune,EMP0048,Amit Gupta
TXN0000294,2023-08-07,CUST00294,Amit Sharma,+91 9582080692,Female,28,Central,Regular,PROD0482,Lighting 8050,BrandD,Home & Living,Sale,Popular,1,₹21406.69,19,₹21406.69,₹17339.42,Debit Card,Cancelled,Express,STORE003,Chennai,EMP0017,Meera Singh
TXN0000295,2023-05-12,CUST00295,Rohit Sharma,+91 9442447534,Other,43,North,Regular,PROD0070,Yoga Mat 8153,BrandA,Sports,Limited Edition,Eco-Friendly,10,₹12122.52,18,₹121225.20,₹99404.66,UPI,Cancelled,Same Day,STORE016,Mumbai,EMP0029,Raj Gupta
TXN0000296,2024-01-04,CUST00296,Arjun Joshi,+91 9716380183,Other,70,North,Regular,PROD0473,Beverages 1795,BrandE,Food,Limited Edition,Sale,9,₹48687.90,1,₹438191.10,₹433809.19,Wallet,Cancelled,Pickup,STORE014,Chennai,EMP0040,Anjali Verma
TXN0000297,2024-01-13,CUST00297,Raj Joshi,+91 9473489966,Other,29,North,Premium,PROD0498,Furniture 1411,BrandC,Home & Living,Limited Edition,Limited Edition,5,₹35614.74,21,₹178073.70,₹140678.22,Debit Card,Cancelled,Same Day,STORE001,Hyderabad,EMP0032,Rohit Joshi
TXN0000298,2024-12-13,CUST00298,Amit Verma,+91 9681058661,Female,57,West,Premium,PROD0337,Gym Equipment 3335,BrandC,Sports,Eco-Friendly,Eco-Friendly,7,₹43590.39,23,₹305132.73,₹234952.20,Net Banking,Completed,Same Day,STORE016,Pune,EMP0049,Priya Kumar
TXN0000299,2023-06-16,CUST00299,Arjun Singh,+91 9593542717,Female,53,West,Premium,PROD0088,Kitchenware 8433,BrandA,Home & Living,Limited Edition,Sale,3,₹15270.19,30,₹45810.57,₹32067.40,Credit Card,Completed,Standard,STORE019,Kolkata,EMP0038,Anjali Patel
TXN0000300,2023-02-28,CUST00300,Arjun Patel,+91 9740469489,Male,54,North,VIP,PROD0060,Shirt 3991,BrandA,Clothing,Popular,Sale,3,₹41353.90,15,₹124061.70,₹105452.45,UPI,Cancelled,Express,STORE005,Bangalore,EMP0002,Raj Gupta
TXN0000301,2024-11-11,CUST00301,Kavya Verma,+91 9254232298,Female,47,North,Regular,PROD0469,Kitchenware 294,BrandD,Home & Living,Limited Edition,Sale,1,₹49901.22,5,₹49901.22,₹47406.16,Debit Card,Refunded,Express,STORE001,Hyderabad,EMP0039,Vikram Patel
TXN0000302,2024-01-02,CUST00302,Priya Reddy,+91 9341157551,Other,37,East,Premium,PROD0090,Decor 1985,BrandE,Home & Living,Premium,Limited Edition,9,₹35630.10,14,₹320670.90,₹275776.97,Net Banking,Cancelled,Express,STORE009,Delhi,EMP0022,Raj Verma
TXN0000303,2024-01-23,CUST00303,Raj Kumar,+91 9639405124,Other,32,North,Premium,PROD0322,Headphones 9920,BrandB,Electronics,Limited Edition,Eco-Friendly,10,₹9278.10,21,₹92781.00,₹73296.99,Debit Card,Refunded,Pickup,STORE013,Hyderabad,EMP0013,Raj Verma
TXN0000304,2024-07-20,CUST00304,Vikram Yadav,+91 9801408548,Other,31,North,Regular,PROD0245,Lighting 7883,BrandC,Home & Living,Premium,Eco-Friendly,2,₹47126.02,9,₹94252.04,₹85769.36,Wallet,Cancelled,Standard,STORE017,Delhi,EMP0008,Raj Reddy
TXN0000305,2023-10-01,CUST00305,Meera Gupta,+91 9445828072,Other,55,West,Regular,PROD0404,Cricket Bat 8585,BrandC,Sports,Eco-Friendly,New,4,₹16510.24,28,₹66040.96,₹47549.49,UPI,Pending,Pickup,STORE015,Kolkata,EMP0032,Kavya Joshi
TXN0000306,2023-03-15,CUST00306,Sneha Joshi,+91 9122956825,Female,69,West,Premium,PROD0414,Beverages 874,BrandA,Food,Eco-Friendly,Limited Edition,4,₹43882.97,4,₹175531.88,₹168510.60,Wallet,Pending,Express,STORE016,Chennai,EMP0019,Priya Gupta
TXN0000307,2023-10-11,CUST00307,Raj Sharma,+91 9349229010,Other,46,Central,VIP,PROD0073,Gym Equipment 6847,BrandC,Sports,Limited Edition,Sale,5,₹38242.42,16,₹191212.10,₹160618.16,Wallet,Pending,Same Day,STORE012,Chennai,EMP0005,Anjali Kumar
TXN0000308,2023-08-31,CUST00308,Rohit Reddy,+91 9100711471,Female,58,West,Regular,PROD0305,Decor 1425,BrandB,Home & Living,Eco-Friendly,New,6,₹12956.56,1,₹77739.36,₹76961.97,Wallet,Cancelled,Express,STORE007,Bangalore,EMP0016,Arjun Agarwal
TXN0000309,2024-02-11,CUST00309,Raj Verma,+91 9783920932,Other,70,North,VIP,PROD0263,Smartwatch 2785,BrandD,Electronics,Limited Edition,Eco-Friendly,8,₹40260.25,4,₹322082.00,₹309198.72,Wallet,Completed,Standard,STORE010,Pune,EMP0032,Raj Sharma
TXN0000310,2023-07-11,CUST00310,Meera Gupta,+91 9378631708,Female,24,South,Regular,PROD0039,Decor 6609,BrandB,Home & Living,New,Premium,1,₹4703.33,14,₹4703.33,₹4044.86,Net Banking,Completed,Pickup,STORE018,Hyderabad,EMP0022,Raj Joshi
TXN0000311,2024-10-22,CUST00311,Raj Singh,+91 9261991625,Male,43,South,Premium,PROD0103,Groceries 2495,BrandC,Food,Eco-Friendly,Limited Edition,8,₹10920.28,27,₹87362.24,₹63774.44,Wallet,Refunded,Express,STORE005,Pune,EMP0014,Rohit Joshi
TXN0000312,2023-10-01,CUST00312,Vikram Agarwal,+91 9130927281,Other,60,South,Premium,PROD0175,Textbook 2148,BrandE,Books,Sale,Popular,8,₹39387.28,27,₹315098.24,₹230021.72,Cash,Cancelled,Pickup,STORE016,Chennai,EMP0022,Kavya Yadav
TXN0000313,2024-03-21,CUST00313,Kavya Agarwal,+91 9703114094,Female,19,North,Regular,PROD0058,Makeup 7617,BrandE,Beauty,New,Popular,1,₹12378.13,20,₹12378.13,₹9902.50,Debit Card,Cancelled,Express,STORE005,Chennai,EMP0047,Kavya Sharma
TXN0000314,2024-06-08,CUST00314,Sneha Reddy,+91 9850621366,Female,47,Central,Regular,PROD0433,Furniture 2006,BrandE,Home & Living,Sale,Popular,1,₹49660.34,6,₹49660.34,₹46680.72,Debit Card,Refunded,Express,STORE014,Bangalore,EMP0003,Anjali Yadav
TXN0000315,2024-10-24,CUST00315,Kavya Agarwal,+91 9111232535,Other,19,Central,Regular,PROD0008,Headphones 8302,BrandE,Electronics,Premium,Sale,2,₹41392.78,17,₹82785.56,₹68712.01,Cash,Completed,Same Day,STORE019,Pune,EMP0050,Raj Verma
TXN0000316,2023-09-30,CUST00316,Sneha Joshi,+91 9449099031,Female,39,East,Regular,PROD0406,Tablet 5657,BrandB,Electronics,Popular,Sale,9,₹8514.29,29,₹76628.61,₹54406.31,Credit Card,Pending,Standard,STORE018,Mumbai,EMP0026,Kavya Singh
TXN0000317,2023-04-18,CUST00317,Amit Joshi,+91 9551859863,Female,22,South,Regular,PROD0425,Haircare 1378,BrandB,Beauty,Popular,Sale,5,₹34277.14,0,₹171385.70,₹171385.70,UPI,Refunded,Standard,STORE020,Pune,EMP0048,Rohit Sharma
TXN0000318,2024-06-25,CUST00318,Arjun Verma,+91 9671098686,Other,45,North,Premium,PROD0394,Groceries 1072,BrandE,Food,Sale,Popular,2,₹33821.76,0,₹67643.52,₹67643.52,Net Banking,Cancelled,Express,STORE012,Chennai,EMP0038,Raj Kumar
TXN0000319,2023-11-30,CUST00319,Raj Reddy,+91 9142048108,Male,45,Central,VIP,PROD0319,Perfume 5597,BrandD,Beauty,Sale,Popular,6,₹43020.48,4,₹258122.88,₹247797.96,Debit Card,Pending,Pickup,STORE004,Bangalore,EMP0013,Kavya Yadav
TXN0000320,2024-10-17,CUST00320,Priya Agarwal,+91 9650872876,Other,18,East,Premium,PROD0382,Dairy 8711,BrandC,Food,Premium,Limited Edition,3,₹5010.87,27,₹15032.61,₹10973.81,UPI,Cancelled,Same Day,STORE012,Chennai,EMP0014,Raj Patel
TXN0000321,2024-04-13,CUST00321,Raj Sharma,+91 9926434743,Female,33,East,Premium,PROD0350,Smartwatch 3053,BrandE,Electronics,New,Popular,2,₹23204.93,21,₹46409.86,₹36663.79,Wallet,Completed,Express,STORE006,Mumbai,EMP0042,Amit Patel
TXN0000322,2024-04-28,CUST00322,Amit Reddy,+91 9432232566,Female,44,Central,VIP,PROD0082,Novel 6477,BrandD,Books,New,Premium,3,₹48514.79,19,₹145544.37,₹117890.94,Debit Card,Refunded,Same Day,STORE013,Pune,EMP0029,Anjali Sharma
TXN0000323,2024-09-28,CUST00323,Anjali Verma,+91 9487211157,Male,30,West,Regular,PROD0013,Skincare 280,BrandB,Beauty,Sale,Limited Edition,5,₹12102.81,3,₹60514.05,₹58698.63,UPI,Completed,Pickup,STORE004,Mumbai,EMP0021,Amit Yadav
TXN0000324,2023-12-11,CUST00324,Anjali Joshi,+91 9387190004,Female,56,East,Regular,PROD0353,Biography 247,BrandC,Books,Limited Edition,New,7,₹23280.39,3,₹162962.73,₹158073.85,Wallet,Refunded,Pickup,STORE014,Kolkata,EMP0002,Priya Patel
TXN0000325,2024-08-01,CUST00325,Sneha Agarwal,+91 9056696261,Other,65,Central,Premium,PROD0353,Bedding 4825,BrandD,Home & Living,New,Popular,8,₹15352.91,9,₹122823.28,₹111769.18,Debit Card,Pending,Standard,STORE006,Mumbai,EMP0014,Amit Kumar
TXN0000326,2023-02-03,CUST00326,Arjun Reddy,+91 9443076178,Other,24,East,Premium,PROD0155,Skincare 2276,BrandC,Beauty,Premium,Sale,7,₹9950.97,30,₹69656.79,₹48759.75,Cash,Cancelled,Express,STORE013,Chennai,EMP0029,Amit Yadav
TXN0000327,2023-02-21,CUST00327,Amit Agarwal,+91 9434422834,Other,25,North,VIP,PROD0207,Perfume 8871,BrandB,Beauty,Sale,Premium,6,₹32193.94,25,₹193163.64,₹144872.73,UPI,Pending,Express,STORE009,Hyderabad,EMP0044,Priya Gupta
TXN0000328,2023-11-12,CUST00328,Arjun Singh,+91 9071727838,Male,61,North,VIP,PROD0337,Tablet 925,BrandB,Electronics,Limited Edition,Premium,4,₹44487.89,0,₹177951.56,₹177951.56,Cash,Refunded,Pickup,STORE004,Delhi,EMP0043,Vikram Singh
TXN0000329,2023-08-02,CUST00329,Raj Gupta,+91 9922656129,Female,67,Central,Regular,PROD0127,Tennis Racket 4604,BrandA,Sports,Sale,New,3,₹8183.32,5,₹24549.96,₹23322.46,Debit Card,Refunded,Pickup,STORE012,Mumbai,EMP0046,Anjali Patel
TXN0000330,2024-04-22,CUST00330,Anjali Gupta,+91 9521009264,Other,44,West,Regular,PROD0434,Gym Equipment 1650,BrandE,Sports,Popular,Sale,10,₹33230.45,9,₹332304.50,₹302397.10,Debit Card,Pending,Standard,STORE002,Hyderabad,EMP0031,Amit Kumar
TXN0000331,2024-01-09,CUST00331,Amit Joshi,+91 9913412027,Male,23,East,Regular,PROD0196,Snacks 7334,BrandD,Food,Limited Edition,Limited Edition,9,₹39891.64,29,₹359024.76,₹254907.58,Debit Card,Refunded,Same Day,STORE017,Kolkata,EMP0008,Rohit Verma
TXN0000332,2024-07-25,CUST00332,Vikram Singh,+91 9781549443,Other,55,Central,VIP,PROD0171,Cookbook 9156,BrandA,Books,Popular,New,6,₹42264.94,30,₹253589.64,₹177512.75,Credit Card,Completed,Express,STORE012,Hyderabad,EMP0025,Kavya Verma
TXN0000333,2023-08-30,CUST00333,Priya Patel,+91 9507579388,Male,46,East,VIP,PROD0208,Comic 4649,BrandA,Books,Eco-Friendly,New,9,₹10725.83,29,₹96532.47,₹68538.05,UPI,Completed,Express,STORE002,Pune,EMP0016,Rohit Agarwal
TXN0000334,2024-01-28,CUST00334,Raj Verma,+91 9500720766,Other,55,East,Premium,PROD0018,T-Shirt 7834,BrandC,Clothing,Eco-Friendly,Eco-Friendly,2,₹35634.74,29,₹71269.48,₹50601.33,Credit Card,Completed,Same Day,STORE007,Mumbai,EMP0046,Amit Reddy
TXN0000335,2024-04-24,CUST00335,Raj Verma,+91 9959350867,Male,29,South,Regular,PROD0220,Smartphone 457,BrandC,Electronics,Premium,Popular,8,₹28383.27,19,₹227066.16,₹183923.59,Wallet,Completed,Express,STORE018,Delhi,EMP0033,Kavya Singh
TXN0000336,2024-11-17,CUST00336,Priya Sharma,+91 9796004284,Male,66,North,Regular,PROD0083,Laptop 8219,BrandE,Electronics,Eco-Friendly,Popular,9,₹2612.81,18,₹23515.29,₹19282.54,Debit Card,Completed,Standard,STORE005,Hyderabad,EMP0032,Priya Agarwal
TXN0000337,2023-01-03,CUST00337,Meera Gupta,+91 9590261470,Male,18,West,VIP,PROD0347,Tablet 5551,BrandA,Electronics,Premium,New,6,₹32844.86,22,₹197069.16,₹153713.94,Net Banking,Completed,Express,STORE009,Delhi,EMP0002,Vikram Kumar
TXN0000338,2023-04-18,CUST00338,Anjali Patel,+91 9152966462,Other,29,East,VIP,PROD0141,Frozen Food 750,BrandA,Food,Popular,Eco-Friendly,9,₹9531.62,18,₹85784.58,₹70343.36,UPI,Completed,Standard,STORE003,Chennai,EMP0029,Anjali Singh
TXN0000339,2024-07-17,CUST00339,Raj Agarwal,+91 9128775454,Male,48,South,Premium,PROD0009,Lighting 7432,BrandE,Home & Living,Popular,Popular,3,₹17874.82,11,₹53624.46,₹47725.77,Wallet,Completed,Express,STORE018,Delhi,EMP0014,Meera Agarwal
TXN0000340,2023-12-30,CUST00340,Anjali Singh,+91 9173037647,Other,41,East,Regular,PROD0330,Kitchenware 5190,BrandC,Home & Living,New,Eco-Friendly,5,₹44037.11,13,₹220185.55,₹191561.43,Debit Card,Cancelled,Express,STORE004,Kolkata,EMP0027,Arjun Kumar
TXN0000341,2024-02-14,CUST00341,Meera Sharma,+91 9346378653,Female,40,East,VIP,PROD0161,Headphones 8678,BrandA,Electronics,Sale,New,8,₹16775.50,23,₹134204.00,₹103337.08,Credit Card,Completed,Pickup,STORE001,Hyderabad,EMP0040,Raj Sharma
TXN0000342,2024-09-04,CUST00342,Arjun Reddy,+91 9282513639,Female,27,Central,VIP,PROD0392,Yoga Mat 5458,BrandD,Sports,Limited Edition,Sale,7,₹17027.20,14,₹119190.40,₹102503.74,UPI,Refunded,Express,STORE009,Mumbai,EMP0042,Arjun Agarwal
TXN0000343,2024-03-27,CUST00343,Vikram Agarwal,+91 9478473186,Male,31,East,Regular,PROD0303,Perfume 331,BrandC,Beauty,Sale,Premium,4,₹44461.99,9,₹177847.96,₹161841.64,Net Banking,Completed,Standard,STORE015,Chennai,EMP0022,Kavya Reddy
TXN0000344,2023-11-09,CUST00344,Amit Verma,+91 9876315649,Male,52,West,Premium,PROD0345,Decor 9895,BrandE,Home & Living,New,New,1,₹17612.21,2,₹17612.21,₹17259.97,Net Banking,Refunded,Same Day,STORE005,Delhi,EMP0042,Vikram Reddy
TXN0000345,2024-10-05,CUST00345,Anjali Reddy,+91 9795415875,Male,25,East,VIP,PROD0083,Decor 5321,BrandD,Home & Living,Limited Edition,Limited Edition,1,₹20997.54,7,₹20997.54,₹19527.71,UPI,Pending,Standard,STORE015,Delhi,EMP0043,Sneha Yadav
TXN0000346,2024-09-30,CUST00346,Rohit Yadav,+91 9691665253,Male,30,South,Premium,PROD0237,Frozen Food 4395,BrandC,Food,Popular,Limited Edition,10,₹22648.95,24,₹226489.50,₹172132.02,Cash,Refunded,Pickup,STORE016,Pune,EMP0011,Rohit Sharma
TXN0000347,2023-05-17,CUST00347,Anjali Gupta,+91 9761795661,Female,42,West,VIP,PROD0361,Furniture 6154,BrandD,Home & Living,Sale,New,10,₹14926.98,23,₹149269.80,₹114937.75,Debit Card,Pending,Pickup,STORE005,Hyderabad,EMP0047,Rohit Joshi
TXN0000348,2024-10-25,CUST00348,Raj Singh,+91 9852470009,Other,42,West,Premium,PROD0364,Biography 9339,BrandA,Books,New,Eco-Friendly,10,₹6405.52,25,₹64055.20,₹48041.40,Cash,Refunded,Express,STORE002,Chennai,EMP0031,Priya Kumar
TXN0000349,2024-11-04,CUST00349,Priya Gupta,+91 9855272233,Female,49,South,Premium,PROD0209,Novel 5616,BrandD,Books,Limited Edition,Sale,8,₹10366.97,2,₹82935.76,₹81277.04,Net Banking,Pending,Pickup,STORE010,Bangalore,EMP0019,Vikram Yadav
TXN0000350,2023-02-16,CUST00350,Sneha Joshi,+91 9579537993,Male,56,West,VIP,PROD0081,Comic 9691,BrandC,Books,Limited Edition,Premium,6,₹25795.67,5,₹154774.02,₹147035.32,Debit Card,Completed,Standard,STORE001,Mumbai,EMP0018,Sneha Gupta
TXN0000351,2024-01-11,CUST00351,Raj Reddy,+91 9751531771,Other,28,North,VIP,PROD0357,Haircare 1069,BrandC,Beauty,Eco-Friendly,Premium,7,₹46261.08,21,₹323827.56,₹255823.77,Net Banking,Completed,Standard,STORE001,Chennai,EMP0015,Meera Verma
TXN0000352,2023-09-18,CUST00352,Priya Singh,+91 9406725904,Male,26,West,Regular,PROD0126,Headphones 2207,BrandB,Electronics,Limited Edition,New,4,₹7035.13,25,₹28140.52,₹21105.39,Debit Card,Pending,Express,STORE017,Pune,EMP0007,Kavya Patel
TXN0000353,2023-03-18,CUST00353,Priya Yadav,+91 9800536571,Male,22,South,VIP,PROD0434,Smartwatch 5898,BrandD,Electronics,New,Eco-Friendly,2,₹11214.66,5,₹22429.32,₹21307.85,Net Banking,Pending,Standard,STORE007,Kolkata,EMP0035,Raj Singh
TXN0000354,2024-05-27,CUST00354,Vikram Verma,+91 9882614275,Other,68,South,VIP,PROD0082,Dairy 7217,BrandB,Food,Eco-Friendly,Sale,9,₹35507.85,5,₹319570.65,₹303592.12,Wallet,Cancelled,Standard,STORE017,Bangalore,EMP0034,Sneha Kumar
TXN0000355,2023-10-11,CUST00355,Priya Verma,+91 9997977433,Female,31,West,VIP,PROD0222,Furniture 2296,BrandC,Home & Living,Limited Edition,New,9,₹31471.14,22,₹283240.26,₹220927.40,Credit Card,Refunded,Pickup,STORE015,Kolkata,EMP0037,Vikram Joshi
TXN0000356,2023-04-02,CUST00356,Kavya Verma,+91 9465366499,Male,27,Central,VIP,PROD0274,Lighting 9536,BrandB,Home & Living,New,Eco-Friendly,9,₹1178.16,20,₹10603.44,₹8482.75,Debit Card,Cancelled,Express,STORE011,Chennai,EMP0004,Kavya Joshi
TXN0000357,2023-02-21,CUST00357,Arjun Agarwal,+91 9731361834,Other,32,South,Premium,PROD0168,Groceries 5849,BrandC,Food,Sale,Limited Edition,9,₹49271.38,6,₹443442.42,₹416835.87,Net Banking,Refunded,Express,STORE017,Pune,EMP0040,Anjali Joshi
TXN0000358,2023-06-10,CUST00358,Amit Singh,+91 9483073165,Male,18,Central,Premium,PROD0318,Lighting 7209,BrandD,Home & Living,Popular,New,8,₹11839.60,14,₹94716.80,₹81456.45,UPI,Pending,Standard,STORE007,Chennai,EMP0035,Rohit Agarwal
TXN0000359,2023-07-19,CUST00359,Amit Patel,+91 9010972784,Female,63,East,Premium,PROD0074,Headphones 9947,BrandB,Electronics,Sale,Eco-Friendly,1,₹15010.84,20,₹15010.84,₹12008.67,Net Banking,Pending,Same Day,STORE003,Kolkata,EMP0004,Vikram Singh
TXN0000360,2024-06-28,CUST00360,Raj Verma,+91 9925919233,Other,50,South,Premium,PROD0148,Skincare 2890,BrandB,Beauty,Sale,Premium,6,₹9107.24,30,₹54643.44,₹38250.41,Wallet,Completed,Same Day,STORE004,Hyderabad,EMP0025,Meera Singh
TXN0000361,2023-09-02,CUST00361,Kavya Kumar,+91 9541229728,Female,48,North,Premium,PROD0112,Textbook 7251,BrandB,Books,Sale,Sale,8,₹29781.97,8,₹238255.76,₹219195.30,Cash,Pending,Pickup,STORE013,Hyderabad,EMP0046,Anjali Kumar
TXN0000362,2024-11-25,CUST00362,Sneha Patel,+91 9900710061,Other,45,East,Premium,PROD0381,Perfume 2542,BrandC,Beauty,New,Limited Edition,5,₹5193.80,18,₹25969.00,₹21294.58,Credit Card,Pending,Same Day,STORE002,Chennai,EMP0016,Vikram Kumar
TXN0000363,2024-12-20,CUST00363,Sneha Gupta,+91 9348026201,Other,60,West,Regular,PROD0293,Biography 7026,BrandD,Books,New,Popular,7,₹32746.81,3,₹229227.67,₹222350.84,Cash,Pending,Standard,STORE005,Chennai,EMP0028,Kavya Yadav
TXN0000364,2024-05-07,CUST00364,Anjali Gupta,+91 9910883188,Other,53,North,Regular,PROD0200,Laptop 8684,BrandC,Electronics,Sale,Limited Edition,2,₹24523.47,22,₹49046.94,₹38256.61,Cash,Completed,Standard,STORE004,Chennai,EMP0034,Kavya Verma
TXN0000365,2024-07-15,CUST00365,Meera Kumar,+91 9963684840,Female,50,West,Premium,PROD0018,Makeup 7443,BrandB,Beauty,Eco-Friendly,Popular,9,₹26975.97,14,₹242783.73,₹208794.01,Cash,Pending,Standard,STORE009,Chennai,EMP0002,Kavya Joshi
TXN0000366,2024-10-02,CUST00366,Meera Patel,+91 9725813316,Female,34,Central,Regular,PROD0457,Smartphone 1907,BrandD,Electronics,Premium,Popular,8,₹35145.02,19,₹281160.16,₹227739.73,Net Banking,Refunded,Standard,STORE001,Delhi,EMP0011,Vikram Singh
TXN0000367,2023-09-22,CUST00367,Arjun Kumar,+91 9629200458,Other,67,South,Regular,PROD0146,Novel 6742,BrandB,Books,Popular,New,9,₹9797.35,2,₹88176.15,₹86412.63,Net Banking,Refunded,Standard,STORE009,Pune,EMP0041,Arjun Sharma
TXN0000368,2024-12-27,CUST00368,Vikram Kumar,+91 9420396240,Male,47,North,Regular,PROD0039,Frozen Food 3057,BrandA,Food,Limited Edition,Eco-Friendly,8,₹18140.19,8,₹145121.52,₹133511.80,UPI,Cancelled,Pickup,STORE012,Kolkata,EMP0043,Arjun Kumar
TXN0000369,2023-10-23,CUST00369,Rohit Singh,+91 9182392343,Male,65,South,Regular,PROD0164,Jeans 3669,BrandC,Clothing,Limited Edition,New,2,₹106.35,1,₹212.70,₹210.57,Debit Card,Pending,Express,STORE012,Chennai,EMP0050,Vikram Reddy
TXN0000370,2024-03-16,CUST00370,Anjali Gupta,+91 9231024716,Male,40,West,Premium,PROD0148,Perfume 5176,BrandB,Beauty,Premium,Sale,10,₹15027.76,1,₹150277.60,₹148774.82,Net Banking,Refunded,Same Day,STORE007,Mumbai,EMP0012,Kavya Singh
TXN0000371,2024-11-17,CUST00371,Kavya Agarwal,+91 9300682905,Other,41,West,Premium,PROD0498,Football 6669,BrandA,Sports,New,Sale,7,₹290.49,27,₹2033.43,₹1484.40,Net Banking,Refunded,Pickup,STORE020,Bangalore,EMP0008,Anjali Kumar
TXN0000372,2023-07-08,CUST00372,Sneha Agarwal,+91 9245131796,Female,50,West,VIP,PROD0350,Decor 3459,BrandC,Home & Living,New,Sale,5,₹16399.66,25,₹81998.30,₹61498.73,Net Banking,Cancelled,Same Day,STORE008,Kolkata,EMP0008,Anjali Sharma
TXN0000373,2024-05-24,CUST00373,Rohit Sharma,+91 9973551316,Male,38,West,Premium,PROD0254,Smartwatch 9171,BrandA,Electronics,Premium,Sale,2,₹12207.99,1,₹24415.98,₹24171.82,Net Banking,Pending,Express,STORE008,Mumbai,EMP0008,Kavya Sharma
TXN0000374,2024-11-23,CUST00374,Kavya Yadav,+91 9624226313,Male,42,West,VIP,PROD0098,Novel 2263,BrandD,Books,Limited Edition,Premium,1,₹917.17,30,₹917.17,₹642.02,UPI,Refunded,Same Day,STORE014,Hyderabad,EMP0001,Arjun Verma
TXN0000375,2023-11-27,CUST00375,Sneha Singh,+91 9241567398,Female,54,West,VIP,PROD0333,Cricket Bat 7286,BrandC,Sports,Sale,Popular,4,₹27257.34,19,₹109029.36,₹88313.78,Net Banking,Refunded,Same Day,STORE001,Delhi,EMP0021,Anjali Gupta
TXN0000376,2023-10-14,CUST00376,Meera Reddy,+91 9356303153,Male,30,West,Regular,PROD0408,Skincare 5973,BrandD,Beauty,New,Eco-Friendly,1,₹46273.01,8,₹46273.01,₹42571.17,UPI,Completed,Pickup,STORE009,Bangalore,EMP0035,Sneha Singh
TXN0000377,2023-05-03,CUST00377,Kavya Sharma,+91 9189481439,Other,43,South,Premium,PROD0338,Dairy 8833,BrandC,Food,Premium,New,5,₹18123.32,3,₹90616.60,₹87898.10,Cash,Refunded,Pickup,STORE009,Hyderabad,EMP0010,Vikram Yadav
TXN0000378,2024-01-28,CUST00378,Anjali Agarwal,+91 9064886271,Other,64,South,VIP,PROD0151,Dairy 2256,BrandC,Food,Limited Edition,Premium,10,₹24594.13,20,₹245941.30,₹196753.04,Debit Card,Completed,Express,STORE009,Chennai,EMP0021,Arjun Joshi
TXN0000379,2024-12-15,CUST00379,Vikram Agarwal,+91 9775451934,Male,20,East,Regular,PROD0177,Tablet 4649,BrandA,Electronics,New,New,9,₹11973.04,5,₹107757.36,₹102369.49,Net Banking,Cancelled,Pickup,STORE007,Bangalore,EMP0027,Priya Kumar
TXN0000380,2023-09-01,CUST00380,Raj Yadav,+91 9612493740,Other,68,East,VIP,PROD0441,Shirt 5744,BrandA,Clothing,New,New,4,₹28567.22,1,₹114268.88,₹113126.19,Credit Card,Pending,Standard,STORE019,Mumbai,EMP0042,Sneha Yadav
TXN0000381,2023-02-10,CUST00381,Raj Agarwal,+91 9236741753,Other,66,West,Premium,PROD0081,Tennis Racket 3743,BrandB,Sports,Limited Edition,Eco-Friendly,7,₹29006.15,19,₹203043.05,₹164464.87,Debit Card,Pending,Same Day,STORE012,Pune,EMP0013,Anjali Singh
TXN0000382,2023-03-23,CUST00382,Arjun Reddy,+91 9783672794,Male,61,South,VIP,PROD0475,Cricket Bat 6097,BrandB,Sports,New,New,4,₹42053.77,12,₹168215.08,₹148029.27,UPI,Cancelled,Express,STORE013,Bangalore,EMP0022,Raj Joshi
TXN0000383,2024-09-22,CUST00383,Kavya Gupta,+91 9534209398,Male,43,East,Regular,PROD0157,Cosmetics 3276,BrandA,Beauty,Premium,Limited Edition,8,₹8290.15,15,₹66321.20,₹56373.02,Debit Card,Refunded,Express,STORE005,Kolkata,EMP0050,Vikram Gupta
TXN0000384,2024-12-14,CUST00384,Arjun Kumar,+91 9147030556,Other,55,South,VIP,PROD0401,Comic 2649,BrandA,Books,Sale,Eco-Friendly,6,₹38169.75,4,₹229018.50,₹219857.76,Wallet,Cancelled,Express,STORE016,Chennai,EMP0040,Anjali Agarwal
TXN0000385,2023-01-07,CUST00385,Vikram Kumar,+91 9698608103,Female,28,South,Premium,PROD0290,Laptop 1719,BrandB,Electronics,Eco-Friendly,Limited Edition,4,₹3701.11,22,₹14804.44,₹11547.46,Wallet,Pending,Standard,STORE015,Hyderabad,EMP0039,Vikram Agarwal
TXN0000386,2023-10-08,CUST00386,Meera Patel,+91 9038068032,Other,25,East,VIP,PROD0045,Cosmetics 6292,BrandD,Beauty,New,Premium,7,₹3257.57,12,₹22802.99,₹20066.63,UPI,Cancelled,Express,STORE017,Chennai,EMP0030,Kavya Reddy
TXN0000387,2023-08-17,CUST00387,Anjali Patel,+91 9687084445,Other,44,West,Premium,PROD0294,Groceries 928,BrandC,Food,Eco-Friendly,Premium,4,₹5274.97,1,₹21099.88,₹20888.88,Debit Card,Refunded,Express,STORE019,Delhi,EMP0009,Anjali Reddy
TXN0000388,2023-06-24,CUST00388,Priya Verma,+91 9010683244,Other,32,East,Premium,PROD0235,Shirt 3719,BrandD,Clothing,Sale,New,10,₹1290.12,23,₹12901.20,₹9933.92,Net Banking,Pending,Standard,STORE016,Chennai,EMP0007,Sneha Reddy
TXN0000389,2024-02-25,CUST00389,Raj Kumar,+91 9000767369,Female,48,West,Premium,PROD0102,Cookbook 882,BrandD,Books,Premium,Limited Edition,3,₹3968.26,18,₹11904.78,₹9761.92,Debit Card,Completed,Standard,STORE012,Bangalore,EMP0046,Arjun Yadav
TXN0000390,2023-07-21,CUST00390,Meera Verma,+91 9952872826,Male,69,East,Regular,PROD0357,Dress 7911,BrandD,Clothing,Limited Edition,Premium,9,₹31771.61,12,₹285944.49,₹251631.15,Credit Card,Refunded,Express,STORE002,Kolkata,EMP0020,Anjali Agarwal
TXN0000391,2023-05-20,CUST00391,Meera Verma,+91 9311914110,Other,36,Central,VIP,PROD0441,Jacket 1991,BrandE,Clothing,Premium,Popular,5,₹49689.88,30,₹248449.40,₹173914.58,UPI,Refunded,Same Day,STORE002,Pune,EMP0034,Arjun Joshi
TXN0000392,2023-08-28,CUST00392,Anjali Verma,+91 9400911501,Other,60,West,Regular,PROD0375,Makeup 9292,BrandA,Beauty,Limited Edition,Popular,6,₹31663.92,18,₹189983.52,₹155786.49,Cash,Completed,Standard,STORE017,Kolkata,EMP0003,Rohit Reddy
TXN0000393,2024-10-10,CUST00393,Vikram Gupta,+91 9559390127,Male,52,South,VIP,PROD0475,Gym Equipment 5838,BrandC,Sports,Popular,New,9,₹32094.05,13,₹288846.45,₹251296.41,UPI,Refunded,Pickup,STORE004,Delhi,EMP0050,Priya Singh
TXN0000394,2023-05-07,CUST00394,Raj Reddy,+91 9876035487,Female,61,Central,Regular,PROD0003,Smartwatch 4406,BrandE,Electronics,Premium,Sale,2,₹2652.52,12,₹5305.04,₹4668.44,Cash,Pending,Standard,STORE012,Bangalore,EMP0026,Vikram Agarwal
TXN0000395,2024-09-21,CUST00395,Kavya Agarwal,+91 9288238411,Female,42,West,Premium,PROD0124,Tennis Racket 217,BrandA,Sports,New,Premium,5,₹31070.44,3,₹155352.20,₹150691.63,Credit Card,Refunded,Standard,STORE004,Hyderabad,EMP0041,Rohit Joshi
TXN0000396,2024-11-25,CUST00396,Anjali Gupta,+91 9829275623,Male,26,Central,Premium,PROD0416,Jacket 6835,BrandD,Clothing,Eco-Friendly,New,1,₹7285.78,30,₹7285.78,₹5100.05,Debit Card,Completed,Same Day,STORE003,Delhi,EMP0042,Anjali Singh
TXN0000397,2024-06-11,CUST00397,Rohit Singh,+91 9070724943,Other,39,Central,Regular,PROD0393,Jeans 7312,BrandC,Clothing,Eco-Friendly,Limited Edition,4,₹13808.51,15,₹55234.04,₹46948.93,Credit Card,Pending,Standard,STORE008,Hyderabad,EMP0001,Meera Gupta
TXN0000398,2024-12-24,CUST00398,Sneha Reddy,+91 9457680057,Male,53,East,VIP,PROD0297,Tablet 8792,BrandC,Electronics,Limited Edition,New,6,₹37524.60,3,₹225147.60,₹218393.17,Credit Card,Refunded,Pickup,STORE018,Chennai,EMP0013,Raj Yadav
TXN0000399,2023-11-06,CUST00399,Meera Verma,+91 9929638826,Other,38,North,Premium,PROD0347,Novel 2795,BrandB,Books,Limited Edition,Sale,9,₹558.91,18,₹5030.19,₹4124.76,Cash,Completed,Standard,STORE004,Chennai,EMP0008,Arjun Yadav
TXN0000400,2023-08-16,CUST00400,Rohit Patel,+91 9287952876,Male,56,Central,Premium,PROD0286,Dress 2844,BrandE,Clothing,Sale,Premium,8,₹31559.69,2,₹252477.52,₹247427.97,Wallet,Refunded,Pickup,STORE002,Mumbai,EMP0032,Sneha Singh
TXN0000401,2023-08-02,CUST00401,Amit Reddy,+91 9544054390,Other,48,Central,Regular,PROD0088,Cricket Bat 8758,BrandC,Sports,Sale,New,8,₹42573.11,13,₹340584.88,₹296308.85,Credit Card,Pending,Same Day,STORE016,Kolkata,EMP0036,Sneha Yadav
TXN0000402,2023-08-29,CUST00402,Priya Patel,+91 9306327970,Male,27,East,Regular,PROD0257,Cricket Bat 7109,BrandE,Sports,New,Eco-Friendly,10,₹44706.49,11,₹447064.90,₹397887.76,Cash,Pending,Standard,STORE017,Mumbai,EMP0008,Arjun Agarwal
TXN0000403,2023-07-11,CUST00403,Anjali Sharma,+91 9397160052,Female,61,West,Regular,PROD0487,Dairy 2216,BrandE,Food,Sale,Premium,3,₹40785.85,18,₹122357.55,₹100333.19,UPI,Pending,Same Day,STORE004,Hyderabad,EMP0042,Kavya Reddy
TXN0000404,2023-04-09,CUST00404,Meera Gupta,+91 9389062868,Female,46,Central,Regular,PROD0312,Jacket 2661,BrandB,Clothing,Sale,Limited Edition,4,₹38644.23,7,₹154576.92,₹143756.54,Cash,Refunded,Pickup,STORE014,Mumbai,EMP0005,Rohit Reddy
TXN0000405,2023-12-23,CUST00405,Vikram Kumar,+91 9965855454,Other,66,Central,VIP,PROD0248,Skincare 5393,BrandD,Beauty,Premium,Eco-Friendly,3,₹28179.67,16,₹84539.01,₹71012.77,Credit Card,Cancelled,Same Day,STORE016,Kolkata,EMP0007,Sneha Patel
TXN0000406,2023-06-24,CUST00406,Anjali Yadav,+91 9641313278,Other,62,North,VIP,PROD0073,Kitchenware 3724,BrandD,Home & Living,New,Eco-Friendly,6,₹14568.29,7,₹87409.74,₹81291.06,Net Banking,Completed,Standard,STORE006,Bangalore,EMP0003,Meera Gupta
TXN0000407,2023-06-03,CUST00407,Priya Kumar,+91 9189808979,Male,20,Central,Premium,PROD0258,Snacks 2077,BrandD,Food,Popular,Popular,7,₹32329.97,11,₹226309.79,₹201415.71,Net Banking,Cancelled,Express,STORE020,Chennai,EMP0037,Priya Gupta
TXN0000408,2023-02-16,CUST00408,Amit Sharma,+91 9418176788,Other,39,Central,Premium,PROD0344,Bedding 9299,BrandB,Home & Living,Popular,Premium,8,₹32573.62,1,₹260588.96,₹257983.07,Credit Card,Refunded,Same Day,STORE017,Chennai,EMP0003,Amit Patel
TXN0000409,2024-07-03,CUST00409,Arjun Reddy,+91 9614058316,Female,30,Central,VIP,PROD0081,Gym Equipment 3098,BrandB,Sports,New,New,9,₹30799.43,16,₹277194.87,₹232843.69,Wallet,Refunded,Express,STORE013,Bangalore,EMP0018,Raj Gupta
TXN0000410,2023-05-23,CUST00410,Sneha Singh,+91 9969416016,Male,26,South,VIP,PROD0311,Decor 376,BrandE,Home & Living,Popular,Limited Edition,8,₹36200.10,0,₹289600.80,₹289600.80,Net Banking,Completed,Same Day,STORE013,Delhi,EMP0044,Raj Reddy
TXN0000411,2023-07-19,CUST00411,Kavya Yadav,+91 9072981628,Female,27,South,Premium,PROD0174,Skincare 2343,BrandE,Beauty,Eco-Friendly,Popular,8,₹43210.15,22,₹345681.20,₹269631.34,Net Banking,Cancelled,Standard,STORE017,Kolkata,EMP0016,Meera Joshi
TXN0000412,2023-05-13,CUST00412,Priya Agarwal,+91 9276412496,Other,36,South,Premium,PROD0340,Laptop 653,BrandD,Electronics,Popular,Popular,1,₹42744.08,23,₹42744.08,₹32912.94,Debit Card,Cancelled,Same Day,STORE015,Bangalore,EMP0026,Meera Reddy
TXN0000413,2024-06-25,CUST00413,Amit Verma,+91 9503623531,Female,19,North,Premium,PROD0051,Cosmetics 9859,BrandC,Beauty,Eco-Friendly,Sale,1,₹48752.90,16,₹48752.90,₹40952.44,UPI,Cancelled,Pickup,STORE017,Chennai,EMP0038,Amit Yadav
TXN0000414,2024-02-07,CUST00414,Amit Reddy,+91 9135140642,Other,66,North,VIP,PROD0172,Comic 5309,BrandB,Books,Premium,New,5,₹25030.78,30,₹125153.90,₹87607.73,Credit Card,Pending,Express,STORE013,Mumbai,EMP0005,Kavya Yadav
TXN0000415,2024-09-01,CUST00415,Anjali Gupta,+91 9232624625,Male,23,East,VIP,PROD0440,Yoga Mat 4363,BrandB,Sports,Limited Edition,Limited Edition,5,₹17297.59,29,₹86487.95,₹61406.44,Net Banking,Cancelled,Same Day,STORE020,Delhi,EMP0033,Vikram Reddy
TXN0000416,2024-05-12,CUST00416,Anjali Verma,+91 9922891828,Female,60,West,VIP,PROD0022,Perfume 6807,BrandE,Beauty,New,Popular,4,₹48688.37,2,₹194753.48,₹190858.41,Net Banking,Pending,Same Day,STORE014,Bangalore,EMP0041,Amit Reddy
TXN0000417,2024-04-21,CUST00417,Priya Agarwal,+91 9809531338,Male,61,West,Premium,PROD0163,Football 446,BrandA,Sports,Premium,New,9,₹45430.28,8,₹408872.52,₹376162.72,UPI,Completed,Standard,STORE006,Delhi,EMP0037,Priya Yadav
TXN0000418,2024-11-29,CUST00418,Raj Sharma,+91 9618881529,Other,39,North,Premium,PROD0453,Comic 9991,BrandD,Books,Popular,Premium,7,₹18441.63,30,₹129091.41,₹90363.99,Debit Card,Pending,Same Day,STORE012,Kolkata,EMP0023,Rohit Reddy
TXN0000419,2024-09-09,CUST00419,Rohit Yadav,+91 9557576498,Male,31,South,Regular,PROD0270,T-Shirt 5631,BrandB,Clothing,New,Popular,10,₹7663.88,15,₹76638.80,₹65142.98,Net Banking,Completed,Pickup,STORE013,Hyderabad,EMP0041,Anjali Singh
TXN0000420,2023-02-27,CUST00420,Anjali Singh,+91 9332461180,Male,47,West,Premium,PROD0112,Lighting 2399,BrandE,Home & Living,Popular,Eco-Friendly,6,₹4864.91,4,₹29189.46,₹28021.88,Debit Card,Pending,Express,STORE011,Pune,EMP0013,Amit Sharma
TXN0000421,2024-05-25,CUST00421,Kavya Yadav,+91 9372531230,Other,46,East,Premium,PROD0168,Yoga Mat 7622,BrandC,Sports,Eco-Friendly,Limited Edition,8,₹14800.45,6,₹118403.60,₹111299.38,Debit Card,Cancelled,Standard,STORE017,Mumbai,EMP0043,Sneha Yadav
TXN0000422,2024-10-25,CUST00422,Raj Verma,+91 9259547469,Female,54,East,Regular,PROD0255,Skincare 4988,BrandD,Beauty,New,Popular,6,₹34602.16,25,₹207612.96,₹155709.72,Wallet,Pending,Same Day,STORE010,Bangalore,EMP0016,Kavya Reddy
TXN0000423,2024-02-09,CUST00423,Sneha Verma,+91 9667550124,Male,47,East,Premium,PROD0469,Frozen Food 8464,BrandB,Food,Sale,Popular,7,₹25879.93,27,₹181159.51,₹132246.44,UPI,Refunded,Same Day,STORE013,Chennai,EMP0008,Arjun Verma
TXN0000424,2024-05-10,CUST00424,Priya Sharma,+91 9286872305,Female,32,North,Premium,PROD0487,Biography 1826,BrandC,Books,Premium,Popular,9,₹46178.42,26,₹415605.78,₹307548.28,Debit Card,Completed,Same Day,STORE014,Bangalore,EMP0029,Priya Agarwal
TXN0000425,2024-12-24,CUST00425,Priya Kumar,+91 9587107746,Female,35,North,Premium,PROD0034,Snacks 7013,BrandE,Food,Eco-Friendly,Popular,8,₹28879.76,15,₹231038.08,₹196382.37,Cash,Cancelled,Pickup,STORE007,Delhi,EMP0022,Priya Reddy
TXN0000426,2023-06-30,CUST00426,Rohit Kumar,+91 9608180405,Male,70,East,VIP,PROD0281,Jeans 8907,BrandE,Clothing,Premium,Sale,8,₹6002.76,11,₹48022.08,₹42739.65,Cash,Completed,Pickup,STORE002,Bangalore,EMP0024,Amit Kumar
TXN0000427,2024-03-09,CUST00427,Vikram Gupta,+91 9886937853,Female,42,Central,Premium,PROD0341,Decor 6972,BrandC,Home & Living,New,Premium,9,₹13436.28,22,₹120926.52,₹94322.69,Cash,Pending,Same Day,STORE020,Chennai,EMP0002,Arjun Reddy
TXN0000428,2024-07-14,CUST00428,Meera Patel,+91 9549162208,Other,61,Central,VIP,PROD0065,Yoga Mat 6626,BrandB,Sports,New,Limited Edition,10,₹7131.59,6,₹71315.90,₹67036.95,Wallet,Completed,Pickup,STORE007,Pune,EMP0012,Sneha Yadav
TXN0000429,2023-08-05,CUST00429,Sneha Agarwal,+91 9264730310,Female,56,Central,Premium,PROD0090,T-Shirt 9369,BrandB,Clothing,Eco-Friendly,Popular,4,₹23355.97,12,₹93423.88,₹82213.01,UPI,Cancelled,Standard,STORE013,Delhi,EMP0033,Priya Verma
TXN0000430,2024-09-02,CUST00430,Anjali Verma,+91 9680604051,Male,70,West,Regular,PROD0173,Bedding 1164,BrandA,Home & Living,Popular,New,10,₹24668.44,30,₹246684.40,₹172679.08,Wallet,Pending,Pickup,STORE015,Bangalore,EMP0044,Rohit Yadav
TXN0000431,2023-07-20,CUST00431,Raj Joshi,+91 9984288955,Female,33,South,VIP,PROD0006,Novel 754,BrandB,Books,Premium,Premium,8,₹35257.02,29,₹282056.16,₹200259.87,Credit Card,Completed,Standard,STORE020,Mumbai,EMP0044,Amit Yadav
TXN0000432,2024-09-27,CUST00432,Amit Verma,+91 9676144242,Female,64,East,Premium,PROD0272,Cosmetics 9405,BrandC,Beauty,Popular,Limited Edition,8,₹2026.12,11,₹16208.96,₹14425.97,Credit Card,Cancelled,Express,STORE005,Mumbai,EMP0044,Vikram Joshi
TXN0000433,2024-09-16,CUST00433,Anjali Yadav,+91 9517689293,Female,59,East,Premium,PROD0001,Perfume 3269,BrandE,Beauty,New,Sale,6,₹37643.14,1,₹225858.84,₹223600.25,Cash,Completed,Same Day,STORE011,Kolkata,EMP0047,Anjali Reddy
TXN0000434,2023-06-23,CUST00434,Anjali Agarwal,+91 9440980443,Female,20,North,VIP,PROD0162,Snacks 2698,BrandD,Food,Limited Edition,Popular,4,₹41683.18,9,₹166732.72,₹151726.78,Wallet,Refunded,Express,STORE015,Kolkata,EMP0020,Meera Gupta
TXN0000435,2024-03-24,CUST00435,Sneha Joshi,+91 9802046924,Other,20,East,Premium,PROD0335,Decor 869,BrandA,Home & Living,Limited Edition,Sale,8,₹14585.95,13,₹116687.60,₹101518.21,Net Banking,Refunded,Same Day,STORE012,Hyderabad,EMP0043,Raj Kumar
TXN0000436,2024-10-01,CUST00436,Amit Sharma,+91 9821129905,Male,55,North,VIP,PROD0455,Yoga Mat 2979,BrandE,Sports,Sale,New,7,₹571.21,12,₹3998.47,₹3518.65,Debit Card,Completed,Pickup,STORE018,Bangalore,EMP0009,Meera Joshi
TXN0000437,2024-02-02,CUST00437,Raj Agarwal,+91 9753266953,Other,40,South,VIP,PROD0062,Jacket 556,BrandC,Clothing,Sale,Premium,5,₹27024.89,15,₹135124.45,₹114855.78,UPI,Refunded,Pickup,STORE015,Kolkata,EMP0049,Kavya Yadav
TXN0000438,2023-09-19,CUST00438,Vikram Joshi,+91 9303923595,Male,58,South,Premium,PROD0459,Haircare 1715,BrandD,Beauty,Popular,Limited Edition,1,₹2388.44,8,₹2388.44,₹2197.36,Cash,Refunded,Standard,STORE017,Chennai,EMP0021,Priya Verma
TXN0000439,2023-02-17,CUST00439,Arjun Gupta,+91 9868356643,Female,27,North,Regular,PROD0244,Jeans 9301,BrandB,Clothing,Eco-Friendly,Premium,8,₹37949.02,8,₹303592.16,₹279304.79,UPI,Pending,Pickup,STORE008,Hyderabad,EMP0041,Anjali Reddy
TXN0000440,2024-12-09,CUST00440,Kavya Yadav,+91 9078423635,Male,68,Central,VIP,PROD0327,Jeans 4068,BrandB,Clothing,Popular,Premium,7,₹24718.31,23,₹173028.17,₹133231.69,UPI,Pending,Pickup,STORE015,Bangalore,EMP0036,Raj Singh
TXN0000441,2023-08-19,CUST00441,Sneha Singh,+91 9050663973,Female,54,West,Regular,PROD0039,Kitchenware 1869,BrandE,Home & Living,Eco-Friendly,Limited Edition,9,₹14249.09,27,₹128241.81,₹93616.52,Cash,Pending,Pickup,STORE001,Mumbai,EMP0042,Kavya Sharma
TXN0000442,2023-06-21,CUST00442,Arjun Singh,+91 9372528190,Other,37,South,Regular,PROD0263,Tablet 5777,BrandA,Electronics,Eco-Friendly,Premium,9,₹15769.36,14,₹141924.24,₹122054.85,Net Banking,Refunded,Same Day,STORE007,Bangalore,EMP0023,Vikram Gupta
TXN0000443,2023-08-24,CUST00443,Arjun Yadav,+91 9354154956,Male,24,Central,Regular,PROD0327,Dairy 7927,BrandB,Food,New,Limited Edition,8,₹19044.19,7,₹152353.52,₹141688.77,Credit Card,Completed,Express,STORE003,Kolkata,EMP0025,Raj Singh
TXN0000444,2023-04-09,CUST00444,Sneha Singh,+91 9814268184,Other,64,North,VIP,PROD0314,Snacks 6249,BrandA,Food,Sale,New,1,₹19802.75,17,₹19802.75,₹16436.28,UPI,Pending,Express,STORE007,Pune,EMP0010,Meera Joshi
TXN0000445,2023-03-31,CUST00445,Priya Verma,+91 9292464111,Female,68,North,Regular,PROD0494,Gym Equipment 5129,BrandA,Sports,Popular,Popular,7,₹45161.10,4,₹316127.70,₹303482.59,Cash,Refunded,Standard,STORE014,Pune,EMP0007,Priya Kumar
TXN0000446,2024-08-27,CUST00446,Arjun Reddy,+91 9683444111,Male,26,North,Regular,PROD0293,Comic 7228,BrandA,Books,Premium,New,4,₹27003.97,15,₹108015.88,₹91813.50,UPI,Completed,Express,STORE013,Pune,EMP0013,Sneha Sharma
TXN0000447,2024-10-23,CUST00447,Kavya Reddy,+91 9239316963,Other,56,North,Premium,PROD0223,Headphones 3121,BrandD,Electronics,Limited Edition,Popular,4,₹21550.83,12,₹86203.32,₹75858.92,UPI,Pending,Standard,STORE019,Mumbai,EMP0038,Arjun Gupta
TXN0000448,2023-03-19,CUST00448,Anjali Patel,+91 9804169327,Male,28,West,VIP,PROD0099,Football 6165,BrandE,Sports,Sale,Eco-Friendly,3,₹11599.15,3,₹34797.45,₹33753.53,Wallet,Refunded,Standard,STORE002,Hyderabad,EMP0046,Arjun Sharma
TXN0000449,2023-03-29,CUST00449,Amit Reddy,+91 9322962480,Other,57,Central,Premium,PROD0353,Cricket Bat 6681,BrandB,Sports,Popular,Sale,5,₹7611.55,23,₹38057.75,₹29304.47,UPI,Pending,Same Day,STORE011,Hyderabad,EMP0035,Meera Joshi
TXN0000450,2024-03-11,CUST00450,Arjun Agarwal,+91 9374438914,Male,55,Central,VIP,PROD0306,Jeans 926,BrandD,Clothing,Limited Edition,Sale,1,₹26997.90,1,₹26997.90,₹26727.92,Wallet,Refunded,Pickup,STORE001,Kolkata,EMP0014,Meera Patel
TXN0000451,2023-10-03,CUST00451,Priya Sharma,+91 9463244139,Other,69,West,Premium,PROD0015,Jeans 2739,BrandE,Clothing,Popular,Eco-Friendly,4,₹40576.66,13,₹162306.64,₹141206.78,Net Banking,Cancelled,Pickup,STORE012,Kolkata,EMP0029,Kavya Agarwal
TXN0000452,2023-08-13,CUST00452,Vikram Patel,+91 9057328028,Female,32,South,Regular,PROD0444,Furniture 3342,BrandD,Home & Living,Limited Edition,Popular,2,₹5619.38,16,₹11238.76,₹9440.56,Debit Card,Refunded,Express,STORE002,Bangalore,EMP0006,Amit Patel
TXN0000453,2024-11-16,CUST00453,Anjali Singh,+91 9697284142,Female,33,West,Regular,PROD0199,Snacks 9967,BrandA,Food,Premium,Premium,6,₹40785.99,28,₹244715.94,₹176195.48,Debit Card,Cancelled,Express,STORE004,Pune,EMP0043,Raj Agarwal
TXN0000454,2023-05-22,CUST00454,Vikram Reddy,+91 9862911033,Female,29,North,VIP,PROD0283,Football 2293,BrandD,Sports,Sale,Sale,6,₹30572.59,19,₹183435.54,₹148582.79,Credit Card,Refunded,Express,STORE009,Kolkata,EMP0017,Priya Patel
TXN0000455,2024-02-29,CUST00455,Raj Sharma,+91 9407130648,Male,62,Central,Regular,PROD0021,Smartphone 8020,BrandA,Electronics,Eco-Friendly,New,7,₹16355.00,24,₹114485.00,₹87008.60,Wallet,Completed,Standard,STORE007,Pune,EMP0016,Rohit Agarwal
TXN0000456,2024-02-11,CUST00456,Sneha Singh,+91 9930756549,Female,55,East,VIP,PROD0317,Beverages 9607,BrandD,Food,Premium,Popular,1,₹44104.19,22,₹44104.19,₹34401.27,Net Banking,Refunded,Standard,STORE004,Bangalore,EMP0038,Vikram Reddy
TXN0000457,2024-10-18,CUST00457,Sneha Verma,+91 9926140682,Male,46,Central,Premium,PROD0132,Novel 3379,BrandA,Books,Sale,Limited Edition,2,₹10704.88,9,₹21409.76,₹19482.88,Cash,Pending,Same Day,STORE006,Hyderabad,EMP0028,Amit Singh
TXN0000458,2023-07-28,CUST00458,Raj Kumar,+91 9655806482,Other,68,Central,Regular,PROD0370,Headphones 8003,BrandB,Electronics,New,Sale,10,₹32362.07,23,₹323620.70,₹249187.94,Net Banking,Cancelled,Standard,STORE001,Bangalore,EMP0047,Sneha Kumar
TXN0000459,2024-08-25,CUST00459,Raj Yadav,+91 9411189067,Male,59,North,VIP,PROD0141,Makeup 7384,BrandD,Beauty,Premium,Eco-Friendly,3,₹28106.81,21,₹84320.43,₹66613.14,Net Banking,Refunded,Same Day,STORE017,Mumbai,EMP0020,Rohit Patel
TXN0000460,2024-02-17,CUST00460,Rohit Kumar,+91 9791199973,Female,43,North,Regular,PROD0074,Decor 7074,BrandD,Home & Living,Popular,Eco-Friendly,8,₹180.24,2,₹1441.92,₹1413.08,Credit Card,Refunded,Same Day,STORE008,Chennai,EMP0001,Kavya Singh
TXN0000461,2024-05-12,CUST00461,Raj Sharma,+91 9887606849,Female,33,East,Premium,PROD0153,Makeup 5328,BrandB,Beauty,Sale,Premium,1,₹2166.89,30,₹2166.89,₹1516.82,UPI,Refunded,Express,STORE004,Hyderabad,EMP0010,Amit Joshi
TXN0000462,2024-10-01,CUST00462,Meera Kumar,+91 9069978930,Female,40,North,Premium,PROD0107,Yoga Mat 6458,BrandD,Sports,New,Sale,4,₹5188.78,9,₹20755.12,₹18887.16,UPI,Refunded,Same Day,STORE014,Chennai,EMP0030,Vikram Yadav
TXN0000463,2023-09-25,CUST00463,Kavya Verma,+91 9651458323,Other,20,South,Premium,PROD0313,Tennis Racket 4040,BrandE,Sports,Premium,Sale,5,₹6309.35,15,₹31546.75,₹26814.74,Debit Card,Pending,Pickup,STORE015,Kolkata,EMP0007,Anjali Sharma
TXN0000464,2023-05-11,CUST00464,Rohit Gupta,+91 9380330627,Female,59,West,Regular,PROD0007,Smartphone 795,BrandE,Electronics,New,Sale,5,₹2192.63,8,₹10963.15,₹10086.10,Cash,Completed,Same Day,STORE018,Delhi,EMP0021,Arjun Patel
TXN0000465,2024-09-03,CUST00465,Sneha Reddy,+91 9626795810,Other,57,South,VIP,PROD0202,Frozen Food 7053,BrandC,Food,Eco-Friendly,Popular,4,₹11927.04,20,₹47708.16,₹38166.53,UPI,Refunded,Pickup,STORE015,Pune,EMP0017,Amit Verma
TXN0000466,2024-12-18,CUST00466,Kavya Agarwal,+91 9474585193,Male,31,Central,Regular,PROD0316,Lighting 4562,BrandC,Home & Living,Sale,Eco-Friendly,7,₹24349.92,11,₹170449.44,₹151700.00,Debit Card,Completed,Pickup,STORE009,Bangalore,EMP0045,Kavya Gupta
TXN0000467,2023-12-29,CUST00467,Arjun Kumar,+91 9115145908,Female,37,South,VIP,PROD0151,Jacket 1189,BrandE,Clothing,Premium,Limited Edition,2,₹12541.51,10,₹25083.02,₹22574.72,Wallet,Completed,Same Day,STORE007,Kolkata,EMP0033,Anjali Verma
TXN0000468,2024-07-15,CUST00468,Anjali Agarwal,+91 9959794116,Female,41,North,VIP,PROD0243,Smartphone 4788,BrandD,Electronics,Limited Edition,Sale,4,₹2765.21,15,₹11060.84,₹9401.71,Net Banking,Completed,Standard,STORE012,Chennai,EMP0042,Amit Singh
TXN0000469,2024-05-13,CUST00469,Sneha Gupta,+91 9537607850,Male,52,South,Premium,PROD0352,Jacket 4415,BrandA,Clothing,Premium,Sale,6,₹8696.97,14,₹52181.82,₹44876.37,Net Banking,Cancelled,Pickup,STORE008,Delhi,EMP0011,Anjali Gupta
TXN0000470,2024-04-26,CUST00470,Anjali Singh,+91 9262743177,Female,54,East,Premium,PROD0268,Beverages 3658,BrandD,Food,Eco-Friendly,Sale,4,₹23176.78,9,₹92707.12,₹84363.48,UPI,Refunded,Standard,STORE016,Pune,EMP0045,Kavya Kumar
TXN0000471,2023-03-27,CUST00471,Sneha Verma,+91 9129901628,Other,25,Central,Premium,PROD0250,Haircare 9590,BrandE,Beauty,Premium,Popular,5,₹37960.99,2,₹189804.95,₹186008.85,Net Banking,Refunded,Same Day,STORE004,Mumbai,EMP0006,Meera Sharma
TXN0000472,2024-02-17,CUST00472,Priya Joshi,+91 9909373431,Male,19,Central,VIP,PROD0177,Smartwatch 656,BrandC,Electronics,Premium,Premium,7,₹20146.36,4,₹141024.52,₹135383.54,Net Banking,Completed,Express,STORE018,Chennai,EMP0033,Rohit Agarwal
TXN0000473,2023-03-02,CUST00473,Priya Agarwal,+91 9227382872,Female,23,West,Premium,PROD0286,Dairy 6742,BrandE,Food,New,Popular,2,₹30218.33,29,₹60436.66,₹42910.03,Wallet,Pending,Pickup,STORE015,Pune,EMP0009,Priya Agarwal
TXN0000474,2023-02-19,CUST00474,Priya Gupta,+91 9483087076,Female,65,South,VIP,PROD0362,Snacks 9850,BrandB,Food,Popular,New,1,₹20043.71,12,₹20043.71,₹17638.46,Cash,Completed,Express,STORE019,Kolkata,EMP0032,Raj Yadav
TXN0000475,2023-02-16,CUST00475,Kavya Gupta,+91 9561662711,Female,31,East,Premium,PROD0435,Skincare 7807,BrandB,Beauty,Popular,Premium,7,₹4494.00,6,₹31458.00,₹29570.52,Wallet,Pending,Standard,STORE008,Mumbai,EMP0029,Anjali Yadav
TXN0000476,2024-08-01,CUST00476,Rohit Patel,+91 9031926983,Other,41,East,Premium,PROD0335,Dairy 798,BrandD,Food,New,Premium,9,₹35876.68,8,₹322890.12,₹297058.91,UPI,Completed,Standard,STORE006,Bangalore,EMP0032,Priya Joshi
TXN0000477,2024-12-21,CUST00477,Arjun Yadav,+91 9165663159,Other,47,North,VIP,PROD0332,Laptop 9834,BrandD,Electronics,Popular,Premium,1,₹24507.11,15,₹24507.11,₹20831.04,Net Banking,Completed,Standard,STORE016,Hyderabad,EMP0023,Sneha Gupta
TXN0000478,2024-11-16,CUST00478,Meera Verma,+91 9568338009,Male,20,Central,Premium,PROD0306,Tablet 6808,BrandC,Electronics,Popular,Sale,4,₹10347.01,0,₹41388.04,₹41388.04,Wallet,Completed,Express,STORE010,Hyderabad,EMP0016,Vikram Patel
TXN0000479,2023-05-21,CUST00479,Priya Agarwal,+91 9087282037,Female,70,East,Regular,PROD0478,Dairy 5779,BrandD,Food,New,New,10,₹3002.85,18,₹30028.50,₹24623.37,UPI,Pending,Standard,STORE015,Kolkata,EMP0023,Rohit Kumar
TXN0000480,2024-02-14,CUST00480,Amit Patel,+91 9750391465,Male,39,North,Premium,PROD0478,Yoga Mat 7257,BrandE,Sports,Sale,Premium,4,₹45334.12,2,₹181336.48,₹177709.75,Credit Card,Cancelled,Pickup,STORE015,Kolkata,EMP0027,Priya Joshi
TXN0000481,2024-08-04,CUST00481,Meera Kumar,+91 9565377849,Other,68,South,VIP,PROD0367,Haircare 7062,BrandA,Beauty,Popular,Eco-Friendly,7,₹22788.25,27,₹159517.75,₹116447.96,Credit Card,Completed,Standard,STORE016,Pune,EMP0033,Anjali Gupta
TXN0000482,2024-01-02,CUST00482,Sneha Singh,+91 9292243297,Other,50,East,VIP,PROD0161,Perfume 6771,BrandA,Beauty,Popular,Popular,6,₹45912.45,25,₹275474.70,₹206606.02,UPI,Refunded,Same Day,STORE006,Pune,EMP0008,Vikram Kumar
TXN0000483,2023-06-29,CUST00483,Vikram Agarwal,+91 9621961479,Female,19,Central,Premium,PROD0353,Smartphone 1930,BrandB,Electronics,Popular,Popular,7,₹12635.24,6,₹88446.68,₹83139.88,UPI,Refunded,Standard,STORE013,Pune,EMP0021,Rohit Gupta
TXN0000484,2024-05-27,CUST00484,Raj Verma,+91 9449027402,Female,37,Central,VIP,PROD0467,Cosmetics 9095,BrandA,Beauty,Eco-Friendly,New,2,₹13816.33,19,₹27632.66,₹22382.45,Net Banking,Completed,Same Day,STORE008,Hyderabad,EMP0008,Anjali Patel
TXN0000485,2023-02-20,CUST00485,Priya Yadav,+91 9481778608,Male,55,North,VIP,PROD0085,Groceries 4255,BrandD,Food,Limited Edition,New,2,₹34683.74,5,₹69367.48,₹65899.11,Credit Card,Refunded,Express,STORE008,Hyderabad,EMP0038,Anjali Gupta
TXN0000486,2024-10-03,CUST00486,Sneha Gupta,+91 9841089359,Female,62,North,VIP,PROD0242,Headphones 9769,BrandA,Electronics,Eco-Friendly,Popular,2,₹44735.85,3,₹89471.70,₹86787.55,Credit Card,Cancelled,Express,STORE003,Kolkata,EMP0003,Rohit Gupta
TXN0000487,2024-07-06,CUST00487,Arjun Kumar,+91 9767502587,Female,62,South,Premium,PROD0210,Gym Equipment 6789,BrandE,Sports,Limited Edition,New,10,₹9018.91,4,₹90189.10,₹86581.54,Debit Card,Completed,Same Day,STORE008,Delhi,EMP0035,Meera Agarwal
TXN0000488,2023-12-28,CUST00488,Amit Singh,+91 9327730439,Male,25,North,VIP,PROD0473,Snacks 3907,BrandB,Food,Premium,Limited Edition,3,₹20961.26,22,₹62883.78,₹49049.35,Credit Card,Cancelled,Standard,STORE008,Mumbai,EMP0011,Amit Patel
TXN0000489,2024-11-10,CUST00489,Meera Verma,+91 9203336047,Female,27,North,VIP,PROD0492,Jeans 6428,BrandD,Clothing,Premium,Popular,2,₹4494.53,24,₹8989.06,₹6831.69,Wallet,Pending,Same Day,STORE006,Hyderabad,EMP0025,Vikram Verma
TXN0000490,2024-12-24,CUST00490,Raj Gupta,+91 9227167637,Female,47,North,VIP,PROD0046,Furniture 6603,BrandB,Home & Living,Sale,Premium,3,₹31164.81,2,₹93494.43,₹91624.54,UPI,Cancelled,Standard,STORE013,Delhi,EMP0017,Rohit Gupta
TXN0000491,2023-11-15,CUST00491,Priya Patel,+91 9783541677,Female,68,West,VIP,PROD0162,Snacks 6809,BrandA,Food,Eco-Friendly,New,5,₹29688.14,26,₹148440.70,₹109846.12,UPI,Cancelled,Standard,STORE009,Hyderabad,EMP0006,Priya Yadav
TXN0000492,2024-04-07,CUST00492,Raj Patel,+91 9530704930,Female,59,East,Regular,PROD0067,Dairy 624,BrandE,Food,Sale,Limited Edition,9,₹15385.80,30,₹138472.20,₹96930.54,Debit Card,Completed,Pickup,STORE017,Kolkata,EMP0042,Amit Reddy
TXN0000493,2023-05-12,CUST00493,Rohit Verma,+91 9522868473,Other,20,North,Regular,PROD0298,Dress 1412,BrandC,Clothing,Limited Edition,Eco-Friendly,3,₹20721.21,0,₹62163.63,₹62163.63,Cash,Cancelled,Standard,STORE004,Hyderabad,EMP0024,Sneha Sharma
TXN0000494,2024-06-18,CUST00494,Amit Gupta,+91 9513740750,Other,36,South,Premium,PROD0390,Bedding 8361,BrandB,Home & Living,Premium,Eco-Friendly,2,₹7764.31,25,₹15528.62,₹11646.47,Debit Card,Completed,Pickup,STORE013,Kolkata,EMP0003,Kavya Yadav
TXN0000495,2024-09-26,CUST00495,Vikram Patel,+91 9345281613,Other,43,West,Premium,PROD0291,Tennis Racket 280,BrandE,Sports,Eco-Friendly,Premium,7,₹31850.79,24,₹222955.53,₹169446.20,Debit Card,Pending,Pickup,STORE012,Mumbai,EMP0048,Arjun Gupta
TXN0000496,2023-04-17,CUST00496,Rohit Joshi,+91 9687417256,Other,26,South,Regular,PROD0200,Tennis Racket 3262,BrandC,Sports,Popular,Popular,5,₹37607.52,26,₹188037.60,₹139147.82,Credit Card,Pending,Same Day,STORE012,Mumbai,EMP0016,Rohit Joshi
TXN0000497,2024-07-27,CUST00497,Raj Kumar,+91 9777189364,Female,33,South,VIP,PROD0051,Gym Equipment 4045,BrandE,Sports,Limited Edition,Popular,10,₹26032.47,13,₹260324.70,₹226482.49,Credit Card,Cancelled,Same Day,STORE001,Hyderabad,EMP0042,Priya Yadav
TXN0000498,2024-05-14,CUST00498,Kavya Verma,+91 9508514358,Male,46,South,VIP,PROD0073,Cookbook 3067,BrandA,Books,Premium,Limited Edition,2,₹12016.94,6,₹24033.88,₹22591.85,Credit Card,Pending,Same Day,STORE013,Kolkata,EMP0029,Amit Verma
TXN0000499,2023-03-19,CUST00499,Rohit Verma,+91 9873344637,Other,61,South,Premium,PROD0304,Dress 9697,BrandD,Clothing,Premium,Popular,7,₹151.52,9,₹1060.64,₹965.18,Credit Card,Completed,Same Day,STORE007,Chennai,EMP0020,Arjun Gupta
TXN0000500,2024-03-05,CUST00500,Anjali Reddy,+91 9161282829,Male,35,West,VIP,PROD0114,Tennis Racket 2596,BrandC,Sports,Limited Edition,Popular,3,₹45970.95,2,₹137912.85,₹135154.59,Net Banking,Pending,Same Day,STORE007,Bangalore,EMP0025,Kavya Gupta
TXN0000501,2024-03-24,CUST00501,Meera Kumar,+91 9871800307,Female,43,Central,VIP,PROD0060,Cricket Bat 9727,BrandB,Sports,New,Eco-Friendly,3,₹4065.94,25,₹12197.82,₹9148.36,UPI,Refunded,Same Day,STORE007,Bangalore,EMP0009,Meera Gupta
TXN0000502,2023-08-26,CUST00502,Meera Verma,+91 9444151775,Other,35,East,VIP,PROD0073,Haircare 2489,BrandA,Beauty,Limited Edition,Limited Edition,1,₹2708.92,30,₹2708.92,₹1896.24,Credit Card,Cancelled,Standard,STORE012,Delhi,EMP0023,Anjali Verma
TXN0000503,2023-01-14,CUST00503,Anjali Joshi,+91 9752262312,Other,19,Central,Premium,PROD0160,Novel 5254,BrandD,Books,Popular,Popular,4,₹32502.61,25,₹130010.44,₹97507.83,Net Banking,Pending,Standard,STORE012,Delhi,EMP0003,Raj Reddy
TXN0000504,2023-12-16,CUST00504,Raj Agarwal,+91 9112307893,Female,28,East,Regular,PROD0328,Football 9799,BrandE,Sports,Sale,Eco-Friendly,5,₹28059.24,2,₹140296.20,₹137490.28,Net Banking,Pending,Pickup,STORE013,Pune,EMP0046,Arjun Singh
TXN0000505,2023-08-19,CUST00505,Raj Joshi,+91 9204835872,Other,61,South,Regular,PROD0295,Dress 3000,BrandD,Clothing,Limited Edition,Popular,4,₹41456.36,1,₹165825.44,₹164167.19,Cash,Refunded,Express,STORE003,Pune,EMP0002,Priya Joshi
TXN0000506,2023-04-27,CUST00506,Rohit Yadav,+91 9240514286,Male,22,North,Regular,PROD0223,Smartwatch 1973,BrandB,Electronics,Limited Edition,New,7,₹33586.89,14,₹235108.23,₹202193.08,Cash,Pending,Express,STORE006,Mumbai,EMP0011,Amit Patel
TXN0000507,2023-07-22,CUST00507,Rohit Singh,+91 9657285019,Female,38,Central,Regular,PROD0037,Jeans 891,BrandC,Clothing,Premium,New,6,₹5726.34,1,₹34358.04,₹34014.46,Debit Card,Completed,Pickup,STORE001,Hyderabad,EMP0048,Kavya Yadav
TXN0000508,2023-12-16,CUST00508,Rohit Singh,+91 9376649378,Female,24,Central,Regular,PROD0443,T-Shirt 1375,BrandD,Clothing,Premium,Premium,8,₹43835.96,30,₹350687.68,₹245481.38,Wallet,Pending,Express,STORE008,Chennai,EMP0016,Meera Sharma
TXN0000509,2024-10-23,CUST00509,Kavya Gupta,+91 9244249220,Other,42,West,Regular,PROD0138,Groceries 1505,BrandA,Food,Sale,Eco-Friendly,5,₹29411.46,25,₹147057.30,₹110292.97,Debit Card,Cancelled,Express,STORE009,Hyderabad,EMP0041,Anjali Gupta
TXN0000510,2023-10-03,CUST00510,Sneha Joshi,+91 9523445870,Male,46,East,VIP,PROD0178,Furniture 1301,BrandD,Home & Living,Premium,Sale,5,₹31616.45,20,₹158082.25,₹126465.80,Cash,Completed,Standard,STORE015,Bangalore,EMP0018,Vikram Joshi
TXN0000511,2023-01-03,CUST00511,Anjali Verma,+91 9701521582,Other,56,West,Regular,PROD0250,Comic 9557,BrandB,Books,Eco-Friendly,Eco-Friendly,8,₹32413.86,19,₹259310.88,₹210041.81,Cash,Refunded,Pickup,STORE008,Mumbai,EMP0036,Anjali Yadav
TXN0000512,2023-09-28,CUST00512,Meera Verma,+91 9699637289,Male,49,South,Premium,PROD0249,Lighting 4950,BrandE,Home & Living,Eco-Friendly,Eco-Friendly,1,₹49139.67,25,₹49139.67,₹36854.75,Credit Card,Pending,Same Day,STORE009,Kolkata,EMP0005,Rohit Agarwal
TXN0000513,2024-04-12,CUST00513,Arjun Yadav,+91 9439675120,Other,31,North,Premium,PROD0235,Tablet 9344,BrandA,Electronics,Limited Edition,Popular,1,₹21029.82,28,₹21029.82,₹15141.47,Net Banking,Refunded,Express,STORE017,Bangalore,EMP0038,Vikram Singh
TXN0000514,2023-06-15,CUST00514,Vikram Singh,+91 9433600818,Other,32,West,Premium,PROD0098,Dress 4033,BrandC,Clothing,Limited Edition,Eco-Friendly,1,₹1864.11,22,₹1864.11,₹1454.01,UPI,Pending,Standard,STORE018,Bangalore,EMP0018,Sneha Reddy
TXN0000515,2023-06-28,CUST00515,Priya Singh,+91 9975834910,Female,51,Central,Regular,PROD0463,Jacket 1701,BrandD,Clothing,Eco-Friendly,Popular,4,₹8642.04,13,₹34568.16,₹30074.30,Credit Card,Completed,Standard,STORE017,Pune,EMP0025,Sneha Patel
TXN0000516,2023-03-11,CUST00516,Meera Gupta,+91 9108088328,Male,61,Central,Premium,PROD0246,Comic 4042,BrandA,Books,Eco-Friendly,Sale,7,₹44987.52,16,₹314912.64,₹264526.62,Credit Card,Cancelled,Pickup,STORE019,Kolkata,EMP0039,Raj Yadav
TXN0000517,2024-08-19,CUST00517,Raj Joshi,+91 9716396254,Male,47,Central,VIP,PROD0003,Frozen Food 8732,BrandD,Food,Sale,Sale,5,₹10013.16,1,₹50065.80,₹49565.14,Debit Card,Cancelled,Express,STORE014,Bangalore,EMP0008,Anjali Patel
TXN0000518,2024-05-03,CUST00518,Arjun Yadav,+91 9348931804,Other,38,Central,VIP,PROD0098,Makeup 2975,BrandE,Beauty,Eco-Friendly,Popular,4,₹3206.70,23,₹12826.80,₹9876.64,UPI,Cancelled,Same Day,STORE015,Bangalore,EMP0004,Arjun Reddy
TXN0000519,2023-07-02,CUST00519,Raj Yadav,+91 9118314330,Female,32,North,Regular,PROD0174,Snacks 4156,BrandC,Food,Popular,Eco-Friendly,4,₹25189.70,17,₹100758.80,₹83629.80,Debit Card,Refunded,Pickup,STORE012,Delhi,EMP0021,Meera Sharma
TXN0000520,2024-07-08,CUST00520,Vikram Kumar,+91 9752992930,Female,50,West,Premium,PROD0455,Dairy 9226,BrandE,Food,Sale,Popular,2,₹3231.85,24,₹6463.70,₹4912.41,Credit Card,Completed,Pickup,STORE015,Delhi,EMP0050,Arjun Joshi
TXN0000521,2023-11-08,CUST00521,Priya Verma,+91 9230179743,Male,42,South,Regular,PROD0111,Skincare 9863,BrandE,Beauty,New,Limited Edition,4,₹2614.56,7,₹10458.24,₹9726.16,Debit Card,Refunded,Pickup,STORE013,Mumbai,EMP0006,Arjun Sharma
TXN0000522,2024-10-24,CUST00522,Sneha Gupta,+91 9673845708,Other,30,Central,VIP,PROD0263,Lighting 3998,BrandE,Home & Living,Popular,Eco-Friendly,3,₹1848.67,14,₹5546.01,₹4769.57,Wallet,Refunded,Pickup,STORE012,Pune,EMP0027,Amit Verma
TXN0000523,2023-09-15,CUST00523,Priya Kumar,+91 9670653073,Other,26,East,Premium,PROD0350,Yoga Mat 4136,BrandC,Sports,Sale,Popular,2,₹25821.27,19,₹51642.54,₹41830.46,Wallet,Pending,Express,STORE020,Bangalore,EMP0044,Kavya Patel
TXN0000524,2024-08-06,CUST00524,Vikram Reddy,+91 9186970900,Other,35,West,Premium,PROD0223,Lighting 4372,BrandE,Home & Living,Premium,New,2,₹39662.51,17,₹79325.02,₹65839.77,Debit Card,Pending,Pickup,STORE011,Delhi,EMP0045,Raj Joshi
TXN0000525,2024-10-24,CUST00525,Sneha Sharma,+91 9947356065,Male,34,North,Premium,PROD0055,Yoga Mat 8110,BrandA,Sports,Limited Edition,Eco-Friendly,6,₹18938.68,16,₹113632.08,₹95450.95,UPI,Cancelled,Express,STORE001,Kolkata,EMP0028,Rohit Singh
TXN0000526,2024-04-01,CUST00526,Meera Patel,+91 9855044851,Other,31,North,Premium,PROD0326,Bedding 1300,BrandC,Home & Living,New,Eco-Friendly,1,₹3605.56,28,₹3605.56,₹2596.00,Credit Card,Cancelled,Standard,STORE020,Hyderabad,EMP0033,Raj Kumar
TXN0000527,2023-06-09,CUST00527,Anjali Agarwal,+91 9353643195,Other,52,East,Premium,PROD0473,Frozen Food 7078,BrandC,Food,Popular,Premium,8,₹40104.08,23,₹320832.64,₹247041.13,Debit Card,Refunded,Express,STORE019,Delhi,EMP0020,Kavya Gupta
TXN0000528,2023-04-11,CUST00528,Kavya Joshi,+91 9443281112,Other,19,Central,VIP,PROD0108,Cosmetics 1246,BrandD,Beauty,Premium,Eco-Friendly,9,₹47681.83,6,₹429136.47,₹403388.28,Cash,Pending,Pickup,STORE014,Chennai,EMP0049,Arjun Patel
TXN0000529,2023-03-09,CUST00529,Vikram Patel,+91 9135872890,Female,50,South,VIP,PROD0034,Lighting 5929,BrandA,Home & Living,Premium,Popular,8,₹45948.32,25,₹367586.56,₹275689.92,UPI,Pending,Express,STORE005,Hyderabad,EMP0049,Meera Yadav
TXN0000530,2024-04-16,CUST00530,Priya Yadav,+91 9036591497,Female,42,North,Regular,PROD0073,Snacks 4563,BrandC,Food,Premium,New,6,₹12333.16,21,₹73998.96,₹58459.18,Credit Card,Cancelled,Same Day,STORE007,Pune,EMP0004,Anjali Sharma
TXN0000531,2023-12-05,CUST00531,Vikram Agarwal,+91 9192614639,Male,26,West,Regular,PROD0044,Skincare 8866,BrandB,Beauty,New,New,8,₹2644.18,4,₹21153.44,₹20307.30,Credit Card,Pending,Standard,STORE009,Hyderabad,EMP0038,Kavya Agarwal
TXN0000532,2024-10-15,CUST00532,Amit Gupta,+91 9758621522,Other,43,East,Regular,PROD0398,Beverages 2230,BrandD,Food,New,Popular,7,₹9949.95,9,₹69649.65,₹63381.18,Net Banking,Cancelled,Same Day,STORE014,Pune,EMP0032,Amit Sharma
TXN0000533,2023-07-27,CUST00533,Amit Kumar,+91 9640027960,Other,63,West,Regular,PROD0057,Tennis Racket 4941,BrandE,Sports,Popular,New,3,₹19326.43,23,₹57979.29,₹44644.05,Debit Card,Completed,Express,STORE002,Hyderabad,EMP0046,Rohit Agarwal
TXN0000534,2024-07-26,CUST00534,Anjali Joshi,+91 9249730631,Male,63,North,Premium,PROD0289,Bedding 9425,BrandB,Home & Living,Popular,Sale,9,₹19291.80,23,₹173626.20,₹133692.17,Wallet,Refunded,Same Day,STORE016,Pune,EMP0029,Meera Gupta
TXN0000535,2024-10-06,CUST00535,Rohit Yadav,+91 9338099775,Male,49,South,VIP,PROD0078,Perfume 5892,BrandD,Beauty,Limited Edition,Limited Edition,9,₹39758.73,4,₹357828.57,₹343515.43,UPI,Cancelled,Express,STORE005,Mumbai,EMP0017,Meera Singh
TXN0000536,2024-09-14,CUST00536,Rohit Yadav,+91 9520763486,Female,56,North,Premium,PROD0453,Bedding 9576,BrandB,Home & Living,Limited Edition,Limited Edition,5,₹40786.64,3,₹203933.20,₹197815.20,Wallet,Cancelled,Express,STORE013,Chennai,EMP0010,Arjun Sharma
TXN0000537,2024-11-29,CUST00537,Priya Patel,+91 9248882679,Other,68,Central,Premium,PROD0430,Groceries 9242,BrandA,Food,Premium,Premium,5,₹533.63,13,₹2668.15,₹2321.29,Credit Card,Completed,Pickup,STORE005,Bangalore,EMP0011,Priya Reddy
TXN0000538,2023-12-14,CUST00538,Anjali Kumar,+91 9679167274,Other,25,East,VIP,PROD0432,Dress 378,BrandA,Clothing,New,Limited Edition,8,₹42245.88,5,₹337967.04,₹321068.69,Credit Card,Refunded,Standard,STORE001,Mumbai,EMP0050,Amit Patel
TXN0000539,2024-11-30,CUST00539,Meera Gupta,+91 9250722855,Other,22,Central,VIP,PROD0374,Kitchenware 4015,BrandB,Home & Living,Popular,Sale,1,₹18734.13,5,₹18734.13,₹17797.42,Credit Card,Completed,Express,STORE009,Kolkata,EMP0004,Meera Gupta
TXN0000540,2023-11-26,CUST00540,Sneha Agarwal,+91 9787799703,Male,62,North,VIP,PROD0472,Beverages 8201,BrandB,Food,New,Sale,2,₹9915.23,11,₹19830.46,₹17649.11,Wallet,Cancelled,Express,STORE014,Chennai,EMP0004,Meera Sharma
TXN0000541,2023-11-16,CUST00541,Priya Verma,+91 9985896406,Female,49,North,VIP,PROD0162,Laptop 184,BrandE,Electronics,Popular,Eco-Friendly,7,₹35082.83,13,₹245579.81,₹213654.43,Cash,Cancelled,Pickup,STORE007,Chennai,EMP0040,Priya Singh
TXN0000542,2024-03-23,CUST00542,Priya Agarwal,+91 9709357673,Female,39,Central,VIP,PROD0472,Jeans 2733,BrandE,Clothing,Premium,New,3,₹40848.54,5,₹122545.62,₹116418.34,Debit Card,Pending,Same Day,STORE010,Hyderabad,EMP0010,Anjali Singh
TXN0000543,2023-08-10,CUST00543,Amit Kumar,+91 9717922424,Female,63,North,Premium,PROD0187,Jacket 6728,BrandA,Clothing,Premium,Premium,1,₹1560.77,11,₹1560.77,₹1389.09,Credit Card,Pending,Standard,STORE010,Mumbai,EMP0029,Vikram Yadav
TXN0000544,2023-12-17,CUST00544,Amit Singh,+91 9931193079,Male,20,West,VIP,PROD0257,Smartphone 1895,BrandE,Electronics,New,New,6,₹21208.27,16,₹127249.62,₹106889.68,Cash,Cancelled,Pickup,STORE003,Mumbai,EMP0004,Amit Reddy
TXN0000545,2024-07-19,CUST00545,Anjali Singh,+91 9998200684,Other,43,South,VIP,PROD0480,Skincare 3710,BrandC,Beauty,New,Popular,8,₹33425.16,7,₹267401.28,₹248683.19,UPI,Cancelled,Express,STORE020,Pune,EMP0049,Arjun Agarwal
TXN0000546,2024-03-11,CUST00546,Sneha Agarwal,+91 9699477316,Female,46,Central,Regular,PROD0103,Cricket Bat 5528,BrandA,Sports,New,Limited Edition,9,₹30193.09,15,₹271737.81,₹230977.14,UPI,Pending,Same Day,STORE002,Hyderabad,EMP0003,Meera Verma
TXN0000547,2024-08-16,CUST00547,Priya Gupta,+91 9712665903,Female,32,Central,Premium,PROD0375,Dress 4236,BrandE,Clothing,Sale,Premium,7,₹24060.91,29,₹168426.37,₹119582.72,Wallet,Completed,Same Day,STORE017,Delhi,EMP0006,Sneha Patel
TXN0000548,2024-08-21,CUST00548,Vikram Verma,+91 9517132693,Female,39,South,Regular,PROD0450,Makeup 6280,BrandA,Beauty,Premium,New,2,₹6005.24,9,₹12010.48,₹10929.54,Credit Card,Cancelled,Standard,STORE001,Mumbai,EMP0009,Amit Kumar
TXN0000549,2023-10-01,CUST00549,Meera Patel,+91 9155908578,Male,51,East,VIP,PROD0181,Yoga Mat 4258,BrandD,Sports,Popular,Sale,2,₹22106.01,25,₹44212.02,₹33159.01,UPI,Completed,Same Day,STORE004,Chennai,EMP0022,Kavya Kumar
TXN0000550,2024-10-20,CUST00550,Vikram Verma,+91 9711345122,Female,58,North,Regular,PROD0337,Smartphone 7891,BrandB,Electronics,Sale,Premium,10,₹16754.52,14,₹167545.20,₹144088.87,Debit Card,Cancelled,Express,STORE006,Hyderabad,EMP0020,Amit Singh
TXN0000551,2023-12-01,CUST00551,Vikram Sharma,+91 9901341153,Other,28,East,VIP,PROD0377,Dairy 7318,BrandD,Food,Eco-Friendly,Eco-Friendly,3,₹750.22,3,₹2250.66,₹2183.14,Wallet,Refunded,Standard,STORE005,Pune,EMP0010,Priya Joshi
TXN0000552,2024-04-28,CUST00552,Arjun Joshi,+91 9100111496,Other,47,South,Premium,PROD0474,Novel 5993,BrandC,Books,Limited Edition,Sale,9,₹26171.52,28,₹235543.68,₹169591.45,Net Banking,Pending,Express,STORE007,Kolkata,EMP0011,Kavya Yadav
TXN0000553,2024-04-09,CUST00553,Raj Joshi,+91 9721686778,Female,39,West,Regular,PROD0436,Jacket 4612,BrandD,Clothing,Sale,New,8,₹22191.18,10,₹177529.44,₹159776.50,Net Banking,Completed,Standard,STORE020,Pune,EMP0032,Amit Patel
TXN0000554,2023-12-10,CUST00554,Raj Gupta,+91 9886958659,Male,69,Central,Regular,PROD0160,Yoga Mat 2163,BrandC,Sports,New,Limited Edition,10,₹26634.62,30,₹266346.20,₹186442.34,Debit Card,Cancelled,Pickup,STORE006,Kolkata,EMP0039,Arjun Yadav
TXN0000555,2023-03-28,CUST00555,Vikram Reddy,+91 9891099587,Male,18,Central,Regular,PROD0454,Yoga Mat 9064,BrandB,Sports,Sale,Eco-Friendly,6,₹38771.74,12,₹232630.44,₹204714.79,UPI,Pending,Standard,STORE005,Bangalore,EMP0020,Amit Gupta
TXN0000556,2024-08-26,CUST00556,Raj Reddy,+91 9975733301,Female,42,West,Regular,PROD0046,Snacks 2849,BrandA,Food,New,Popular,6,₹14291.60,0,₹85749.60,₹85749.60,Cash,Refunded,Express,STORE019,Pune,EMP0047,Vikram Kumar
TXN0000557,2024-10-24,CUST00557,Sneha Kumar,+91 9226550483,Female,64,West,Regular,PROD0129,Perfume 7344,BrandD,Beauty,Premium,Popular,10,₹12166.16,14,₹121661.60,₹104628.98,Net Banking,Completed,Express,STORE017,Pune,EMP0041,Vikram Gupta
TXN0000558,2024-08-26,CUST00558,Kavya Sharma,+91 9891468543,Other,67,West,VIP,PROD0172,Yoga Mat 9203,BrandE,Sports,Popular,Premium,8,₹18818.57,12,₹150548.56,₹132482.73,Credit Card,Pending,Standard,STORE013,Chennai,EMP0047,Sneha Sharma
TXN0000559,2024-05-29,CUST00559,Rohit Gupta,+91 9426427209,Other,26,Central,Regular,PROD0365,Skincare 8102,BrandA,Beauty,Premium,Popular,4,₹29759.11,13,₹119036.44,₹103561.70,Net Banking,Cancelled,Same Day,STORE008,Chennai,EMP0034,Priya Joshi
TXN0000560,2024-12-09,CUST00560,Arjun Patel,+91 9809501669,Male,66,East,VIP,PROD0116,Makeup 8053,BrandC,Beauty,Premium,Premium,9,₹40571.55,13,₹365143.95,₹317675.24,UPI,Completed,Express,STORE003,Chennai,EMP0017,Arjun Verma
TXN0000561,2023-08-03,CUST00561,Meera Joshi,+91 9849271649,Female,48,West,VIP,PROD0245,Cosmetics 2673,BrandE,Beauty,New,New,3,₹331.83,21,₹995.49,₹786.44,UPI,Pending,Standard,STORE014,Mumbai,EMP0017,Arjun Gupta
TXN0000562,2023-05-23,CUST00562,Priya Sharma,+91 9106400260,Other,19,West,Regular,PROD0227,Football 5094,BrandB,Sports,Premium,New,2,₹43337.28,29,₹86674.56,₹61538.94,Wallet,Completed,Same Day,STORE020,Pune,EMP0036,Arjun Reddy
TXN0000563,2023-04-27,CUST00563,Raj Kumar,+91 9312817857,Female,46,West,VIP,PROD0351,Perfume 7046,BrandA,Beauty,Sale,Premium,8,₹25532.09,9,₹204256.72,₹185873.62,Credit Card,Refunded,Standard,STORE006,Hyderabad,EMP0035,Meera Yadav
TXN0000564,2023-02-23,CUST00564,Kavya Sharma,+91 9381476501,Male,31,North,Premium,PROD0024,Cricket Bat 2118,BrandA,Sports,Premium,Eco-Friendly,7,₹24213.65,27,₹169495.55,₹123731.75,Credit Card,Pending,Pickup,STORE009,Delhi,EMP0001,Vikram Gupta
TXN0000565,2024-08-11,CUST00565,Vikram Singh,+91 9940071081,Female,58,East,VIP,PROD0056,Headphones 4320,BrandA,Electronics,New,Sale,4,₹48592.21,27,₹194368.84,₹141889.25,UPI,Completed,Pickup,STORE018,Mumbai,EMP0034,Anjali Sharma
TXN0000566,2024-01-11,CUST00566,Vikram Verma,+91 9524669809,Other,67,South,Regular,PROD0101,T-Shirt 3801,BrandC,Clothing,Eco-Friendly,Limited Edition,9,₹46381.37,0,₹417432.33,₹417432.33,Cash,Pending,Standard,STORE017,Kolkata,EMP0037,Anjali Joshi
TXN0000567,2024-06-06,CUST00567,Sneha Kumar,+91 9637191273,Male,29,East,VIP,PROD0008,Dairy 436,BrandB,Food,Premium,New,8,₹23680.48,2,₹189443.84,₹185654.96,Wallet,Cancelled,Standard,STORE020,Pune,EMP0011,Anjali Singh
TXN0000568,2023-10-09,CUST00568,Vikram Verma,+91 9791996255,Female,52,South,Regular,PROD0310,Textbook 4193,BrandE,Books,Eco-Friendly,Premium,6,₹23616.29,26,₹141697.74,₹104856.33,Credit Card,Refunded,Pickup,STORE009,Bangalore,EMP0030,Amit Verma
TXN0000569,2024-04-14,CUST00569,Vikram Gupta,+91 9357060111,Other,33,South,Premium,PROD0018,Snacks 3954,BrandA,Food,Premium,New,4,₹1809.39,6,₹7237.56,₹6803.31,UPI,Completed,Standard,STORE005,Chennai,EMP0040,Vikram Reddy
TXN0000570,2023-02-04,CUST00570,Rohit Kumar,+91 9854199552,Male,54,East,Regular,PROD0005,Makeup 4356,BrandC,Beauty,Eco-Friendly,Eco-Friendly,6,₹26676.02,12,₹160056.12,₹140849.39,Cash,Completed,Same Day,STORE009,Chennai,EMP0023,Arjun Agarwal
TXN0000571,2024-03-22,CUST00571,Amit Verma,+91 9716589112,Female,20,West,VIP,PROD0107,Decor 2293,BrandB,Home & Living,Popular,Eco-Friendly,5,₹32985.22,23,₹164926.10,₹126993.10,Debit Card,Completed,Express,STORE009,Kolkata,EMP0001,Anjali Verma
TXN0000572,2023-07-29,CUST00572,Sneha Kumar,+91 9014577111,Female,24,South,VIP,PROD0113,Skincare 2977,BrandD,Beauty,Limited Edition,Limited Edition,6,₹28669.37,1,₹172016.22,₹170296.06,UPI,Pending,Standard,STORE012,Hyderabad,EMP0043,Vikram Agarwal
TXN0000573,2024-09-16,CUST00573,Priya Patel,+91 9296529925,Other,67,East,Regular,PROD0487,Dress 4770,BrandB,Clothing,Eco-Friendly,Premium,6,₹30672.91,23,₹184037.46,₹141708.84,Debit Card,Pending,Standard,STORE004,Mumbai,EMP0040,Vikram Verma
TXN0000574,2023-12-09,CUST00574,Arjun Singh,+91 9069301911,Male,23,West,Regular,PROD0477,Furniture 6188,BrandE,Home & Living,New,Eco-Friendly,4,₹6736.26,0,₹26945.04,₹26945.04,Net Banking,Refunded,Same Day,STORE020,Hyderabad,EMP0032,Kavya Agarwal
TXN0000575,2024-06-19,CUST00575,Raj Patel,+91 9042831789,Female,32,North,Premium,PROD0128,Furniture 6021,BrandD,Home & Living,Premium,Popular,5,₹24944.34,15,₹124721.70,₹106013.44,Debit Card,Completed,Standard,STORE020,Chennai,EMP0027,Amit Reddy
TXN0000576,2023-08-18,CUST00576,Kavya Verma,+91 9434132749,Male,64,East,Premium,PROD0493,Headphones 8927,BrandD,Electronics,Popular,Limited Edition,9,₹17786.58,7,₹160079.22,₹148873.67,Wallet,Pending,Standard,STORE003,Pune,EMP0033,Amit Agarwal
TXN0000577,2023-05-03,CUST00577,Sneha Patel,+91 9238852436,Male,69,South,Regular,PROD0224,Yoga Mat 5819,BrandE,Sports,Sale,Eco-Friendly,10,₹36922.61,13,₹369226.10,₹321226.71,UPI,Cancelled,Pickup,STORE013,Kolkata,EMP0028,Priya Verma
TXN0000578,2024-08-17,CUST00578,Vikram Gupta,+91 9504924958,Other,32,North,Regular,PROD0478,Comic 7078,BrandC,Books,Eco-Friendly,Limited Edition,10,₹42061.98,19,₹420619.80,₹340702.04,Wallet,Refunded,Standard,STORE001,Pune,EMP0005,Vikram Singh
TXN0000579,2023-02-08,CUST00579,Sneha Agarwal,+91 9561051623,Female,21,West,Regular,PROD0454,Frozen Food 8166,BrandD,Food,Premium,Premium,5,₹26870.32,12,₹134351.60,₹118229.41,UPI,Refunded,Express,STORE004,Bangalore,EMP0046,Sneha Verma
TXN0000580,2024-02-17,CUST00580,Anjali Agarwal,+91 9371682066,Male,61,Central,VIP,PROD0256,Furniture 4108,BrandE,Home & Living,Popular,Eco-Friendly,2,₹41833.79,21,₹83667.58,₹66097.39,Debit Card,Pending,Standard,STORE016,Delhi,EMP0034,Sneha Singh
TXN0000581,2023-07-22,CUST00581,Arjun Verma,+91 9291889329,Other,18,Central,Premium,PROD0434,Smartphone 4174,BrandE,Electronics,New,Limited Edition,1,₹41208.78,27,₹41208.78,₹30082.41,Wallet,Refunded,Pickup,STORE003,Delhi,EMP0033,Sneha Joshi
TXN0000582,2024-01-07,CUST00582,Raj Singh,+91 9008807571,Female,20,West,Premium,PROD0455,Novel 9081,BrandA,Books,Sale,Sale,9,₹946.64,11,₹8519.76,₹7582.59,Wallet,Completed,Express,STORE004,Kolkata,EMP0027,Kavya Patel
TXN0000583,2024-05-04,CUST00583,Anjali Joshi,+91 9600887879,Female,40,South,Premium,PROD0427,Biography 4816,BrandC,Books,New,Sale,3,₹13621.55,19,₹40864.65,₹33100.37,Net Banking,Completed,Same Day,STORE017,Chennai,EMP0033,Arjun Verma
TXN0000584,2023-04-23,CUST00584,Meera Agarwal,+91 9068541175,Female,45,North,Premium,PROD0317,Football 3917,BrandC,Sports,New,Sale,10,₹22122.13,19,₹221221.30,₹179189.25,UPI,Refunded,Same Day,STORE017,Hyderabad,EMP0033,Arjun Gupta
TXN0000585,2023-07-27,CUST00585,Arjun Singh,+91 9045955366,Female,65,North,Regular,PROD0088,Headphones 7640,BrandC,Electronics,Eco-Friendly,Premium,8,₹29401.57,16,₹235212.56,₹197578.55,Debit Card,Cancelled,Same Day,STORE019,Pune,EMP0012,Priya Verma
TXN0000586,2023-03-03,CUST00586,Raj Joshi,+91 9604981696,Female,34,West,Premium,PROD0164,Lighting 8945,BrandE,Home & Living,Limited Edition,Eco-Friendly,4,₹25872.73,4,₹103490.92,₹99351.28,UPI,Refunded,Express,STORE004,Mumbai,EMP0013,Anjali Yadav
TXN0000587,2024-10-24,CUST00587,Raj Singh,+91 9781043484,Other,26,South,Regular,PROD0110,Kitchenware 927,BrandE,Home & Living,Popular,New,10,₹33601.87,24,₹336018.70,₹255374.21,Credit Card,Completed,Same Day,STORE003,Delhi,EMP0017,Kavya Agarwal
TXN0000588,2024-01-23,CUST00588,Arjun Kumar,+91 9333675588,Female,20,West,Premium,PROD0235,Kitchenware 3246,BrandC,Home & Living,Popular,Limited Edition,9,₹22363.59,29,₹201272.31,₹142903.34,Net Banking,Refunded,Same Day,STORE007,Pune,EMP0011,Rohit Gupta
TXN0000589,2023-03-21,CUST00589,Priya Patel,+91 9482790045,Male,47,Central,Premium,PROD0067,Cricket Bat 4578,BrandA,Sports,Popular,New,9,₹3487.45,19,₹31387.05,₹25423.51,Cash,Refunded,Same Day,STORE020,Kolkata,EMP0008,Kavya Verma
TXN0000590,2023-01-10,CUST00590,Rohit Yadav,+91 9165254958,Other,64,Central,Regular,PROD0281,Comic 3698,BrandA,Books,Premium,New,6,₹8378.52,27,₹50271.12,₹36697.92,UPI,Pending,Express,STORE007,Delhi,EMP0007,Vikram Singh
TXN0000591,2024-06-02,CUST00591,Raj Joshi,+91 9169409245,Female,70,North,Regular,PROD0065,Dress 1374,BrandB,Clothing,Premium,Premium,8,₹10307.85,27,₹82462.80,₹60197.84,Credit Card,Pending,Same Day,STORE002,Mumbai,EMP0032,Rohit Joshi
TXN0000592,2023-03-22,CUST00592,Kavya Sharma,+91 9439853031,Female,59,East,Premium,PROD0477,Laptop 1609,BrandC,Electronics,Popular,New,1,₹5672.25,16,₹5672.25,₹4764.69,UPI,Completed,Same Day,STORE005,Delhi,EMP0013,Amit Yadav
TXN0000593,2024-03-06,CUST00593,Kavya Yadav,+91 9929020482,Female,65,Central,Regular,PROD0483,Skincare 3364,BrandA,Beauty,New,Limited Edition,9,₹36248.14,1,₹326233.26,₹322970.93,Net Banking,Refunded,Express,STORE009,Bangalore,EMP0041,Raj Yadav
TXN0000594,2024-01-08,CUST00594,Meera Reddy,+91 9329272997,Other,66,South,VIP,PROD0413,Tablet 4039,BrandC,Electronics,Premium,New,7,₹12497.42,2,₹87481.94,₹85732.30,Cash,Completed,Same Day,STORE007,Delhi,EMP0015,Vikram Agarwal
TXN0000595,2024-07-29,CUST00595,Amit Joshi,+91 9851015353,Female,40,North,Regular,PROD0300,Skincare 1828,BrandA,Beauty,Premium,Premium,5,₹21461.67,9,₹107308.35,₹97650.60,UPI,Cancelled,Express,STORE014,Hyderabad,EMP0048,Rohit Patel
TXN0000596,2024-08-14,CUST00596,Amit Verma,+91 9490599862,Other,59,South,Regular,PROD0006,Tennis Racket 9437,BrandA,Sports,Eco-Friendly,Sale,8,₹18018.95,18,₹144151.60,₹118204.31,Debit Card,Completed,Express,STORE002,Hyderabad,EMP0003,Meera Yadav
TXN0000597,2023-09-25,CUST00597,Amit Singh,+91 9829025360,Other,56,North,Regular,PROD0055,Cosmetics 9809,BrandC,Beauty,Eco-Friendly,Popular,10,₹45057.78,29,₹450577.80,₹319910.24,UPI,Pending,Express,STORE007,Chennai,EMP0038,Vikram Patel
TXN0000598,2023-02-10,CUST00598,Sneha Gupta,+91 9757749070,Female,31,Central,Premium,PROD0216,Comic 1862,BrandB,Books,Premium,Limited Edition,6,₹19205.22,28,₹115231.32,₹82966.55,Credit Card,Refunded,Same Day,STORE011,Kolkata,EMP0045,Vikram Gupta
TXN0000599,2023-01-07,CUST00599,Vikram Singh,+91 9883662814,Female,49,East,VIP,PROD0280,Frozen Food 896,BrandD,Food,Popular,Premium,1,₹5169.24,27,₹5169.24,₹3773.55,Wallet,Pending,Same Day,STORE019,Delhi,EMP0048,Amit Verma
TXN0000600,2024-12-19,CUST00600,Rohit Agarwal,+91 9552014335,Other,50,East,VIP,PROD0143,T-Shirt 1872,BrandE,Clothing,Premium,Eco-Friendly,6,₹31885.07,14,₹191310.42,₹164526.96,Wallet,Cancelled,Pickup,STORE012,Mumbai,EMP0014,Raj Sharma
TXN0000601,2023-05-16,CUST00601,Amit Kumar,+91 9530827042,Male,37,North,VIP,PROD0474,Kitchenware 4323,BrandA,Home & Living,Eco-Friendly,Eco-Friendly,10,₹15470.13,5,₹154701.30,₹146966.23,Wallet,Cancelled,Standard,STORE019,Mumbai,EMP0043,Arjun Agarwal
TXN0000602,2023-07-15,CUST00602,Priya Patel,+91 9402882850,Other,43,West,Regular,PROD0284,Furniture 7750,BrandC,Home & Living,Limited Edition,Sale,4,₹47291.79,15,₹189167.16,₹160792.09,Net Banking,Refunded,Same Day,STORE016,Hyderabad,EMP0024,Meera Kumar
TXN0000603,2023-11-16,CUST00603,Rohit Sharma,+91 9536714457,Other,32,North,Regular,PROD0211,T-Shirt 1437,BrandA,Clothing,Eco-Friendly,Premium,7,₹47506.40,1,₹332544.80,₹329219.35,Net Banking,Cancelled,Express,STORE001,Mumbai,EMP0001,Kavya Gupta
TXN0000604,2023-03-28,CUST00604,Raj Sharma,+91 9604690030,Female,60,North,Regular,PROD0008,Haircare 6351,BrandD,Beauty,Sale,Eco-Friendly,10,₹38330.62,4,₹383306.20,₹367973.95,Debit Card,Cancelled,Express,STORE019,Delhi,EMP0026,Amit Agarwal
TXN0000605,2024-04-04,CUST00605,Arjun Joshi,+91 9562414246,Male,30,West,Premium,PROD0419,Novel 3103,BrandA,Books,Premium,Sale,1,₹45896.84,4,₹45896.84,₹44060.97,Cash,Refunded,Express,STORE003,Bangalore,EMP0021,Anjali Gupta
TXN0000606,2023-12-22,CUST00606,Arjun Yadav,+91 9501360989,Other,27,East,VIP,PROD0355,Yoga Mat 8729,BrandE,Sports,Sale,Eco-Friendly,6,₹37181.29,14,₹223087.74,₹191855.46,Cash,Cancelled,Pickup,STORE006,Chennai,EMP0031,Kavya Sharma
TXN0000607,2023-03-16,CUST00607,Sneha Reddy,+91 9934730218,Female,53,West,VIP,PROD0432,Smartphone 6529,BrandD,Electronics,Eco-Friendly,Limited Edition,10,₹14656.28,26,₹146562.80,₹108456.47,UPI,Pending,Standard,STORE019,Hyderabad,EMP0044,Raj Yadav
TXN0000608,2024-12-05,CUST00608,Kavya Kumar,+91 9879979264,Other,65,North,Premium,PROD0335,Yoga Mat 9635,BrandD,Sports,Popular,Sale,5,₹16551.60,9,₹82758.00,₹75309.78,UPI,Refunded,Same Day,STORE002,Hyderabad,EMP0008,Sneha Patel
TXN0000609,2023-07-03,CUST00609,Meera Verma,+91 9751166416,Female,65,North,Premium,PROD0044,Smartphone 5700,BrandE,Electronics,New,Limited Edition,8,₹4078.64,10,₹32629.12,₹29366.21,Credit Card,Refunded,Express,STORE005,Mumbai,EMP0004,Anjali Singh
TXN0000610,2024-09-08,CUST00610,Meera Reddy,+91 9085303111,Other,69,West,Regular,PROD0437,Cricket Bat 6015,BrandE,Sports,New,Popular,5,₹1207.29,13,₹6036.45,₹5251.71,Wallet,Refunded,Express,STORE002,Mumbai,EMP0011,Rohit Gupta
TXN0000611,2023-07-26,CUST00611,Raj Singh,+91 9111041239,Female,56,North,Premium,PROD0451,Novel 2970,BrandD,Books,Popular,Popular,8,₹10500.50,22,₹84004.00,₹65523.12,Credit Card,Cancelled,Same Day,STORE011,Hyderabad,EMP0001,Arjun Reddy
TXN0000612,2024-01-02,CUST00612,Meera Kumar,+91 9933890362,Female,37,West,Premium,PROD0138,Makeup 2816,BrandE,Beauty,Eco-Friendly,New,7,₹20118.78,27,₹140831.46,₹102806.97,Wallet,Cancelled,Pickup,STORE008,Hyderabad,EMP0014,Anjali Agarwal
TXN0000613,2023-10-18,CUST00613,Sneha Patel,+91 9457577126,Other,33,East,VIP,PROD0490,Jeans 6738,BrandC,Clothing,Sale,New,2,₹38904.04,18,₹77808.08,₹63802.63,Wallet,Completed,Same Day,STORE017,Chennai,EMP0041,Raj Reddy
TXN0000614,2023-11-12,CUST00614,Priya Yadav,+91 9535304573,Male,66,West,VIP,PROD0310,Snacks 4153,BrandA,Food,Limited Edition,Limited Edition,6,₹14293.03,15,₹85758.18,₹72894.45,Cash,Cancelled,Standard,STORE004,Bangalore,EMP0019,Kavya Joshi
TXN0000615,2024-08-21,CUST00615,Meera Sharma,+91 9230768064,Female,37,South,VIP,PROD0403,Furniture 9222,BrandB,Home & Living,Eco-Friendly,Limited Edition,6,₹46781.69,6,₹280690.14,₹263848.73,Wallet,Completed,Express,STORE014,Pune,EMP0017,Vikram Gupta
TXN0000616,2023-02-13,CUST00616,Sneha Singh,+91 9675133904,Male,58,North,VIP,PROD0231,Kitchenware 9489,BrandA,Home & Living,New,New,8,₹22986.53,9,₹183892.24,₹167341.94,Wallet,Completed,Express,STORE015,Kolkata,EMP0036,Raj Joshi
TXN0000617,2024-09-18,CUST00617,Meera Verma,+91 9242849751,Male,27,North,Regular,PROD0236,Dairy 3342,BrandC,Food,Popular,Sale,7,₹17896.01,7,₹125272.07,₹116503.03,Debit Card,Completed,Standard,STORE007,Chennai,EMP0045,Kavya Kumar
TXN0000618,2023-03-02,CUST00618,Raj Reddy,+91 9356270495,Male,35,West,Premium,PROD0497,Bedding 5509,BrandB,Home & Living,Sale,Sale,6,₹18348.06,15,₹110088.36,₹93575.11,UPI,Pending,Standard,STORE005,Delhi,EMP0041,Sneha Yadav
TXN0000619,2023-06-22,CUST00619,Amit Singh,+91 9081486832,Female,28,North,Regular,PROD0358,Tablet 8731,BrandC,Electronics,Popular,Limited Edition,5,₹16977.41,10,₹84887.05,₹76398.35,Credit Card,Completed,Standard,STORE005,Mumbai,EMP0006,Meera Patel
TXN0000620,2023-04-27,CUST00620,Vikram Verma,+91 9870710135,Other,39,West,Regular,PROD0384,Skincare 1651,BrandD,Beauty,New,Popular,3,₹33196.46,21,₹99589.38,₹78675.61,UPI,Refunded,Same Day,STORE002,Delhi,EMP0037,Anjali Gupta
TXN0000621,2024-01-23,CUST00621,Anjali Patel,+91 9580548666,Other,37,Central,Premium,PROD0297,Dress 6617,BrandE,Clothing,Limited Edition,Premium,5,₹40927.61,1,₹204638.05,₹202591.67,Debit Card,Refunded,Pickup,STORE002,Hyderabad,EMP0041,Vikram Agarwal
TXN0000622,2024-01-10,CUST00622,Sneha Reddy,+91 9909073595,Other,26,East,Premium,PROD0173,Yoga Mat 8455,BrandE,Sports,Limited Edition,Sale,3,₹32802.02,11,₹98406.06,₹87581.39,Wallet,Cancelled,Express,STORE009,Mumbai,EMP0001,Priya Singh
TXN0000623,2023-09-06,CUST00623,Meera Reddy,+91 9159342300,Other,65,West,Premium,PROD0420,Headphones 5045,BrandA,Electronics,Eco-Friendly,Premium,10,₹20874.50,29,₹208745.00,₹148208.95,Credit Card,Cancelled,Pickup,STORE004,Mumbai,EMP0018,Vikram Verma
TXN0000624,2023-11-16,CUST00624,Vikram Joshi,+91 9756389072,Female,40,West,VIP,PROD0048,Tennis Racket 3571,BrandA,Sports,Sale,Sale,8,₹39036.65,6,₹312293.20,₹293555.61,Cash,Completed,Standard,STORE011,Kolkata,EMP0042,Raj Singh
TXN0000625,2024-08-31,CUST00625,Vikram Kumar,+91 9962513760,Male,67,North,VIP,PROD0367,Groceries 6803,BrandC,Food,Eco-Friendly,Sale,9,₹34678.96,14,₹312110.64,₹268415.15,Credit Card,Pending,Pickup,STORE002,Kolkata,EMP0015,Amit Yadav
TXN0000626,2024-04-08,CUST00626,Meera Kumar,+91 9236987590,Male,40,West,VIP,PROD0064,Smartphone 7718,BrandB,Electronics,New,Premium,3,₹20398.48,3,₹61195.44,₹59359.58,Net Banking,Refunded,Same Day,STORE019,Pune,EMP0039,Amit Kumar
TXN0000627,2024-12-01,CUST00627,Priya Reddy,+91 9320618714,Male,43,West,Premium,PROD0058,Beverages 7219,BrandB,Food,Limited Edition,Limited Edition,3,₹14499.66,9,₹43498.98,₹39584.07,Net Banking,Cancelled,Same Day,STORE017,Kolkata,EMP0050,Meera Gupta
TXN0000628,2024-08-10,CUST00628,Vikram Verma,+91 9514331264,Male,46,West,VIP,PROD0339,Cosmetics 6764,BrandB,Beauty,Limited Edition,Popular,8,₹793.14,12,₹6345.12,₹5583.71,Net Banking,Cancelled,Same Day,STORE009,Mumbai,EMP0025,Priya Kumar
TXN0000629,2024-09-26,CUST00629,Vikram Singh,+91 9984133222,Female,69,East,Regular,PROD0434,Textbook 6372,BrandB,Books,Popular,Eco-Friendly,4,₹43669.86,24,₹174679.44,₹132756.37,Wallet,Refunded,Same Day,STORE017,Mumbai,EMP0015,Vikram Joshi
TXN0000630,2024-11-19,CUST00630,Sneha Gupta,+91 9285149388,Male,51,Central,VIP,PROD0106,Headphones 1553,BrandD,Electronics,Popular,Popular,9,₹16864.32,3,₹151778.88,₹147225.51,Wallet,Refunded,Pickup,STORE020,Delhi,EMP0037,Arjun Gupta
TXN0000631,2024-06-17,CUST00631,Rohit Patel,+91 9192926012,Male,47,Central,Regular,PROD0101,Makeup 6832,BrandC,Beauty,Premium,Popular,7,₹30312.15,18,₹212185.05,₹173991.74,Credit Card,Completed,Standard,STORE018,Chennai,EMP0037,Rohit Agarwal
TXN0000632,2023-03-29,CUST00632,Anjali Sharma,+91 9420698270,Other,37,Central,Regular,PROD0168,Furniture 3826,BrandE,Home & Living,Eco-Friendly,Premium,8,₹45850.72,11,₹366805.76,₹326457.13,Net Banking,Pending,Pickup,STORE017,Pune,EMP0032,Raj Yadav
TXN0000633,2024-10-10,CUST00633,Rohit Gupta,+91 9227255442,Other,62,West,VIP,PROD0191,Novel 5784,BrandC,Books,Sale,Limited Edition,4,₹4472.86,16,₹17891.44,₹15028.81,Wallet,Completed,Standard,STORE005,Bangalore,EMP0049,Sneha Kumar
TXN0000634,2024-01-22,CUST00634,Priya Sharma,+91 9926368934,Other,58,Central,Premium,PROD0456,Makeup 6316,BrandE,Beauty,Premium,Popular,6,₹26139.41,11,₹156836.46,₹139584.45,Cash,Cancelled,Standard,STORE003,Chennai,EMP0001,Rohit Verma
TXN0000635,2023-05-07,CUST00635,Meera Patel,+91 9181354155,Female,29,Central,Premium,PROD0294,Makeup 5413,BrandE,Beauty,Limited Edition,Sale,1,₹35760.89,27,₹35760.89,₹26105.45,UPI,Refunded,Standard,STORE011,Chennai,EMP0016,Anjali Yadav
TXN0000636,2023-05-15,CUST00636,Kavya Sharma,+91 9428793085,Male,42,North,VIP,PROD0262,Cricket Bat 5239,BrandB,Sports,Premium,Limited Edition,1,₹22485.02,10,₹22485.02,₹20236.52,Wallet,Refunded,Pickup,STORE010,Mumbai,EMP0024,Vikram Joshi
TXN0000637,2023-12-09,CUST00637,Raj Verma,+91 9778547935,Male,30,South,Premium,PROD0425,Smartwatch 9394,BrandC,Electronics,Eco-Friendly,New,7,₹24263.08,27,₹169841.56,₹123984.34,Wallet,Cancelled,Express,STORE003,Chennai,EMP0008,Meera Agarwal
TXN0000638,2024-07-06,CUST00638,Vikram Sharma,+91 9086595354,Other,53,North,Premium,PROD0328,Jacket 3714,BrandD,Clothing,Sale,New,2,₹36615.37,2,₹73230.74,₹71766.13,Net Banking,Refunded,Same Day,STORE010,Hyderabad,EMP0030,Raj Singh
TXN0000639,2024-07-14,CUST00639,Sneha Patel,+91 9240595755,Female,63,West,Regular,PROD0437,Smartphone 8574,BrandC,Electronics,New,Popular,3,₹32206.24,3,₹96618.72,₹93720.16,UPI,Refunded,Pickup,STORE011,Mumbai,EMP0047,Anjali Patel
TXN0000640,2024-07-04,CUST00640,Kavya Reddy,+91 9339432758,Other,61,East,VIP,PROD0363,Dairy 2758,BrandC,Food,New,Popular,2,₹40353.30,26,₹80706.60,₹59722.88,Net Banking,Completed,Standard,STORE018,Mumbai,EMP0035,Priya Gupta
TXN0000641,2023-09-24,CUST00641,Raj Verma,+91 9929152050,Male,42,North,Premium,PROD0310,Snacks 1502,BrandE,Food,Popular,Sale,9,₹22318.71,18,₹200868.39,₹164712.08,Credit Card,Pending,Pickup,STORE015,Chennai,EMP0006,Rohit Gupta
TXN0000642,2024-09-17,CUST00642,Raj Patel,+91 9038283002,Other,23,West,Premium,PROD0126,Tablet 5694,BrandA,Electronics,Sale,Popular,3,₹2034.86,6,₹6104.58,₹5738.31,Debit Card,Refunded,Pickup,STORE007,Delhi,EMP0006,Raj Yadav
TXN0000643,2023-12-29,CUST00643,Vikram Reddy,+91 9212704886,Female,43,Central,Premium,PROD0005,T-Shirt 4492,BrandE,Clothing,Popular,Sale,9,₹38942.88,29,₹350485.92,₹248845.00,Credit Card,Refunded,Pickup,STORE014,Hyderabad,EMP0044,Anjali Joshi
TXN0000644,2023-08-18,CUST00644,Meera Patel,+91 9672404440,Other,30,South,Regular,PROD0238,Frozen Food 5645,BrandE,Food,Sale,New,2,₹32700.31,3,₹65400.62,₹63438.60,Debit Card,Cancelled,Standard,STORE013,Chennai,EMP0033,Raj Joshi
TXN0000645,2023-10-10,CUST00645,Anjali Verma,+91 9867582796,Other,49,West,Premium,PROD0204,Football 3492,BrandB,Sports,Premium,New,3,₹19194.14,3,₹57582.42,₹55854.95,Credit Card,Refunded,Express,STORE002,Kolkata,EMP0011,Rohit Singh
TXN0000646,2023-03-07,CUST00646,Rohit Reddy,+91 9573340243,Female,39,West,Premium,PROD0262,Jeans 5623,BrandE,Clothing,Premium,Premium,5,₹35862.72,6,₹179313.60,₹168554.78,Cash,Refunded,Pickup,STORE009,Kolkata,EMP0047,Sneha Verma
TXN0000647,2024-10-22,CUST00647,Meera Joshi,+91 9633516381,Female,65,Central,Premium,PROD0450,Groceries 1248,BrandC,Food,New,Sale,6,₹6202.49,25,₹37214.94,₹27911.21,Credit Card,Refunded,Standard,STORE006,Bangalore,EMP0007,Meera Singh
TXN0000648,2023-10-10,CUST00648,Priya Reddy,+91 9140426241,Female,35,North,Premium,PROD0129,Snacks 1040,BrandE,Food,Premium,Eco-Friendly,3,₹17872.66,5,₹53617.98,₹50937.08,Cash,Pending,Standard,STORE005,Chennai,EMP0033,Arjun Kumar
TXN0000649,2024-03-18,CUST00649,Raj Gupta,+91 9848450382,Male,45,North,VIP,PROD0305,Dress 1622,BrandB,Clothing,New,New,6,₹9472.65,30,₹56835.90,₹39785.13,Cash,Completed,Pickup,STORE017,Delhi,EMP0045,Arjun Yadav
TXN0000650,2024-10-29,CUST00650,Amit Verma,+91 9747410671,Male,66,West,VIP,PROD0137,Smartphone 135,BrandC,Electronics,Eco-Friendly,Limited Edition,7,₹38546.99,28,₹269828.93,₹194276.83,Credit Card,Pending,Same Day,STORE003,Kolkata,EMP0046,Arjun Kumar
TXN0000651,2023-06-20,CUST00651,Vikram Verma,+91 9259091206,Other,54,North,Premium,PROD0353,Tablet 1275,BrandB,Electronics,Popular,Premium,2,₹30720.60,14,₹61441.20,₹52839.43,UPI,Refunded,Pickup,STORE010,Delhi,EMP0013,Priya Singh
TXN0000652,2024-05-17,CUST00652,Sneha Patel,+91 9670396668,Male,26,West,Premium,PROD0302,Kitchenware 5059,BrandC,Home & Living,New,Premium,10,₹44613.99,11,₹446139.90,₹397064.51,Cash,Pending,Same Day,STORE004,Hyderabad,EMP0004,Meera Patel
TXN0000653,2023-09-30,CUST00653,Priya Gupta,+91 9731545196,Other,32,South,VIP,PROD0449,Jacket 3461,BrandE,Clothing,Limited Edition,Popular,9,₹21654.46,2,₹194890.14,₹190992.34,Credit Card,Refunded,Standard,STORE019,Bangalore,EMP0008,Rohit Reddy
TXN0000654,2023-08-05,CUST00654,Priya Gupta,+91 9740342015,Other,32,Central,Premium,PROD0236,Beverages 6150,BrandD,Food,Eco-Friendly,Popular,3,₹13818.30,28,₹41454.90,₹29847.53,Wallet,Refunded,Pickup,STORE008,Chennai,EMP0050,Vikram Kumar
TXN0000655,2023-03-20,CUST00655,Arjun Reddy,+91 9727569420,Male,34,North,Premium,PROD0350,Decor 7932,BrandE,Home & Living,Premium,Sale,2,₹38685.05,28,₹77370.10,₹55706.47,Net Banking,Cancelled,Express,STORE014,Mumbai,EMP0013,Rohit Sharma
TXN0000656,2024-02-15,CUST00656,Anjali Singh,+91 9925281905,Male,42,East,Regular,PROD0409,Snacks 1072,BrandC,Food,Popular,Limited Edition,3,₹2044.82,6,₹6134.46,₹5766.39,Net Banking,Cancelled,Standard,STORE016,Bangalore,EMP0033,Priya Kumar
TXN0000657,2023-02-08,CUST00657,Priya Verma,+91 9597681772,Other,66,South,Premium,PROD0426,Makeup 1246,BrandE,Beauty,Premium,Premium,4,₹37061.79,2,₹148247.16,₹145282.22,Net Banking,Pending,Pickup,STORE016,Pune,EMP0011,Vikram Gupta
TXN0000658,2023-10-25,CUST00658,Priya Gupta,+91 9151539603,Male,38,Central,Premium,PROD0108,Biography 9631,BrandA,Books,New,New,6,₹46440.30,25,₹278641.80,₹208981.35,Wallet,Refunded,Same Day,STORE012,Hyderabad,EMP0035,Amit Kumar
TXN0000659,2023-04-28,CUST00659,Vikram Singh,+91 9601792888,Other,36,East,VIP,PROD0400,Laptop 9006,BrandA,Electronics,Eco-Friendly,Popular,5,₹6129.95,8,₹30649.75,₹28197.77,Debit Card,Cancelled,Pickup,STORE007,Bangalore,EMP0001,Meera Kumar
TXN0000660,2024-05-27,CUST00660,Anjali Yadav,+91 9761919833,Other,41,West,VIP,PROD0022,Haircare 6933,BrandA,Beauty,New,Popular,3,₹24486.51,23,₹73459.53,₹56563.84,Debit Card,Pending,Express,STORE020,Pune,EMP0043,Vikram Kumar
TXN0000661,2024-05-12,CUST00661,Raj Kumar,+91 9288407805,Male,19,North,Regular,PROD0130,Cricket Bat 594,BrandD,Sports,Sale,Limited Edition,1,₹45247.76,9,₹45247.76,₹41175.46,Cash,Refunded,Express,STORE006,Chennai,EMP0041,Vikram Gupta
TXN0000662,2024-08-23,CUST00662,Meera Joshi,+91 9783194047,Female,65,West,Regular,PROD0421,Tablet 176,BrandC,Electronics,Eco-Friendly,Sale,4,₹29603.20,26,₹118412.80,₹87625.47,Credit Card,Pending,Express,STORE017,Delhi,EMP0013,Meera Reddy
TXN0000663,2024-05-30,CUST00663,Kavya Kumar,+91 9992241201,Other,18,West,Premium,PROD0275,Tennis Racket 3228,BrandA,Sports,Sale,Limited Edition,4,₹47927.42,11,₹191709.68,₹170621.62,UPI,Pending,Pickup,STORE010,Kolkata,EMP0010,Vikram Reddy
TXN0000664,2024-07-19,CUST00664,Rohit Gupta,+91 9486242144,Other,27,South,Regular,PROD0039,Decor 2925,BrandE,Home & Living,Premium,New,8,₹33800.08,12,₹270400.64,₹237952.56,Credit Card,Cancelled,Standard,STORE001,Pune,EMP0020,Meera Kumar
TXN0000665,2023-03-18,CUST00665,Amit Reddy,+91 9803678775,Male,47,West,Regular,PROD0216,Jacket 9727,BrandC,Clothing,Limited Edition,Limited Edition,8,₹46277.36,13,₹370218.88,₹322090.43,Net Banking,Completed,Standard,STORE004,Pune,EMP0018,Raj Patel
TXN0000666,2024-07-11,CUST00666,Vikram Kumar,+91 9709000171,Male,67,South,VIP,PROD0114,Smartwatch 3478,BrandC,Electronics,Popular,Limited Edition,7,₹39642.11,19,₹277494.77,₹224770.76,UPI,Refunded,Pickup,STORE011,Hyderabad,EMP0038,Vikram Reddy
TXN0000667,2024-09-30,CUST00667,Arjun Agarwal,+91 9952497692,Other,40,South,Regular,PROD0227,Tennis Racket 3024,BrandE,Sports,Limited Edition,Eco-Friendly,8,₹40260.64,28,₹322085.12,₹231901.29,Debit Card,Completed,Same Day,STORE006,Mumbai,EMP0030,Sneha Reddy
TXN0000668,2024-01-01,CUST00668,Anjali Patel,+91 9863579848,Other,26,West,Premium,PROD0055,Biography 7616,BrandB,Books,Sale,Limited Edition,8,₹1260.24,24,₹10081.92,₹7662.26,Cash,Completed,Same Day,STORE009,Pune,EMP0049,Anjali Yadav
TXN0000669,2024-08-06,CUST00669,Arjun Singh,+91 9502331517,Male,67,North,Regular,PROD0211,Haircare 7126,BrandC,Beauty,Limited Edition,Popular,6,₹28105.47,8,₹168632.82,₹155142.19,Debit Card,Completed,Standard,STORE012,Mumbai,EMP0027,Kavya Reddy
TXN0000670,2024-01-21,CUST00670,Amit Patel,+91 9503696875,Female,55,Central,Premium,PROD0380,Cosmetics 9179,BrandA,Beauty,Premium,Popular,6,₹46697.08,23,₹280182.48,₹215740.51,Credit Card,Refunded,Pickup,STORE006,Pune,EMP0003,Rohit Sharma
TXN0000671,2024-05-30,CUST00671,Priya Singh,+91 9069960285,Other,36,East,Regular,PROD0111,Gym Equipment 7576,BrandB,Sports,Eco-Friendly,Premium,7,₹27517.17,18,₹192620.19,₹157948.56,Credit Card,Refunded,Pickup,STORE019,Pune,EMP0033,Sneha Kumar
TXN0000672,2023-11-14,CUST00672,Amit Singh,+91 9767649284,Male,47,East,Premium,PROD0327,Novel 2307,BrandC,Books,Popular,Popular,2,₹37238.11,23,₹74476.22,₹57346.69,Credit Card,Completed,Express,STORE008,Delhi,EMP0046,Arjun Patel
TXN0000673,2024-09-22,CUST00673,Amit Agarwal,+91 9526234653,Female,60,East,VIP,PROD0410,Novel 7713,BrandD,Books,Limited Edition,Premium,3,₹9541.66,11,₹28624.98,₹25476.23,Wallet,Refunded,Pickup,STORE007,Chennai,EMP0014,Arjun Yadav
TXN0000674,2023-05-15,CUST00674,Rohit Patel,+91 9075523338,Male,69,North,VIP,PROD0479,Biography 662,BrandD,Books,Premium,Premium,8,₹39738.12,23,₹317904.96,₹244786.82,Net Banking,Cancelled,Standard,STORE009,Pune,EMP0020,Meera Gupta
TXN0000675,2023-03-28,CUST00675,Anjali Yadav,+91 9494153665,Female,29,Central,Premium,PROD0212,Biography 6888,BrandD,Books,Limited Edition,Limited Edition,6,₹25065.57,22,₹150393.42,₹117306.87,Debit Card,Completed,Pickup,STORE014,Bangalore,EMP0005,Raj Joshi
TXN0000676,2024-11-10,CUST00676,Vikram Verma,+91 9157159083,Male,53,South,VIP,PROD0203,Gym Equipment 6445,BrandB,Sports,New,Limited Edition,2,₹40168.11,4,₹80336.22,₹77122.77,Debit Card,Cancelled,Pickup,STORE008,Bangalore,EMP0023,Rohit Gupta
TXN0000677,2023-03-08,CUST00677,Amit Singh,+91 9866277199,Female,30,East,Regular,PROD0430,Perfume 338,BrandC,Beauty,New,Limited Edition,8,₹42609.83,27,₹340878.64,₹248841.41,UPI,Pending,Same Day,STORE017,Delhi,EMP0049,Priya Yadav
TXN0000678,2023-05-16,CUST00678,Raj Verma,+91 9384579871,Male,44,Central,VIP,PROD0451,Cookbook 6248,BrandE,Books,Premium,New,2,₹7014.45,27,₹14028.90,₹10241.10,UPI,Cancelled,Express,STORE007,Chennai,EMP0039,Sneha Sharma
TXN0000679,2023-06-07,CUST00679,Priya Joshi,+91 9695628091,Female,69,West,VIP,PROD0244,Skincare 9879,BrandD,Beauty,Premium,Popular,2,₹46085.49,22,₹92170.98,₹71893.36,Net Banking,Refunded,Express,STORE004,Kolkata,EMP0038,Amit Kumar
TXN0000680,2024-08-07,CUST00680,Arjun Verma,+91 9897498917,Other,61,South,VIP,PROD0458,Perfume 3167,BrandB,Beauty,Limited Edition,Sale,3,₹4520.06,18,₹13560.18,₹11119.35,Cash,Pending,Standard,STORE005,Delhi,EMP0025,Kavya Reddy
TXN0000681,2024-03-23,CUST00681,Anjali Agarwal,+91 9626288994,Female,56,South,Premium,PROD0141,Haircare 9164,BrandE,Beauty,Premium,New,9,₹8291.61,26,₹74624.49,₹55222.12,Wallet,Cancelled,Standard,STORE010,Kolkata,EMP0034,Kavya Verma
TXN0000682,2023-04-10,CUST00682,Anjali Singh,+91 9678749140,Other,53,South,Premium,PROD0309,Groceries 4898,BrandA,Food,Premium,Eco-Friendly,3,₹35786.49,26,₹107359.47,₹79446.01,Cash,Completed,Standard,STORE008,Pune,EMP0004,Meera Agarwal
TXN0000683,2024-01-27,CUST00683,Anjali Singh,+91 9474608022,Male,25,East,Premium,PROD0482,Furniture 7232,BrandE,Home & Living,Limited Edition,Popular,5,₹23115.78,7,₹115578.90,₹107488.38,Credit Card,Completed,Express,STORE011,Mumbai,EMP0043,Priya Kumar
TXN0000684,2024-06-19,CUST00684,Anjali Sharma,+91 9307818148,Other,37,Central,Regular,PROD0102,Dairy 4797,BrandD,Food,Eco-Friendly,Popular,5,₹45743.60,14,₹228718.00,₹196697.48,Credit Card,Refunded,Pickup,STORE004,Bangalore,EMP0009,Raj Gupta
TXN0000685,2024-06-06,CUST00685,Kavya Reddy,+91 9770681356,Male,49,East,Regular,PROD0409,Frozen Food 3420,BrandB,Food,New,Eco-Friendly,2,₹10434.55,5,₹20869.10,₹19825.64,Credit Card,Completed,Standard,STORE004,Mumbai,EMP0049,Sneha Yadav
TXN0000686,2023-04-13,CUST00686,Arjun Agarwal,+91 9106682326,Male,21,Central,Premium,PROD0015,Beverages 7786,BrandB,Food,Eco-Friendly,New,7,₹38801.33,9,₹271609.31,₹247164.47,Cash,Pending,Pickup,STORE019,Chennai,EMP0030,Vikram Kumar
TXN0000687,2023-11-22,CUST00687,Arjun Verma,+91 9485148215,Male,59,South,Premium,PROD0334,Decor 3702,BrandE,Home & Living,Limited Edition,New,6,₹22177.01,14,₹133062.06,₹114433.37,Debit Card,Cancelled,Pickup,STORE016,Mumbai,EMP0021,Arjun Yadav
TXN0000688,2024-03-20,CUST00688,Priya Patel,+91 9067838436,Other,63,East,Premium,PROD0064,Shirt 1302,BrandC,Clothing,Limited Edition,New,3,₹3978.24,27,₹11934.72,₹8712.35,Wallet,Pending,Express,STORE012,Kolkata,EMP0020,Rohit Yadav
TXN0000689,2023-10-13,CUST00689,Kavya Agarwal,+91 9947144230,Male,23,Central,VIP,PROD0109,Gym Equipment 2259,BrandC,Sports,Sale,Popular,5,₹16325.64,2,₹81628.20,₹79995.64,Credit Card,Cancelled,Express,STORE009,Mumbai,EMP0033,Vikram Agarwal
TXN0000690,2023-02-24,CUST00690,Priya Verma,+91 9264441828,Female,34,South,Regular,PROD0327,Football 4607,BrandB,Sports,New,New,1,₹19563.84,15,₹19563.84,₹16629.26,Credit Card,Pending,Express,STORE006,Mumbai,EMP0044,Meera Verma
TXN0000691,2024-10-09,CUST00691,Vikram Joshi,+91 9564606430,Other,29,West,Regular,PROD0377,Makeup 1479,BrandB,Beauty,Limited Edition,New,8,₹44433.15,14,₹355465.20,₹305700.07,Cash,Pending,Pickup,STORE010,Hyderabad,EMP0012,Sneha Gupta
TXN0000692,2024-04-21,CUST00692,Rohit Sharma,+91 9859905654,Male,24,Central,Premium,PROD0392,Football 8403,BrandA,Sports,New,Eco-Friendly,3,₹31311.65,3,₹93934.95,₹91116.90,Net Banking,Pending,Standard,STORE017,Pune,EMP0044,Priya Singh
TXN0000693,2023-10-13,CUST00693,Vikram Agarwal,+91 9874859137,Male,53,North,Premium,PROD0246,Makeup 7229,BrandD,Beauty,New,Premium,8,₹8007.47,20,₹64059.76,₹51247.81,Credit Card,Cancelled,Express,STORE004,Pune,EMP0005,Meera Patel
TXN0000694,2023-03-06,CUST00694,Rohit Gupta,+91 9317530697,Other,54,North,VIP,PROD0056,Biography 5730,BrandB,Books,Premium,Premium,7,₹2119.83,21,₹14838.81,₹11722.66,Net Banking,Pending,Standard,STORE005,Bangalore,EMP0001,Arjun Verma
TXN0000695,2024-07-12,CUST00695,Arjun Sharma,+91 9395549265,Male,64,East,Premium,PROD0150,Gym Equipment 9568,BrandB,Sports,Popular,Premium,3,₹42551.73,14,₹127655.19,₹109783.46,Credit Card,Completed,Pickup,STORE017,Mumbai,EMP0046,Sneha Singh
TXN0000696,2023-03-18,CUST00696,Meera Agarwal,+91 9620005672,Other,62,West,Premium,PROD0282,Makeup 705,BrandA,Beauty,Popular,New,5,₹15546.31,22,₹77731.55,₹60630.61,Net Banking,Pending,Standard,STORE005,Pune,EMP0024,Anjali Patel
TXN0000697,2024-04-19,CUST00697,Kavya Verma,+91 9675815426,Female,27,North,Regular,PROD0268,Bedding 3285,BrandE,Home & Living,Premium,Premium,10,₹30260.03,5,₹302600.30,₹287470.28,UPI,Cancelled,Same Day,STORE007,Delhi,EMP0028,Vikram Gupta
TXN0000698,2023-08-23,CUST00698,Meera Yadav,+91 9649571155,Other,22,South,VIP,PROD0283,Cookbook 9423,BrandD,Books,Sale,Premium,2,₹42005.34,17,₹84010.68,₹69728.86,Net Banking,Cancelled,Same Day,STORE012,Chennai,EMP0026,Sneha Gupta
TXN0000699,2023-10-16,CUST00699,Sneha Singh,+91 9179935475,Male,69,Central,Regular,PROD0217,Cookbook 189,BrandB,Books,Sale,Limited Edition,5,₹13827.22,25,₹69136.10,₹51852.07,Cash,Cancelled,Express,STORE013,Bangalore,EMP0015,Arjun Yadav
TXN0000700,2023-09-10,CUST00700,Anjali Agarwal,+91 9287734263,Male,44,South,Premium,PROD0418,Kitchenware 4730,BrandE,Home & Living,Eco-Friendly,Limited Edition,8,₹31989.02,29,₹255912.16,₹181697.63,Cash,Cancelled,Standard,STORE007,Mumbai,EMP0005,Kavya Joshi
TXN0000701,2024-05-25,CUST00701,Amit Yadav,+91 9384405940,Male,43,East,VIP,PROD0340,Cookbook 9652,BrandA,Books,Popular,Sale,4,₹29606.97,6,₹118427.88,₹111322.21,Debit Card,Completed,Express,STORE003,Pune,EMP0025,Sneha Sharma
TXN0000702,2024-05-01,CUST00702,Amit Agarwal,+91 9333294747,Other,44,West,Premium,PROD0345,Skincare 1710,BrandB,Beauty,Limited Edition,Sale,6,₹21017.17,20,₹126103.02,₹100882.42,Cash,Cancelled,Same Day,STORE011,Mumbai,EMP0047,Amit Singh
TXN0000703,2023-04-01,CUST00703,Sneha Yadav,+91 9413630572,Female,36,South,VIP,PROD0093,Comic 534,BrandA,Books,New,Eco-Friendly,10,₹44573.34,4,₹445733.40,₹427904.06,Cash,Completed,Standard,STORE007,Chennai,EMP0012,Priya Patel
TXN0000704,2024-09-17,CUST00704,Priya Yadav,+91 9938224945,Other,25,North,Premium,PROD0044,Shirt 9509,BrandD,Clothing,Sale,New,4,₹15710.50,6,₹62842.00,₹59071.48,Credit Card,Cancelled,Standard,STORE006,Mumbai,EMP0035,Rohit Kumar
TXN0000705,2024-09-23,CUST00705,Anjali Reddy,+91 9385489240,Other,23,North,Premium,PROD0212,Lighting 4661,BrandC,Home & Living,Sale,Premium,7,₹7030.88,10,₹49216.16,₹44294.54,Cash,Refunded,Express,STORE007,Bangalore,EMP0038,Sneha Reddy
TXN0000706,2024-06-09,CUST00706,Sneha Verma,+91 9919792188,Other,64,East,Regular,PROD0271,Kitchenware 5002,BrandB,Home & Living,Limited Edition,Sale,4,₹6685.83,6,₹26743.32,₹25138.72,UPI,Completed,Same Day,STORE003,Chennai,EMP0035,Kavya Patel
TXN0000707,2023-08-21,CUST00707,Kavya Gupta,+91 9122264842,Other,34,East,Regular,PROD0142,Yoga Mat 9532,BrandE,Sports,Premium,Popular,3,₹1364.59,17,₹4093.77,₹3397.83,Wallet,Refunded,Standard,STORE001,Kolkata,EMP0028,Amit Gupta
TXN0000708,2023-06-26,CUST00708,Priya Verma,+91 9089248017,Other,40,South,Regular,PROD0266,Groceries 6027,BrandE,Food,Limited Edition,Limited Edition,1,₹40842.11,1,₹40842.11,₹40433.69,Credit Card,Pending,Pickup,STORE009,Hyderabad,EMP0050,Rohit Kumar
TXN0000709,2024-11-09,CUST00709,Rohit Reddy,+91 9905850384,Other,53,North,Regular,PROD0244,Snacks 1475,BrandC,Food,Limited Edition,Eco-Friendly,6,₹16183.86,15,₹97103.16,₹82537.69,Debit Card,Cancelled,Standard,STORE012,Bangalore,EMP0006,Arjun Verma
TXN0000710,2024-01-20,CUST00710,Vikram Singh,+91 9009723332,Male,59,Central,VIP,PROD0406,T-Shirt 3281,BrandA,Clothing,Sale,New,1,₹47789.14,26,₹47789.14,₹35363.96,Cash,Pending,Standard,STORE004,Delhi,EMP0008,Raj Sharma
TXN0000711,2024-06-11,CUST00711,Anjali Joshi,+91 9996279076,Female,70,North,VIP,PROD0240,Lighting 872,BrandB,Home & Living,Sale,Premium,5,₹49137.33,7,₹245686.65,₹228488.58,Wallet,Pending,Pickup,STORE018,Kolkata,EMP0038,Meera Patel
TXN0000712,2024-07-29,CUST00712,Amit Gupta,+91 9277202131,Male,62,East,Premium,PROD0287,Frozen Food 738,BrandE,Food,Eco-Friendly,Premium,7,₹45339.04,18,₹317373.28,₹260246.09,Net Banking,Completed,Express,STORE003,Mumbai,EMP0039,Amit Sharma
TXN0000713,2023-01-06,CUST00713,Arjun Patel,+91 9425229739,Male,61,Central,VIP,PROD0454,Skincare 7214,BrandE,Beauty,Popular,Limited Edition,8,₹7719.30,10,₹61754.40,₹55578.96,Debit Card,Refunded,Standard,STORE005,Delhi,EMP0011,Kavya Joshi
TXN0000714,2024-10-07,CUST00714,Sneha Yadav,+91 9447530461,Male,32,East,VIP,PROD0205,Cricket Bat 7652,BrandC,Sports,Premium,Popular,2,₹39531.92,24,₹79063.84,₹60088.52,Debit Card,Pending,Pickup,STORE014,Pune,EMP0049,Priya Kumar
TXN0000715,2023-06-08,CUST00715,Rohit Agarwal,+91 9588083617,Other,54,East,Regular,PROD0053,Comic 7657,BrandE,Books,Eco-Friendly,Popular,2,₹43473.08,14,₹86946.16,₹74773.70,Credit Card,Refunded,Express,STORE003,Pune,EMP0035,Meera Yadav
TXN0000716,2024-01-07,CUST00716,Anjali Sharma,+91 9444298614,Male,45,South,VIP,PROD0138,Yoga Mat 3039,BrandB,Sports,Popular,Sale,3,₹11303.01,28,₹33909.03,₹24414.50,Net Banking,Pending,Standard,STORE014,Delhi,EMP0001,Sneha Singh
TXN0000717,2023-08-18,CUST00717,Arjun Joshi,+91 9810160374,Male,61,Central,Premium,PROD0015,Textbook 8753,BrandA,Books,Popular,Limited Edition,7,₹23775.44,25,₹166428.08,₹124821.06,Debit Card,Refunded,Standard,STORE013,Mumbai,EMP0050,Rohit Reddy
TXN0000718,2024-07-24,CUST00718,Rohit Verma,+91 9197132373,Female,39,West,VIP,PROD0058,Decor 5189,BrandC,Home & Living,Premium,Popular,6,₹16335.89,14,₹98015.34,₹84293.19,UPI,Refunded,Pickup,STORE013,Hyderabad,EMP0037,Vikram Sharma
TXN0000719,2024-02-13,CUST00719,Vikram Yadav,+91 9737541239,Female,40,Central,VIP,PROD0127,Beverages 4173,BrandE,Food,Premium,Sale,8,₹1016.02,23,₹8128.16,₹6258.68,Cash,Pending,Standard,STORE018,Chennai,EMP0035,Amit Kumar
TXN0000720,2023-12-05,CUST00720,Arjun Joshi,+91 9131322519,Female,26,South,VIP,PROD0341,Dairy 5680,BrandC,Food,Premium,Limited Edition,4,₹4832.21,1,₹19328.84,₹19135.55,Cash,Completed,Express,STORE012,Pune,EMP0020,Sneha Patel
TXN0000721,2023-06-09,CUST00721,Sneha Agarwal,+91 9785635998,Female,51,Central,Premium,PROD0045,Skincare 6468,BrandC,Beauty,New,Premium,7,₹7348.71,18,₹51440.97,₹42181.60,Cash,Pending,Standard,STORE014,Kolkata,EMP0033,Arjun Kumar
TXN0000722,2023-07-16,CUST00722,Anjali Yadav,+91 9856879337,Male,37,South,Premium,PROD0034,Jacket 2041,BrandD,Clothing,Limited Edition,Sale,9,₹20893.64,22,₹188042.76,₹146673.35,Net Banking,Completed,Same Day,STORE010,Chennai,EMP0003,Vikram Kumar
TXN0000723,2024-06-08,CUST00723,Kavya Joshi,+91 9056063462,Male,28,South,Regular,PROD0087,Tennis Racket 7984,BrandB,Sports,Premium,Limited Edition,10,₹3552.82,22,₹35528.20,₹27712.00,Wallet,Pending,Standard,STORE002,Pune,EMP0026,Meera Sharma
TXN0000724,2023-12-01,CUST00724,Kavya Joshi,+91 9119441274,Male,40,South,Regular,PROD0302,Smartphone 3632,BrandD,Electronics,Eco-Friendly,Popular,7,₹33861.11,4,₹237027.77,₹227546.66,Credit Card,Completed,Pickup,STORE014,Chennai,EMP0009,Vikram Reddy
TXN0000725,2023-05-18,CUST00725,Arjun Kumar,+91 9768487142,Male,38,West,VIP,PROD0131,Biography 8637,BrandD,Books,Eco-Friendly,Premium,10,₹32551.84,2,₹325518.40,₹319008.03,Wallet,Refunded,Pickup,STORE015,Bangalore,EMP0011,Anjali Patel
TXN0000726,2024-02-10,CUST00726,Rohit Singh,+91 9551430401,Male,52,Central,Premium,PROD0135,Textbook 1299,BrandA,Books,Popular,Popular,1,₹35973.62,6,₹35973.62,₹33815.20,Credit Card,Pending,Same Day,STORE020,Kolkata,EMP0028,Raj Singh
TXN0000727,2023-05-27,CUST00727,Arjun Kumar,+91 9959072716,Male,18,West,Premium,PROD0233,Yoga Mat 3675,BrandD,Sports,Premium,Limited Edition,6,₹6071.42,10,₹36428.52,₹32785.67,Wallet,Pending,Same Day,STORE012,Bangalore,EMP0008,Vikram Reddy
TXN0000728,2023-04-10,CUST00728,Priya Gupta,+91 9862953964,Male,64,Central,VIP,PROD0248,Decor 4088,BrandC,Home & Living,Eco-Friendly,Premium,1,₹16209.46,10,₹16209.46,₹14588.51,Net Banking,Completed,Standard,STORE007,Kolkata,EMP0015,Amit Kumar
TXN0000729,2023-11-13,CUST00729,Vikram Reddy,+91 9494161684,Male,60,North,Premium,PROD0167,Bedding 6552,BrandE,Home & Living,Premium,Eco-Friendly,8,₹21286.71,11,₹170293.68,₹151561.38,UPI,Refunded,Standard,STORE009,Delhi,EMP0019,Rohit Patel
TXN0000730,2023-01-13,CUST00730,Anjali Joshi,+91 9169435189,Other,36,West,Premium,PROD0372,Snacks 9948,BrandD,Food,Eco-Friendly,Limited Edition,9,₹9153.94,10,₹82385.46,₹74146.91,Cash,Pending,Standard,STORE014,Delhi,EMP0005,Rohit Yadav
TXN0000731,2023-01-16,CUST00731,Amit Kumar,+91 9271935380,Other,70,East,Premium,PROD0111,Kitchenware 7692,BrandA,Home & Living,Popular,New,4,₹24565.92,16,₹98263.68,₹82541.49,Cash,Refunded,Standard,STORE016,Delhi,EMP0050,Vikram Agarwal
TXN0000732,2024-02-26,CUST00732,Amit Sharma,+91 9673097505,Female,68,East,VIP,PROD0191,Skincare 1286,BrandE,Beauty,Eco-Friendly,Sale,8,₹29529.51,25,₹236236.08,₹177177.06,Wallet,Pending,Pickup,STORE003,Delhi,EMP0023,Raj Patel
TXN0000733,2024-05-10,CUST00733,Raj Reddy,+91 9038411712,Other,66,Central,Regular,PROD0494,Kitchenware 8403,BrandD,Home & Living,Premium,New,3,₹14953.31,4,₹44859.93,₹43065.53,Credit Card,Completed,Same Day,STORE012,Mumbai,EMP0005,Arjun Agarwal
TXN0000734,2024-01-06,CUST00734,Sneha Gupta,+91 9997829407,Female,34,West,Premium,PROD0091,Furniture 5622,BrandE,Home & Living,Premium,Eco-Friendly,3,₹15500.93,26,₹46502.79,₹34412.06,Credit Card,Completed,Pickup,STORE007,Hyderabad,EMP0045,Kavya Joshi
TXN0000735,2023-02-18,CUST00735,Vikram Reddy,+91 9213311374,Female,21,West,Regular,PROD0017,Yoga Mat 9739,BrandD,Sports,Sale,Limited Edition,5,₹6801.81,4,₹34009.05,₹32648.69,Cash,Refunded,Pickup,STORE011,Kolkata,EMP0026,Rohit Joshi
TXN0000736,2024-01-20,CUST00736,Anjali Verma,+91 9732597650,Male,23,East,Regular,PROD0093,Haircare 164,BrandD,Beauty,Premium,New,8,₹49639.59,10,₹397116.72,₹357405.05,Debit Card,Cancelled,Express,STORE010,Mumbai,EMP0023,Arjun Reddy
TXN0000737,2024-10-31,CUST00737,Arjun Gupta,+91 9945590292,Male,37,South,Regular,PROD0240,Tennis Racket 725,BrandB,Sports,Popular,Limited Edition,3,₹45115.14,22,₹135345.42,₹105569.43,Credit Card,Pending,Pickup,STORE001,Chennai,EMP0014,Amit Reddy
TXN0000738,2024-12-08,CUST00738,Kavya Singh,+91 9196031767,Female,58,Central,VIP,PROD0292,Tennis Racket 5180,BrandC,Sports,Limited Edition,Popular,6,₹49319.33,25,₹295915.98,₹221936.98,Debit Card,Completed,Same Day,STORE012,Chennai,EMP0033,Meera Gupta
TXN0000739,2024-07-04,CUST00739,Amit Singh,+91 9111483633,Male,67,South,Premium,PROD0003,Cookbook 1305,BrandC,Books,Sale,Eco-Friendly,8,₹15399.72,11,₹123197.76,₹109646.01,Cash,Pending,Express,STORE008,Delhi,EMP0012,Amit Patel
TXN0000740,2024-06-16,CUST00740,Arjun Sharma,+91 9038691374,Other,18,West,Regular,PROD0486,Tablet 4612,BrandE,Electronics,Sale,Eco-Friendly,6,₹14927.72,2,₹89566.32,₹87774.99,Credit Card,Refunded,Standard,STORE014,Bangalore,EMP0039,Rohit Patel
TXN0000741,2024-11-11,CUST00741,Raj Joshi,+91 9968644508,Other,22,Central,Premium,PROD0489,Decor 8681,BrandC,Home & Living,Sale,Popular,9,₹44944.18,2,₹404497.62,₹396407.67,Cash,Pending,Pickup,STORE018,Bangalore,EMP0026,Rohit Reddy
TXN0000742,2023-08-08,CUST00742,Amit Patel,+91 9838500344,Male,45,North,VIP,PROD0286,Bedding 6564,BrandA,Home & Living,Eco-Friendly,Sale,5,₹33086.17,9,₹165430.85,₹150542.07,Credit Card,Refunded,Express,STORE017,Mumbai,EMP0036,Raj Reddy
TXN0000743,2024-05-28,CUST00743,Priya Yadav,+91 9364117145,Female,20,North,Premium,PROD0437,Novel 9533,BrandB,Books,New,Premium,3,₹33666.79,12,₹101000.37,₹88880.33,Cash,Refunded,Same Day,STORE003,Chennai,EMP0010,Priya Yadav
TXN0000744,2023-07-03,CUST00744,Raj Patel,+91 9652864158,Other,62,South,VIP,PROD0427,Smartphone 5486,BrandB,Electronics,Eco-Friendly,New,1,₹14776.11,11,₹14776.11,₹13150.74,Net Banking,Pending,Express,STORE018,Delhi,EMP0050,Vikram Joshi
TXN0000745,2024-01-20,CUST00745,Anjali Yadav,+91 9490711858,Male,59,North,Regular,PROD0111,Beverages 3717,BrandD,Food,Eco-Friendly,Premium,8,₹20581.89,18,₹164655.12,₹135017.20,Wallet,Cancelled,Pickup,STORE013,Kolkata,EMP0030,Priya Reddy
TXN0000746,2023-08-21,CUST00746,Vikram Verma,+91 9391568148,Other,49,East,Regular,PROD0450,Gym Equipment 3013,BrandD,Sports,Premium,New,7,₹42156.41,18,₹295094.87,₹241977.79,Wallet,Pending,Same Day,STORE005,Kolkata,EMP0014,Vikram Singh
TXN0000747,2024-07-13,CUST00747,Rohit Joshi,+91 9613846651,Male,24,South,Regular,PROD0286,Perfume 6962,BrandC,Beauty,Eco-Friendly,Premium,7,₹28020.26,16,₹196141.82,₹164759.13,UPI,Cancelled,Pickup,STORE007,Chennai,EMP0044,Amit Patel
TXN0000748,2023-01-28,CUST00748,Arjun Kumar,+91 9955739989,Male,67,East,Regular,PROD0366,Laptop 5165,BrandB,Electronics,Premium,Sale,9,₹6640.06,10,₹59760.54,₹53784.49,Cash,Pending,Standard,STORE001,Delhi,EMP0025,Meera Reddy
TXN0000749,2023-05-09,CUST00749,Amit Reddy,+91 9042361610,Other,55,East,Regular,PROD0203,Novel 1850,BrandA,Books,Eco-Friendly,Eco-Friendly,2,₹26718.47,5,₹53436.94,₹50765.09,Debit Card,Completed,Standard,STORE013,Kolkata,EMP0047,Rohit Joshi
TXN0000750,2024-12-25,CUST00750,Raj Joshi,+91 9457821326,Female,64,West,Regular,PROD0289,Decor 7120,BrandE,Home & Living,Popular,Sale,4,₹22932.13,17,₹91728.52,₹76134.67,Wallet,Completed,Pickup,STORE011,Kolkata,EMP0043,Meera Reddy
TXN0000751,2024-11-27,CUST00751,Vikram Kumar,+91 9868931996,Female,22,East,VIP,PROD0036,Snacks 9554,BrandD,Food,Limited Edition,New,1,₹41093.54,19,₹41093.54,₹33285.77,UPI,Completed,Same Day,STORE010,Delhi,EMP0005,Arjun Gupta
TXN0000752,2023-01-17,CUST00752,Sneha Verma,+91 9894158972,Male,19,Central,VIP,PROD0240,Frozen Food 6968,BrandB,Food,Eco-Friendly,Limited Edition,10,₹42474.60,10,₹424746.00,₹382271.40,Debit Card,Cancelled,Pickup,STORE010,Mumbai,EMP0005,Sneha Patel
TXN0000753,2023-02-17,CUST00753,Kavya Yadav,+91 9273751674,Female,63,South,VIP,PROD0124,Laptop 6866,BrandD,Electronics,Premium,Premium,8,₹35343.35,5,₹282746.80,₹268609.46,UPI,Completed,Same Day,STORE005,Mumbai,EMP0003,Arjun Agarwal
TXN0000754,2024-06-22,CUST00754,Amit Agarwal,+91 9154080381,Male,29,South,Premium,PROD0322,Textbook 408,BrandD,Books,Limited Edition,Sale,8,₹27139.87,25,₹217118.96,₹162839.22,Credit Card,Refunded,Same Day,STORE012,Kolkata,EMP0006,Amit Reddy
TXN0000755,2023-10-13,CUST00755,Amit Gupta,+91 9321208882,Male,46,North,Regular,PROD0498,Novel 3839,BrandA,Books,Sale,New,1,₹9764.38,30,₹9764.38,₹6835.07,Net Banking,Completed,Express,STORE012,Delhi,EMP0016,Raj Joshi
TXN0000756,2024-11-29,CUST00756,Priya Sharma,+91 9350905588,Other,56,South,Regular,PROD0107,Laptop 9014,BrandC,Electronics,Sale,Popular,4,₹46789.52,11,₹187158.08,₹166570.69,Cash,Refunded,Pickup,STORE014,Hyderabad,EMP0042,Meera Patel
TXN0000757,2023-01-09,CUST00757,Vikram Reddy,+91 9537406117,Other,69,North,Premium,PROD0247,Biography 1856,BrandB,Books,New,Premium,5,₹30971.37,12,₹154856.85,₹136274.03,Credit Card,Refunded,Pickup,STORE009,Hyderabad,EMP0045,Priya Singh
TXN0000758,2024-10-13,CUST00758,Arjun Patel,+91 9383437471,Other,59,West,VIP,PROD0160,Haircare 8766,BrandC,Beauty,Limited Edition,Sale,5,₹7095.63,9,₹35478.15,₹32285.12,UPI,Cancelled,Pickup,STORE010,Chennai,EMP0019,Meera Gupta
TXN0000759,2024-10-18,CUST00759,Priya Agarwal,+91 9340578267,Female,52,South,Premium,PROD0403,Decor 7219,BrandD,Home & Living,Sale,Premium,7,₹36322.31,16,₹254256.17,₹213575.18,Debit Card,Completed,Pickup,STORE010,Pune,EMP0006,Amit Patel
TXN0000760,2023-12-15,CUST00760,Rohit Sharma,+91 9515553140,Other,23,West,Premium,PROD0163,Gym Equipment 6331,BrandD,Sports,Popular,Premium,7,₹698.04,18,₹4886.28,₹4006.75,Debit Card,Refunded,Pickup,STORE012,Chennai,EMP0049,Meera Reddy
TXN0000761,2024-12-13,CUST00761,Rohit Patel,+91 9475432862,Female,42,North,Regular,PROD0229,Headphones 7611,BrandD,Electronics,Eco-Friendly,Eco-Friendly,10,₹37978.07,22,₹379780.70,₹296228.95,Credit Card,Refunded,Pickup,STORE002,Pune,EMP0046,Rohit Sharma
TXN0000762,2023-10-31,CUST00762,Raj Sharma,+91 9924928533,Male,43,South,Premium,PROD0015,Frozen Food 8525,BrandB,Food,Eco-Friendly,Popular,6,₹31420.89,3,₹188525.34,₹182869.58,Wallet,Cancelled,Standard,STORE003,Kolkata,EMP0019,Anjali Joshi
TXN0000763,2024-06-22,CUST00763,Amit Singh,+91 9912054843,Other,63,North,VIP,PROD0162,Novel 6858,BrandA,Books,Sale,Limited Edition,9,₹2714.43,10,₹24429.87,₹21986.88,Cash,Completed,Standard,STORE010,Chennai,EMP0025,Priya Gupta
TXN0000764,2024-10-25,CUST00764,Amit Agarwal,+91 9382963471,Other,35,North,VIP,PROD0055,Cookbook 4942,BrandA,Books,Popular,Eco-Friendly,10,₹1093.03,6,₹10930.30,₹10274.48,Net Banking,Cancelled,Same Day,STORE010,Hyderabad,EMP0047,Rohit Kumar
TXN0000765,2024-08-02,CUST00765,Arjun Kumar,+91 9528724239,Other,40,West,Premium,PROD0217,Perfume 2019,BrandA,Beauty,Limited Edition,Limited Edition,10,₹48123.53,17,₹481235.30,₹399425.30,Credit Card,Pending,Standard,STORE012,Pune,EMP0016,Meera Gupta
TXN0000766,2024-05-18,CUST00766,Priya Gupta,+91 9934279520,Other,50,West,Premium,PROD0278,Dairy 3799,BrandC,Food,Limited Edition,Eco-Friendly,2,₹23431.94,7,₹46863.88,₹43583.41,Debit Card,Pending,Express,STORE005,Bangalore,EMP0022,Priya Reddy
TXN0000767,2024-09-18,CUST00767,Rohit Agarwal,+91 9918896283,Female,33,Central,Premium,PROD0202,Furniture 7127,BrandD,Home & Living,Premium,Popular,9,₹11613.74,26,₹104523.66,₹77347.51,Wallet,Completed,Express,STORE003,Hyderabad,EMP0046,Sneha Gupta
TXN0000768,2024-01-05,CUST00768,Priya Verma,+91 9045754614,Female,55,South,VIP,PROD0445,Furniture 164,BrandE,Home & Living,Eco-Friendly,Premium,8,₹37081.68,9,₹296653.44,₹269954.63,Cash,Cancelled,Same Day,STORE019,Chennai,EMP0043,Kavya Agarwal
TXN0000769,2023-06-21,CUST00769,Vikram Reddy,+91 9578983930,Other,51,North,Premium,PROD0317,Snacks 7565,BrandB,Food,Premium,Popular,1,₹23665.30,15,₹23665.30,₹20115.50,Debit Card,Completed,Express,STORE016,Bangalore,EMP0033,Meera Joshi
TXN0000770,2024-03-03,CUST00770,Anjali Singh,+91 9993075265,Female,33,Central,Regular,PROD0382,Cosmetics 1116,BrandE,Beauty,Eco-Friendly,Popular,4,₹36209.67,30,₹144838.68,₹101387.08,Debit Card,Completed,Same Day,STORE003,Hyderabad,EMP0048,Vikram Patel
TXN0000771,2024-02-10,CUST00771,Priya Patel,+91 9783314101,Female,35,North,Premium,PROD0320,Biography 9565,BrandA,Books,Popular,Popular,2,₹32365.80,8,₹64731.60,₹59553.07,UPI,Pending,Standard,STORE015,Delhi,EMP0029,Kavya Verma
TXN0000772,2023-05-23,CUST00772,Amit Singh,+91 9174374701,Other,63,South,Premium,PROD0433,Snacks 2364,BrandE,Food,Popular,Popular,2,₹12697.53,22,₹25395.06,₹19808.15,Debit Card,Refunded,Pickup,STORE020,Chennai,EMP0005,Amit Kumar
TXN0000773,2024-06-23,CUST00773,Rohit Verma,+91 9199768664,Female,26,South,Premium,PROD0380,Jeans 9653,BrandD,Clothing,Premium,Sale,3,₹31621.08,15,₹94863.24,₹80633.75,Credit Card,Cancelled,Standard,STORE019,Pune,EMP0039,Anjali Gupta
TXN0000774,2024-06-11,CUST00774,Meera Kumar,+91 9588185696,Male,23,South,Premium,PROD0035,Laptop 1089,BrandC,Electronics,Eco-Friendly,New,10,₹43913.79,0,₹439137.90,₹439137.90,UPI,Pending,Standard,STORE010,Pune,EMP0039,Amit Kumar
TXN0000775,2023-07-17,CUST00775,Raj Joshi,+91 9050921066,Other,62,North,Premium,PROD0242,Dress 7415,BrandD,Clothing,Eco-Friendly,Popular,1,₹25186.45,17,₹25186.45,₹20904.75,UPI,Refunded,Same Day,STORE007,Mumbai,EMP0028,Rohit Agarwal
TXN0000776,2024-02-22,CUST00776,Kavya Joshi,+91 9281589549,Female,58,West,VIP,PROD0228,Tablet 3431,BrandA,Electronics,Sale,Premium,2,₹47278.30,1,₹94556.60,₹93611.03,Net Banking,Pending,Same Day,STORE017,Hyderabad,EMP0025,Vikram Singh
TXN0000777,2023-07-24,CUST00777,Rohit Verma,+91 9691398579,Male,44,Central,Premium,PROD0223,Decor 9751,BrandC,Home & Living,Eco-Friendly,New,2,₹13191.91,5,₹26383.82,₹25064.63,Debit Card,Refunded,Pickup,STORE010,Chennai,EMP0005,Arjun Reddy
TXN0000778,2024-04-10,CUST00778,Kavya Singh,+91 9802729979,Female,27,West,VIP,PROD0399,Cosmetics 6012,BrandC,Beauty,Eco-Friendly,Sale,8,₹34997.29,26,₹279978.32,₹207183.96,Cash,Cancelled,Standard,STORE014,Kolkata,EMP0009,Meera Gupta
TXN0000779,2023-11-26,CUST00779,Vikram Verma,+91 9473646114,Female,66,North,VIP,PROD0156,Dress 3872,BrandD,Clothing,Limited Edition,Limited Edition,1,₹34124.54,7,₹34124.54,₹31735.82,Credit Card,Cancelled,Same Day,STORE006,Pune,EMP0016,Meera Reddy
TXN0000780,2024-07-01,CUST00780,Raj Kumar,+91 9746684015,Female,62,North,VIP,PROD0111,Cosmetics 3268,BrandD,Beauty,Premium,Premium,10,₹38860.93,7,₹388609.30,₹361406.65,Cash,Refunded,Standard,STORE020,Pune,EMP0024,Arjun Joshi
TXN0000781,2024-07-12,CUST00781,Amit Gupta,+91 9212700016,Male,22,North,Premium,PROD0126,Football 9875,BrandB,Sports,New,Sale,6,₹30043.65,30,₹180261.90,₹126183.33,UPI,Completed,Pickup,STORE012,Chennai,EMP0022,Raj Agarwal
TXN0000782,2023-12-31,CUST00782,Anjali Verma,+91 9055086507,Male,67,East,Regular,PROD0075,Snacks 4704,BrandE,Food,New,Premium,5,₹31871.74,9,₹159358.70,₹145016.42,Debit Card,Cancelled,Same Day,STORE013,Hyderabad,EMP0008,Priya Joshi
TXN0000783,2024-01-07,CUST00783,Priya Kumar,+91 9085462019,Male,45,West,Premium,PROD0420,Perfume 5897,BrandB,Beauty,Popular,Premium,9,₹49723.18,24,₹447508.62,₹340106.55,Credit Card,Completed,Standard,STORE017,Pune,EMP0050,Amit Joshi
TXN0000784,2023-06-19,CUST00784,Amit Yadav,+91 9154780687,Other,23,Central,Regular,PROD0039,Perfume 2338,BrandB,Beauty,Popular,Popular,5,₹46948.45,8,₹234742.25,₹215962.87,Credit Card,Cancelled,Express,STORE001,Kolkata,EMP0028,Kavya Gupta
TXN0000785,2024-02-17,CUST00785,Priya Yadav,+91 9982684057,Other,50,East,Regular,PROD0015,Smartphone 6109,BrandA,Electronics,Limited Edition,Sale,10,₹36398.62,6,₹363986.20,₹342147.03,Credit Card,Cancelled,Standard,STORE014,Hyderabad,EMP0042,Arjun Gupta
TXN0000786,2023-02-11,CUST00786,Amit Gupta,+91 9179678373,Male,61,Central,VIP,PROD0008,Laptop 1965,BrandA,Electronics,Limited Edition,Sale,10,₹37750.26,4,₹377502.60,₹362402.50,Net Banking,Refunded,Express,STORE015,Chennai,EMP0048,Meera Singh
TXN0000787,2023-08-18,CUST00787,Vikram Verma,+91 9685453946,Female,26,North,Premium,PROD0108,Laptop 8567,BrandB,Electronics,Popular,Limited Edition,8,₹6043.54,29,₹48348.32,₹34327.31,Cash,Cancelled,Pickup,STORE014,Mumbai,EMP0023,Rohit Patel
TXN0000788,2024-04-26,CUST00788,Amit Sharma,+91 9908811170,Male,50,North,Regular,PROD0385,T-Shirt 7835,BrandB,Clothing,Sale,Eco-Friendly,4,₹28750.17,5,₹115000.68,₹109250.65,Wallet,Cancelled,Standard,STORE016,Chennai,EMP0037,Vikram Joshi
TXN0000789,2024-12-06,CUST00789,Vikram Gupta,+91 9393327054,Male,35,West,VIP,PROD0370,T-Shirt 1791,BrandE,Clothing,New,Premium,5,₹22155.20,14,₹110776.00,₹95267.36,Credit Card,Completed,Same Day,STORE019,Hyderabad,EMP0004,Raj Reddy
TXN0000790,2023-02-02,CUST00790,Raj Patel,+91 9027549509,Female,41,West,Regular,PROD0348,Textbook 4561,BrandD,Books,New,Limited Edition,10,₹11750.51,13,₹117505.10,₹102229.44,Credit Card,Pending,Standard,STORE015,Kolkata,EMP0037,Vikram Gupta
TXN0000791,2023-02-07,CUST00791,Anjali Gupta,+91 9765699167,Female,55,West,Regular,PROD0008,Gym Equipment 4582,BrandE,Sports,New,Eco-Friendly,5,₹39189.63,9,₹195948.15,₹178312.82,Cash,Completed,Express,STORE014,Kolkata,EMP0029,Kavya Sharma
TXN0000792,2023-04-13,CUST00792,Raj Joshi,+91 9287340014,Male,66,Central,Premium,PROD0283,Dress 9308,BrandB,Clothing,Sale,Popular,4,₹23150.55,20,₹92602.20,₹74081.76,UPI,Refunded,Express,STORE012,Bangalore,EMP0042,Vikram Sharma
TXN0000793,2024-03-16,CUST00793,Meera Agarwal,+91 9765302517,Male,48,East,VIP,PROD0315,Cookbook 4226,BrandC,Books,Popular,Sale,1,₹40493.84,2,₹40493.84,₹39683.96,Wallet,Refunded,Same Day,STORE014,Bangalore,EMP0045,Anjali Joshi
TXN0000794,2024-07-08,CUST00794,Rohit Joshi,+91 9005123793,Male,62,North,VIP,PROD0266,Cricket Bat 3590,BrandD,Sports,Sale,Limited Edition,8,₹24916.64,30,₹199333.12,₹139533.18,UPI,Completed,Same Day,STORE008,Chennai,EMP0004,Anjali Joshi
TXN0000795,2023-08-29,CUST00795,Anjali Patel,+91 9254530410,Male,62,West,VIP,PROD0129,Yoga Mat 7322,BrandB,Sports,Premium,Premium,8,₹20195.01,17,₹161560.08,₹134094.87,Wallet,Completed,Standard,STORE012,Kolkata,EMP0018,Anjali Verma
TXN0000796,2023-09-09,CUST00796,Amit Verma,+91 9664192830,Female,49,South,VIP,PROD0281,Groceries 2430,BrandB,Food,Popular,Popular,6,₹11191.02,30,₹67146.12,₹47002.28,UPI,Cancelled,Standard,STORE013,Hyderabad,EMP0040,Meera Patel
TXN0000797,2024-04-27,CUST00797,Vikram Verma,+91 9084214068,Female,18,North,Regular,PROD0073,Decor 4913,BrandC,Home & Living,Sale,New,4,₹7022.16,24,₹28088.64,₹21347.37,Wallet,Pending,Standard,STORE017,Kolkata,EMP0045,Sneha Verma
TXN0000798,2024-02-26,CUST00798,Vikram Gupta,+91 9811579560,Other,28,South,VIP,PROD0294,Dress 1800,BrandB,Clothing,Popular,Popular,1,₹5679.12,24,₹5679.12,₹4316.13,Cash,Cancelled,Pickup,STORE014,Delhi,EMP0006,Meera Patel
TXN0000799,2023-11-06,CUST00799,Priya Gupta,+91 9843091673,Other,54,North,Regular,PROD0014,Laptop 2550,BrandD,Electronics,Limited Edition,Eco-Friendly,2,₹24785.20,21,₹49570.40,₹39160.62,Credit Card,Cancelled,Same Day,STORE007,Bangalore,EMP0050,Priya Sharma
TXN0000800,2024-07-22,CUST00800,Raj Kumar,+91 9238224431,Other,68,South,VIP,PROD0404,Tennis Racket 368,BrandE,Sports,Limited Edition,Premium,9,₹14419.94,24,₹129779.46,₹98632.39,Cash,Refunded,Standard,STORE002,Kolkata,EMP0014,Rohit Singh
TXN0000801,2023-02-14,CUST00801,Rohit Agarwal,+91 9046881002,Female,64,North,Regular,PROD0011,Skincare 5499,BrandA,Beauty,New,New,10,₹3390.04,30,₹33900.40,₹23730.28,Debit Card,Refunded,Same Day,STORE012,Bangalore,EMP0049,Meera Joshi
TXN0000802,2023-11-12,CUST00802,Rohit Reddy,+91 9729447822,Female,21,West,Regular,PROD0198,Cosmetics 347,BrandB,Beauty,Eco-Friendly,Limited Edition,5,₹39017.81,21,₹195089.05,₹154120.35,Debit Card,Refunded,Standard,STORE018,Mumbai,EMP0036,Raj Reddy
TXN0000803,2023-08-24,CUST00803,Kavya Gupta,+91 9615576192,Male,19,South,Regular,PROD0197,Decor 2561,BrandE,Home & Living,New,New,8,₹13315.98,13,₹106527.84,₹92679.22,Debit Card,Cancelled,Standard,STORE017,Chennai,EMP0039,Sneha Yadav
TXN0000804,2023-08-11,CUST00804,Rohit Singh,+91 9669953502,Other,54,South,Premium,PROD0471,Jeans 788,BrandC,Clothing,Eco-Friendly,Popular,8,₹23766.93,30,₹190135.44,₹133094.81,Debit Card,Refunded,Express,STORE001,Bangalore,EMP0028,Arjun Kumar
TXN0000805,2024-07-15,CUST00805,Amit Yadav,+91 9721018325,Other,58,Central,VIP,PROD0234,Cricket Bat 1033,BrandC,Sports,Eco-Friendly,Eco-Friendly,10,₹17292.17,5,₹172921.70,₹164275.61,Cash,Completed,Pickup,STORE004,Delhi,EMP0030,Amit Sharma
TXN0000806,2024-10-31,CUST00806,Kavya Reddy,+91 9677407600,Male,30,Central,VIP,PROD0308,Decor 8816,BrandB,Home & Living,Sale,Eco-Friendly,9,₹46922.60,25,₹422303.40,₹316727.55,Net Banking,Completed,Pickup,STORE001,Pune,EMP0034,Raj Singh
TXN0000807,2023-12-14,CUST00807,Meera Joshi,+91 9627625174,Male,30,South,VIP,PROD0274,Shirt 1629,BrandA,Clothing,Eco-Friendly,Limited Edition,4,₹3700.16,4,₹14800.64,₹14208.61,Cash,Completed,Pickup,STORE016,Chennai,EMP0013,Raj Reddy
TXN0000808,2023-07-09,CUST00808,Meera Verma,+91 9975037173,Male,24,West,VIP,PROD0413,Cosmetics 7601,BrandC,Beauty,Popular,Sale,8,₹8591.88,11,₹68735.04,₹61174.19,Credit Card,Completed,Same Day,STORE007,Kolkata,EMP0050,Anjali Yadav
TXN0000809,2023-07-05,CUST00809,Arjun Agarwal,+91 9869655605,Other,41,West,Premium,PROD0294,Groceries 1170,BrandA,Food,Popular,Sale,9,₹46970.48,2,₹422734.32,₹414279.63,Wallet,Cancelled,Same Day,STORE015,Chennai,EMP0005,Meera Agarwal
TXN0000810,2023-12-15,CUST00810,Anjali Sharma,+91 9484837054,Female,64,South,VIP,PROD0444,Smartwatch 9029,BrandA,Electronics,New,Eco-Friendly,3,₹40091.42,8,₹120274.26,₹110652.32,Wallet,Pending,Pickup,STORE002,Kolkata,EMP0022,Amit Singh
TXN0000811,2023-08-31,CUST00811,Anjali Yadav,+91 9679427945,Other,67,North,VIP,PROD0480,Decor 2129,BrandC,Home & Living,Sale,Limited Edition,6,₹34652.06,10,₹207912.36,₹187121.12,Cash,Cancelled,Express,STORE019,Delhi,EMP0001,Raj Yadav
TXN0000812,2023-07-10,CUST00812,Anjali Patel,+91 9722443348,Other,39,East,VIP,PROD0220,Beverages 8767,BrandA,Food,Eco-Friendly,Limited Edition,6,₹31632.94,12,₹189797.64,₹167021.92,Net Banking,Pending,Express,STORE002,Delhi,EMP0035,Vikram Yadav
TXN0000813,2024-04-10,CUST00813,Vikram Verma,+91 9835848596,Other,26,West,VIP,PROD0228,Lighting 528,BrandC,Home & Living,Limited Edition,Eco-Friendly,8,₹543.01,7,₹4344.08,₹4039.99,UPI,Cancelled,Pickup,STORE005,Chennai,EMP0034,Raj Agarwal
TXN0000814,2023-11-10,CUST00814,Meera Yadav,+91 9703195910,Female,46,West,Premium,PROD0397,Gym Equipment 7340,BrandA,Sports,Sale,Popular,5,₹35775.33,16,₹178876.65,₹150256.39,UPI,Refunded,Express,STORE011,Chennai,EMP0006,Amit Patel
TXN0000815,2023-01-04,CUST00815,Arjun Verma,+91 9774645636,Female,34,East,Premium,PROD0443,Textbook 2068,BrandE,Books,Sale,Sale,5,₹4619.58,10,₹23097.90,₹20788.11,Credit Card,Cancelled,Express,STORE013,Pune,EMP0011,Arjun Sharma
TXN0000816,2024-02-11,CUST00816,Rohit Yadav,+91 9086397545,Male,19,Central,Regular,PROD0443,Gym Equipment 4321,BrandB,Sports,Popular,Eco-Friendly,4,₹31614.29,15,₹126457.16,₹107488.59,UPI,Cancelled,Express,STORE005,Chennai,EMP0026,Vikram Joshi
TXN0000817,2023-03-27,CUST00817,Anjali Verma,+91 9863069527,Female,59,East,Premium,PROD0245,Biography 8976,BrandE,Books,New,Popular,1,₹45077.83,0,₹45077.83,₹45077.83,Debit Card,Completed,Same Day,STORE018,Bangalore,EMP0027,Amit Singh
TXN0000818,2024-10-30,CUST00818,Vikram Singh,+91 9929296705,Other,37,South,Premium,PROD0357,Textbook 1743,BrandC,Books,Eco-Friendly,Popular,7,₹117.97,21,₹825.79,₹652.37,Credit Card,Cancelled,Pickup,STORE008,Pune,EMP0032,Kavya Reddy
TXN0000819,2023-05-10,CUST00819,Kavya Singh,+91 9140701048,Male,53,West,Regular,PROD0339,Beverages 3184,BrandB,Food,Eco-Friendly,Popular,7,₹37606.95,0,₹263248.65,₹263248.65,UPI,Cancelled,Express,STORE020,Delhi,EMP0032,Anjali Sharma
TXN0000820,2023-09-14,CUST00820,Rohit Reddy,+91 9526075317,Other,70,West,VIP,PROD0364,Smartphone 5356,BrandA,Electronics,Premium,New,3,₹8524.60,14,₹25573.80,₹21993.47,Debit Card,Pending,Standard,STORE006,Delhi,EMP0047,Arjun Singh
TXN0000821,2024-01-18,CUST00821,Amit Patel,+91 9412152940,Male,37,Central,Regular,PROD0118,Dress 1048,BrandB,Clothing,Eco-Friendly,Premium,1,₹27130.86,18,₹27130.86,₹22247.31,Debit Card,Pending,Standard,STORE009,Delhi,EMP0039,Meera Singh
TXN0000822,2023-04-22,CUST00822,Arjun Patel,+91 9663022686,Other,69,East,Regular,PROD0337,Shirt 2854,BrandA,Clothing,Sale,Sale,9,₹39692.55,21,₹357232.95,₹282214.03,Net Banking,Completed,Pickup,STORE020,Hyderabad,EMP0048,Kavya Kumar
TXN0000823,2024-10-28,CUST00823,Rohit Kumar,+91 9947683857,Female,37,South,VIP,PROD0059,Skincare 1553,BrandD,Beauty,Sale,Premium,7,₹46458.76,30,₹325211.32,₹227647.92,UPI,Refunded,Same Day,STORE007,Pune,EMP0002,Arjun Joshi
TXN0000824,2024-03-07,CUST00824,Arjun Joshi,+91 9141774663,Male,30,North,Regular,PROD0467,Haircare 5922,BrandA,Beauty,Eco-Friendly,New,10,₹5593.99,26,₹55939.90,₹41395.53,Credit Card,Pending,Pickup,STORE009,Delhi,EMP0010,Kavya Agarwal
TXN0000825,2023-02-13,CUST00825,Arjun Agarwal,+91 9774277085,Other,63,North,VIP,PROD0460,T-Shirt 9023,BrandE,Clothing,Popular,New,4,₹49907.22,12,₹199628.88,₹175673.41,Debit Card,Refunded,Standard,STORE010,Mumbai,EMP0042,Anjali Joshi
TXN0000826,2023-08-19,CUST00826,Meera Reddy,+91 9374238377,Other,66,North,Regular,PROD0411,Makeup 2923,BrandC,Beauty,New,Premium,6,₹18325.49,9,₹109952.94,₹100057.18,Net Banking,Completed,Express,STORE003,Mumbai,EMP0028,Rohit Reddy
TXN0000827,2023-01-22,CUST00827,Sneha Patel,+91 9147021922,Female,52,West,Premium,PROD0422,Decor 9966,BrandA,Home & Living,Eco-Friendly,Premium,3,₹15743.84,8,₹47231.52,₹43453.00,Credit Card,Pending,Same Day,STORE017,Kolkata,EMP0025,Priya Kumar
TXN0000828,2023-02-09,CUST00828,Amit Yadav,+91 9321679274,Female,26,East,Premium,PROD0103,Haircare 3409,BrandC,Beauty,Eco-Friendly,Limited Edition,10,₹35558.51,30,₹355585.10,₹248909.57,UPI,Cancelled,Standard,STORE010,Pune,EMP0029,Meera Yadav
TXN0000829,2024-10-05,CUST00829,Anjali Verma,+91 9902790292,Female,69,West,VIP,PROD0296,Textbook 6835,BrandD,Books,Limited Edition,Premium,8,₹29050.12,25,₹232400.96,₹174300.72,Net Banking,Refunded,Express,STORE020,Chennai,EMP0031,Priya Yadav
TXN0000830,2024-05-23,CUST00830,Anjali Sharma,+91 9771038325,Other,68,Central,VIP,PROD0063,Decor 1535,BrandA,Home & Living,Premium,Limited Edition,10,₹43254.14,18,₹432541.40,₹354683.95,Net Banking,Cancelled,Pickup,STORE007,Bangalore,EMP0011,Rohit Yadav
TXN0000831,2024-05-15,CUST00831,Arjun Agarwal,+91 9820316061,Other,21,North,Premium,PROD0065,Cookbook 4957,BrandA,Books,Limited Edition,Sale,9,₹43014.47,20,₹387130.23,₹309704.18,Credit Card,Completed,Pickup,STORE011,Delhi,EMP0049,Vikram Yadav
TXN0000832,2023-06-30,CUST00832,Priya Agarwal,+91 9252875280,Female,42,West,Regular,PROD0381,Textbook 4264,BrandD,Books,New,Premium,4,₹23461.75,8,₹93847.00,₹86339.24,Net Banking,Completed,Same Day,STORE004,Hyderabad,EMP0036,Priya Verma
TXN0000833,2023-03-07,CUST00833,Anjali Verma,+91 9980686770,Female,55,North,Regular,PROD0141,Kitchenware 162,BrandA,Home & Living,Eco-Friendly,Eco-Friendly,2,₹49623.12,24,₹99246.24,₹75427.14,UPI,Pending,Same Day,STORE003,Chennai,EMP0031,Sneha Yadav
TXN0000834,2024-04-26,CUST00834,Priya Yadav,+91 9172702020,Female,41,Central,Regular,PROD0069,Tennis Racket 3057,BrandB,Sports,New,Popular,2,₹24340.31,17,₹48680.62,₹40404.91,Net Banking,Completed,Express,STORE017,Delhi,EMP0028,Rohit Yadav
TXN0000835,2024-08-14,CUST00835,Raj Kumar,+91 9636934036,Male,65,North,Regular,PROD0318,Furniture 8548,BrandA,Home & Living,Popular,Sale,5,₹1682.59,29,₹8412.95,₹5973.19,UPI,Cancelled,Standard,STORE003,Pune,EMP0034,Amit Yadav
TXN0000836,2024-06-06,CUST00836,Raj Reddy,+91 9409599043,Male,18,East,Premium,PROD0129,Groceries 2437,BrandB,Food,Limited Edition,New,3,₹6306.24,14,₹18918.72,₹16270.10,Net Banking,Pending,Standard,STORE020,Delhi,EMP0039,Kavya Patel
TXN0000837,2023-09-14,CUST00837,Vikram Yadav,+91 9855899354,Female,54,West,Premium,PROD0095,Tablet 9745,BrandA,Electronics,Eco-Friendly,New,1,₹35903.93,15,₹35903.93,₹30518.34,UPI,Cancelled,Express,STORE001,Kolkata,EMP0028,Meera Yadav
TXN0000838,2023-10-23,CUST00838,Amit Reddy,+91 9356892186,Male,24,South,Regular,PROD0262,Furniture 3661,BrandD,Home & Living,Eco-Friendly,New,8,₹32437.20,0,₹259497.60,₹259497.60,UPI,Cancelled,Standard,STORE014,Delhi,EMP0041,Arjun Singh
TXN0000839,2023-03-15,CUST00839,Rohit Kumar,+91 9878068381,Male,37,Central,Premium,PROD0404,Haircare 2864,BrandB,Beauty,Limited Edition,Limited Edition,2,₹1224.18,29,₹2448.36,₹1738.34,Credit Card,Completed,Same Day,STORE004,Chennai,EMP0004,Meera Sharma
TXN0000840,2023-09-15,CUST00840,Amit Joshi,+91 9523146034,Male,66,West,Regular,PROD0058,Jacket 4040,BrandD,Clothing,New,Sale,4,₹8248.22,30,₹32992.88,₹23095.02,Credit Card,Pending,Pickup,STORE007,Hyderabad,EMP0012,Raj Joshi
TXN0000841,2023-06-21,CUST00841,Vikram Gupta,+91 9169817829,Female,48,East,Regular,PROD0437,Dairy 8038,BrandD,Food,Sale,Limited Edition,5,₹2235.41,24,₹11177.05,₹8494.56,Cash,Refunded,Express,STORE011,Mumbai,EMP0049,Meera Patel
TXN0000842,2024-03-05,CUST00842,Rohit Kumar,+91 9234601601,Other,45,Central,Premium,PROD0417,Makeup 8543,BrandD,Beauty,Limited Edition,New,9,₹33495.17,5,₹301456.53,₹286383.70,Wallet,Cancelled,Standard,STORE013,Chennai,EMP0005,Rohit Patel
TXN0000843,2024-07-30,CUST00843,Amit Joshi,+91 9718027633,Male,40,North,Premium,PROD0236,Football 1623,BrandD,Sports,Sale,Sale,10,₹16462.55,14,₹164625.50,₹141577.93,Debit Card,Cancelled,Pickup,STORE006,Delhi,EMP0014,Kavya Sharma
TXN0000844,2024-10-01,CUST00844,Rohit Singh,+91 9928552765,Female,62,South,VIP,PROD0493,Frozen Food 4840,BrandC,Food,New,Popular,7,₹41488.66,6,₹290420.62,₹272995.38,UPI,Refunded,Standard,STORE013,Hyderabad,EMP0048,Anjali Yadav
TXN0000845,2024-01-01,CUST00845,Anjali Agarwal,+91 9205776845,Female,63,West,Premium,PROD0010,Shirt 3752,BrandC,Clothing,Premium,Eco-Friendly,7,₹4763.81,26,₹33346.67,₹24676.54,Wallet,Pending,Pickup,STORE013,Hyderabad,EMP0021,Arjun Agarwal
TXN0000846,2023-05-21,CUST00846,Arjun Verma,+91 9087933583,Other,35,West,VIP,PROD0471,Yoga Mat 3126,BrandE,Sports,New,Sale,3,₹5730.61,16,₹17191.83,₹14441.14,UPI,Completed,Same Day,STORE017,Hyderabad,EMP0050,Meera Verma
TXN0000847,2024-01-06,CUST00847,Priya Gupta,+91 9411435133,Female,49,West,VIP,PROD0012,Beverages 537,BrandE,Food,Limited Edition,Sale,6,₹40387.34,28,₹242324.04,₹174473.31,Credit Card,Refunded,Standard,STORE013,Mumbai,EMP0033,Kavya Gupta
TXN0000848,2023-01-22,CUST00848,Sneha Agarwal,+91 9726891637,Other,29,Central,Premium,PROD0074,Gym Equipment 6409,BrandD,Sports,Sale,Limited Edition,6,₹35832.30,2,₹214993.80,₹210693.92,UPI,Completed,Same Day,STORE002,Bangalore,EMP0005,Vikram Joshi
TXN0000849,2023-10-23,CUST00849,Meera Patel,+91 9258473223,Other,40,North,VIP,PROD0474,Snacks 7109,BrandE,Food,Sale,Premium,4,₹42856.83,13,₹171427.32,₹149141.77,Debit Card,Pending,Express,STORE009,Bangalore,EMP0018,Raj Verma
TXN0000850,2024-11-05,CUST00850,Vikram Verma,+91 9107008913,Male,33,East,Regular,PROD0070,Tennis Racket 8260,BrandD,Sports,Popular,Premium,7,₹34101.21,29,₹238708.47,₹169483.01,Credit Card,Refunded,Express,STORE014,Bangalore,EMP0010,Vikram Verma
TXN0000851,2024-02-29,CUST00851,Amit Verma,+91 9181112382,Female,29,West,Premium,PROD0496,Furniture 1470,BrandD,Home & Living,Popular,Sale,10,₹49717.25,6,₹497172.50,₹467342.15,Net Banking,Refunded,Standard,STORE016,Mumbai,EMP0022,Priya Agarwal
TXN0000852,2023-12-25,CUST00852,Meera Agarwal,+91 9610530561,Female,20,East,Regular,PROD0066,Makeup 4096,BrandD,Beauty,Limited Edition,New,6,₹16609.18,25,₹99655.08,₹74741.31,Wallet,Completed,Standard,STORE004,Chennai,EMP0029,Amit Agarwal
TXN0000853,2024-05-21,CUST00853,Anjali Sharma,+91 9354959231,Other,60,North,VIP,PROD0039,Laptop 5623,BrandB,Electronics,Limited Edition,Sale,1,₹33016.88,7,₹33016.88,₹30705.70,Wallet,Pending,Same Day,STORE020,Delhi,EMP0018,Anjali Patel
TXN0000854,2024-05-31,CUST00854,Priya Agarwal,+91 9203545563,Female,62,North,VIP,PROD0315,Tablet 5927,BrandC,Electronics,Sale,New,7,₹15297.77,20,₹107084.39,₹85667.51,Net Banking,Cancelled,Standard,STORE016,Mumbai,EMP0030,Sneha Yadav
TXN0000855,2023-05-06,CUST00855,Arjun Patel,+91 9338306516,Female,39,East,VIP,PROD0393,Cricket Bat 6541,BrandC,Sports,New,Premium,2,₹11079.85,21,₹22159.70,₹17506.16,Debit Card,Cancelled,Pickup,STORE013,Delhi,EMP0043,Anjali Reddy
TXN0000856,2024-06-04,CUST00856,Rohit Yadav,+91 9073515795,Other,21,Central,VIP,PROD0446,Shirt 8244,BrandA,Clothing,New,Sale,6,₹27255.56,25,₹163533.36,₹122650.02,Debit Card,Cancelled,Express,STORE018,Kolkata,EMP0026,Rohit Agarwal
TXN0000857,2023-05-11,CUST00857,Raj Patel,+91 9511490314,Female,20,East,Premium,PROD0167,Cookbook 8270,BrandE,Books,New,Eco-Friendly,5,₹41249.90,18,₹206249.50,₹169124.59,Wallet,Pending,Standard,STORE012,Pune,EMP0048,Arjun Kumar
TXN0000858,2024-04-09,CUST00858,Meera Patel,+91 9107030390,Other,55,Central,Premium,PROD0182,Smartphone 7502,BrandA,Electronics,Sale,Eco-Friendly,8,₹24546.37,1,₹196370.96,₹194407.25,Cash,Cancelled,Standard,STORE015,Hyderabad,EMP0013,Vikram Patel
TXN0000859,2024-05-15,CUST00859,Sneha Agarwal,+91 9631770973,Female,60,South,Regular,PROD0026,Gym Equipment 2503,BrandC,Sports,New,Popular,8,₹12459.59,22,₹99676.72,₹77747.84,Credit Card,Pending,Express,STORE001,Delhi,EMP0026,Vikram Sharma
TXN0000860,2024-11-15,CUST00860,Rohit Singh,+91 9434185442,Other,41,South,Premium,PROD0408,Perfume 6749,BrandC,Beauty,Sale,Premium,4,₹49988.80,3,₹199955.20,₹193956.54,Wallet,Refunded,Pickup,STORE015,Hyderabad,EMP0019,Rohit Sharma
TXN0000861,2023-11-19,CUST00861,Rohit Verma,+91 9769516797,Female,47,South,VIP,PROD0128,Frozen Food 2615,BrandD,Food,Popular,Popular,7,₹19351.84,28,₹135462.88,₹97533.27,UPI,Pending,Express,STORE009,Bangalore,EMP0010,Rohit Sharma
TXN0000862,2023-04-30,CUST00862,Amit Verma,+91 9651420260,Female,63,Central,Premium,PROD0363,T-Shirt 6717,BrandA,Clothing,New,Popular,6,₹16856.37,20,₹101138.22,₹80910.58,UPI,Refunded,Standard,STORE010,Delhi,EMP0026,Arjun Yadav
TXN0000863,2023-07-10,CUST00863,Anjali Yadav,+91 9819304808,Male,69,Central,Regular,PROD0413,Textbook 8137,BrandE,Books,Premium,New,6,₹18572.64,17,₹111435.84,₹92491.75,Cash,Refunded,Standard,STORE002,Hyderabad,EMP0042,Priya Singh
TXN0000864,2024-07-12,CUST00864,Sneha Verma,+91 9813868894,Other,29,West,Premium,PROD0426,Jeans 2613,BrandE,Clothing,Sale,Eco-Friendly,9,₹43486.56,9,₹391379.04,₹356154.93,Credit Card,Pending,Standard,STORE009,Delhi,EMP0049,Kavya Singh
TXN0000865,2023-09-12,CUST00865,Kavya Patel,+91 9030099501,Other,70,North,Premium,PROD0112,Beverages 8018,BrandE,Food,Limited Edition,Limited Edition,10,₹32049.87,18,₹320498.70,₹262808.93,Cash,Pending,Pickup,STORE017,Bangalore,EMP0012,Kavya Yadav
TXN0000866,2023-05-09,CUST00866,Anjali Kumar,+91 9770905494,Other,34,South,Premium,PROD0425,Cosmetics 659,BrandE,Beauty,New,Sale,6,₹15552.05,17,₹93312.30,₹77449.21,Wallet,Cancelled,Standard,STORE008,Delhi,EMP0049,Vikram Reddy
TXN0000867,2023-03-09,CUST00867,Kavya Agarwal,+91 9087859651,Other,64,Central,Regular,PROD0473,Textbook 5669,BrandD,Books,Premium,Limited Edition,2,₹28403.04,17,₹56806.08,₹47149.05,Net Banking,Cancelled,Same Day,STORE011,Pune,EMP0002,Rohit Patel
TXN0000868,2023-01-18,CUST00868,Vikram Kumar,+91 9059817808,Female,68,West,VIP,PROD0116,Comic 6236,BrandC,Books,Popular,Limited Edition,2,₹19825.50,25,₹39651.00,₹29738.25,Debit Card,Pending,Same Day,STORE010,Kolkata,EMP0030,Meera Joshi
TXN0000869,2024-05-20,CUST00869,Sneha Reddy,+91 9370882362,Other,51,West,Regular,PROD0110,T-Shirt 3715,BrandC,Clothing,Premium,Popular,7,₹19604.88,30,₹137234.16,₹96063.91,Cash,Pending,Pickup,STORE016,Delhi,EMP0043,Priya Reddy
TXN0000870,2024-07-05,CUST00870,Arjun Patel,+91 9678406748,Male,48,North,Regular,PROD0437,Beverages 2915,BrandE,Food,Eco-Friendly,Sale,7,₹14998.55,20,₹104989.85,₹83991.88,Net Banking,Pending,Standard,STORE010,Chennai,EMP0031,Arjun Patel
TXN0000871,2024-03-09,CUST00871,Kavya Agarwal,+91 9988241651,Male,48,East,Premium,PROD0234,Smartwatch 8406,BrandD,Electronics,New,Limited Edition,10,₹43595.40,4,₹435954.00,₹418515.84,Net Banking,Completed,Pickup,STORE019,Pune,EMP0008,Vikram Gupta
TXN0000872,2023-12-21,CUST00872,Sneha Gupta,+91 9725661837,Other,53,North,Regular,PROD0112,Smartphone 5705,BrandD,Electronics,Popular,Premium,8,₹25950.75,19,₹207606.00,₹168160.86,UPI,Refunded,Pickup,STORE001,Delhi,EMP0044,Meera Patel
TXN0000873,2023-01-03,CUST00873,Meera Agarwal,+91 9367900285,Other,22,South,Premium,PROD0302,Smartwatch 3483,BrandB,Electronics,Sale,Eco-Friendly,6,₹24293.96,25,₹145763.76,₹109322.82,Net Banking,Cancelled,Standard,STORE002,Delhi,EMP0007,Rohit Kumar
TXN0000874,2024-07-08,CUST00874,Rohit Patel,+91 9928686667,Other,51,North,Regular,PROD0023,Textbook 7532,BrandC,Books,Eco-Friendly,Popular,5,₹33130.71,2,₹165653.55,₹162340.48,Debit Card,Pending,Pickup,STORE007,Bangalore,EMP0015,Kavya Joshi
TXN0000875,2024-02-15,CUST00875,Anjali Joshi,+91 9313505414,Other,49,East,Regular,PROD0077,Kitchenware 4999,BrandC,Home & Living,Premium,Premium,3,₹45736.43,19,₹137209.29,₹111139.52,Credit Card,Refunded,Pickup,STORE014,Bangalore,EMP0030,Arjun Verma
TXN0000876,2024-07-07,CUST00876,Sneha Verma,+91 9904916190,Male,43,East,Regular,PROD0214,Furniture 4876,BrandB,Home & Living,New,Sale,7,₹31349.98,17,₹219449.86,₹182143.38,Wallet,Completed,Express,STORE010,Mumbai,EMP0002,Kavya Sharma
TXN0000877,2024-07-10,CUST00877,Sneha Patel,+91 9644126278,Male,31,North,Regular,PROD0496,Furniture 1739,BrandD,Home & Living,New,New,6,₹2982.09,3,₹17892.54,₹17355.76,Credit Card,Completed,Standard,STORE006,Pune,EMP0038,Sneha Reddy
TXN0000878,2023-05-23,CUST00878,Priya Patel,+91 9923802602,Other,29,North,Regular,PROD0357,Gym Equipment 8364,BrandA,Sports,Popular,Popular,5,₹49039.25,1,₹245196.25,₹242744.29,Wallet,Refunded,Pickup,STORE011,Kolkata,EMP0016,Amit Yadav
TXN0000879,2024-07-25,CUST00879,Meera Gupta,+91 9003963778,Male,65,East,VIP,PROD0148,Makeup 7067,BrandE,Beauty,New,Premium,7,₹18087.49,20,₹126612.43,₹101289.94,Cash,Refunded,Express,STORE005,Pune,EMP0034,Vikram Agarwal
TXN0000880,2023-06-29,CUST00880,Priya Kumar,+91 9912408769,Female,42,North,Regular,PROD0298,Groceries 3199,BrandC,Food,New,Popular,7,₹12032.37,4,₹84226.59,₹80857.53,UPI,Refunded,Same Day,STORE006,Kolkata,EMP0036,Rohit Gupta
TXN0000881,2023-03-22,CUST00881,Raj Reddy,+91 9246312929,Male,34,Central,Premium,PROD0251,Laptop 4059,BrandE,Electronics,Popular,Premium,6,₹39075.99,4,₹234455.94,₹225077.70,Cash,Cancelled,Same Day,STORE013,Hyderabad,EMP0013,Vikram Patel
TXN0000882,2024-06-14,CUST00882,Vikram Agarwal,+91 9230160914,Male,67,West,Regular,PROD0180,Biography 7352,BrandE,Books,Sale,Eco-Friendly,3,₹44692.52,4,₹134077.56,₹128714.46,Debit Card,Completed,Pickup,STORE020,Bangalore,EMP0040,Rohit Gupta
TXN0000883,2024-04-22,CUST00883,Kavya Singh,+91 9325684046,Other,19,South,VIP,PROD0011,Cricket Bat 9347,BrandE,Sports,Sale,Premium,1,₹18976.09,15,₹18976.09,₹16129.68,Cash,Refunded,Standard,STORE014,Bangalore,EMP0002,Amit Joshi
TXN0000884,2024-04-16,CUST00884,Anjali Kumar,+91 9638455285,Other,40,North,Regular,PROD0454,Gym Equipment 6895,BrandC,Sports,Limited Edition,Limited Edition,2,₹21349.23,0,₹42698.46,₹42698.46,Wallet,Refunded,Same Day,STORE020,Hyderabad,EMP0017,Anjali Agarwal
TXN0000885,2023-10-13,CUST00885,Rohit Verma,+91 9810655565,Other,47,West,VIP,PROD0407,Cricket Bat 8390,BrandA,Sports,New,Eco-Friendly,8,₹39753.63,27,₹318029.04,₹232161.20,Cash,Cancelled,Express,STORE009,Pune,EMP0048,Meera Singh
TXN0000886,2023-03-09,CUST00886,Meera Reddy,+91 9992138344,Female,66,North,Regular,PROD0088,Furniture 5978,BrandA,Home & Living,Premium,Popular,8,₹36751.66,11,₹294013.28,₹261671.82,Debit Card,Refunded,Express,STORE002,Delhi,EMP0033,Vikram Singh
TXN0000887,2024-07-05,CUST00887,Kavya Patel,+91 9496469129,Other,36,South,Premium,PROD0065,Cosmetics 8504,BrandD,Beauty,Premium,Limited Edition,4,₹11104.48,22,₹44417.92,₹34645.98,Cash,Refunded,Pickup,STORE011,Chennai,EMP0037,Sneha Agarwal
TXN0000888,2023-09-16,CUST00888,Arjun Singh,+91 9985923694,Other,45,North,Regular,PROD0020,Bedding 8207,BrandC,Home & Living,Limited Edition,Premium,10,₹49861.51,3,₹498615.10,₹483656.65,Credit Card,Completed,Same Day,STORE015,Kolkata,EMP0022,Rohit Reddy
TXN0000889,2023-11-26,CUST00889,Vikram Gupta,+91 9388179955,Other,58,East,VIP,PROD0295,Lighting 8418,BrandA,Home & Living,Popular,Popular,2,₹35596.74,8,₹71193.48,₹65498.00,Credit Card,Completed,Express,STORE008,Delhi,EMP0024,Anjali Gupta
TXN0000890,2024-12-08,CUST00890,Rohit Patel,+91 9521693139,Other,19,North,Premium,PROD0139,Comic 860,BrandC,Books,Premium,Sale,9,₹41774.05,9,₹375966.45,₹342129.47,Credit Card,Completed,Same Day,STORE016,Hyderabad,EMP0045,Meera Singh
TXN0000891,2024-12-21,CUST00891,Sneha Agarwal,+91 9167536085,Female,53,North,Regular,PROD0188,Headphones 3798,BrandE,Electronics,Premium,Premium,6,₹2797.72,0,₹16786.32,₹16786.32,Cash,Refunded,Pickup,STORE012,Delhi,EMP0012,Anjali Agarwal
TXN0000892,2023-12-18,CUST00892,Sneha Agarwal,+91 9538016926,Other,18,West,Premium,PROD0352,Decor 4062,BrandA,Home & Living,Premium,Eco-Friendly,4,₹38765.46,30,₹155061.84,₹108543.29,Net Banking,Cancelled,Express,STORE017,Hyderabad,EMP0049,Vikram Gupta
TXN0000893,2023-07-22,CUST00893,Anjali Verma,+91 9826313251,Male,27,South,Premium,PROD0299,Tablet 8167,BrandC,Electronics,Eco-Friendly,New,10,₹17488.69,3,₹174886.90,₹169640.29,UPI,Pending,Same Day,STORE006,Pune,EMP0002,Arjun Agarwal
TXN0000894,2024-09-09,CUST00894,Arjun Sharma,+91 9355523771,Male,61,Central,Premium,PROD0145,Dairy 7883,BrandA,Food,Limited Edition,Popular,10,₹17139.33,26,₹171393.30,₹126831.04,Cash,Pending,Standard,STORE001,Bangalore,EMP0037,Arjun Kumar
TXN0000895,2024-03-07,CUST00895,Sneha Patel,+91 9949329799,Female,47,West,Regular,PROD0282,Biography 5363,BrandD,Books,Limited Edition,Premium,5,₹5205.82,2,₹26029.10,₹25508.52,Net Banking,Pending,Same Day,STORE003,Delhi,EMP0008,Priya Yadav
TXN0000896,2023-12-26,CUST00896,Rohit Gupta,+91 9465946633,Other,41,West,Regular,PROD0420,Football 4853,BrandA,Sports,Premium,Sale,7,₹43151.43,4,₹302060.01,₹289977.61,UPI,Pending,Pickup,STORE018,Kolkata,EMP0045,Anjali Singh
TXN0000897,2024-04-24,CUST00897,Arjun Sharma,+91 9201230151,Female,66,East,Premium,PROD0167,Furniture 2391,BrandE,Home & Living,Limited Edition,Limited Edition,5,₹7539.44,7,₹37697.20,₹35058.40,Wallet,Cancelled,Pickup,STORE001,Kolkata,EMP0020,Priya Kumar
TXN0000898,2023-03-23,CUST00898,Meera Yadav,+91 9216406031,Female,57,East,Regular,PROD0383,Comic 154,BrandC,Books,Sale,Popular,10,₹9996.30,17,₹99963.00,₹82969.29,Wallet,Cancelled,Same Day,STORE018,Delhi,EMP0033,Priya Patel
TXN0000899,2024-12-24,CUST00899,Raj Agarwal,+91 9737027558,Other,70,West,Regular,PROD0077,Groceries 8834,BrandD,Food,Limited Edition,Popular,5,₹41885.53,12,₹209427.65,₹184296.33,UPI,Cancelled,Pickup,STORE020,Mumbai,EMP0030,Amit Yadav
TXN0000900,2024-07-25,CUST00900,Meera Singh,+91 9274386047,Male,51,North,Premium,PROD0217,Lighting 1627,BrandE,Home & Living,Premium,Premium,5,₹39011.92,21,₹195059.60,₹154097.08,Debit Card,Cancelled,Express,STORE004,Kolkata,EMP0025,Anjali Joshi
TXN0000901,2024-02-27,CUST00901,Anjali Joshi,+91 9537125445,Female,51,North,Premium,PROD0182,Textbook 816,BrandC,Books,New,Sale,3,₹17186.74,7,₹51560.22,₹47951.00,Debit Card,Pending,Same Day,STORE001,Pune,EMP0047,Vikram Kumar
TXN0000902,2024-05-18,CUST00902,Meera Gupta,+91 9761304061,Male,20,Central,Regular,PROD0307,Haircare 6644,BrandB,Beauty,Eco-Friendly,Sale,10,₹45581.96,19,₹455819.60,₹369213.88,Net Banking,Completed,Same Day,STORE004,Kolkata,EMP0012,Anjali Singh
TXN0000903,2023-06-02,CUST00903,Meera Patel,+91 9585919294,Male,33,South,Regular,PROD0075,Laptop 8923,BrandE,Electronics,New,Premium,3,₹5463.30,30,₹16389.90,₹11472.93,Net Banking,Cancelled,Pickup,STORE012,Delhi,EMP0002,Anjali Reddy
TXN0000904,2023-10-26,CUST00904,Sneha Agarwal,+91 9981874264,Female,32,South,Premium,PROD0479,Furniture 4310,BrandC,Home & Living,Premium,Eco-Friendly,2,₹22361.16,23,₹44722.32,₹34436.19,Cash,Completed,Express,STORE014,Chennai,EMP0045,Anjali Singh
TXN0000905,2024-08-15,CUST00905,Anjali Kumar,+91 9329705821,Other,70,West,VIP,PROD0403,Perfume 5109,BrandD,Beauty,Premium,Premium,7,₹31577.59,5,₹221043.13,₹209990.97,Debit Card,Cancelled,Standard,STORE001,Pune,EMP0037,Sneha Agarwal
TXN0000906,2023-01-09,CUST00906,Anjali Yadav,+91 9474662587,Female,59,South,Regular,PROD0099,Yoga Mat 6322,BrandD,Sports,Sale,Limited Edition,8,₹46530.44,3,₹372243.52,₹361076.21,UPI,Cancelled,Express,STORE013,Hyderabad,EMP0036,Arjun Gupta
TXN0000907,2023-12-01,CUST00907,Arjun Yadav,+91 9218672307,Other,36,West,Premium,PROD0255,Beverages 1510,BrandE,Food,Limited Edition,Popular,9,₹6995.05,30,₹62955.45,₹44068.82,Debit Card,Cancelled,Standard,STORE018,Delhi,EMP0028,Sneha Joshi
TXN0000908,2024-04-11,CUST00908,Meera Reddy,+91 9884860493,Male,56,East,Premium,PROD0225,Perfume 6816,BrandB,Beauty,Limited Edition,Premium,7,₹33381.06,19,₹233667.42,₹189270.61,Wallet,Pending,Same Day,STORE010,Bangalore,EMP0004,Priya Joshi
TXN0000909,2024-05-08,CUST00909,Meera Yadav,+91 9798509562,Male,63,East,Premium,PROD0443,Snacks 6705,BrandE,Food,Premium,Premium,9,₹47542.72,28,₹427884.48,₹308076.83,Net Banking,Cancelled,Same Day,STORE008,Delhi,EMP0014,Meera Gupta
TXN0000910,2024-06-06,CUST00910,Kavya Sharma,+91 9789988649,Male,18,North,Regular,PROD0173,Comic 4427,BrandE,Books,New,New,6,₹29014.11,16,₹174084.66,₹146231.11,Credit Card,Cancelled,Same Day,STORE018,Hyderabad,EMP0017,Rohit Patel
TXN0000911,2023-05-17,CUST00911,Raj Joshi,+91 9212144591,Male,59,South,Regular,PROD0401,Tennis Racket 2053,BrandE,Sports,Sale,Limited Edition,7,₹6667.76,2,₹46674.32,₹45740.83,Net Banking,Completed,Pickup,STORE004,Hyderabad,EMP0019,Meera Reddy
TXN0000912,2024-12-07,CUST00912,Vikram Sharma,+91 9348590756,Female,28,South,VIP,PROD0360,Beverages 8939,BrandC,Food,Sale,New,4,₹14631.88,15,₹58527.52,₹49748.39,Debit Card,Cancelled,Standard,STORE001,Hyderabad,EMP0036,Amit Joshi
TXN0000913,2024-04-22,CUST00913,Priya Sharma,+91 9972918965,Other,32,Central,VIP,PROD0165,Headphones 6946,BrandA,Electronics,Eco-Friendly,Eco-Friendly,8,₹20190.99,21,₹161527.92,₹127607.06,Net Banking,Completed,Same Day,STORE008,Mumbai,EMP0023,Arjun Singh
TXN0000914,2024-10-17,CUST00914,Vikram Agarwal,+91 9303057052,Other,67,West,Regular,PROD0336,Makeup 4140,BrandE,Beauty,Premium,Eco-Friendly,9,₹7345.35,4,₹66108.15,₹63463.82,Net Banking,Completed,Express,STORE001,Chennai,EMP0047,Kavya Joshi
TXN0000915,2023-01-25,CUST00915,Kavya Patel,+91 9425588487,Male,69,Central,VIP,PROD0167,Bedding 9313,BrandE,Home & Living,New,Eco-Friendly,5,₹44784.43,25,₹223922.15,₹167941.61,Debit Card,Cancelled,Standard,STORE016,Delhi,EMP0043,Priya Yadav
TXN0000916,2024-08-04,CUST00916,Kavya Joshi,+91 9824399674,Male,44,South,VIP,PROD0021,Cricket Bat 9594,BrandD,Sports,New,Limited Edition,7,₹20221.90,0,₹141553.30,₹141553.30,Cash,Pending,Same Day,STORE014,Kolkata,EMP0013,Rohit Reddy
TXN0000917,2023-10-09,CUST00917,Anjali Verma,+91 9228831177,Female,69,North,Regular,PROD0196,T-Shirt 3177,BrandE,Clothing,Premium,New,8,₹13151.97,7,₹105215.76,₹97850.66,Wallet,Refunded,Standard,STORE004,Mumbai,EMP0043,Sneha Gupta
TXN0000918,2024-03-29,CUST00918,Anjali Yadav,+91 9201115873,Female,36,South,Regular,PROD0221,Furniture 917,BrandD,Home & Living,Limited Edition,Limited Edition,4,₹8701.96,10,₹34807.84,₹31327.06,Cash,Completed,Express,STORE016,Hyderabad,EMP0020,Vikram Verma
TXN0000919,2024-03-21,CUST00919,Meera Patel,+91 9310586169,Male,58,West,VIP,PROD0275,Tablet 5221,BrandE,Electronics,Popular,Limited Edition,6,₹27023.41,5,₹162140.46,₹154033.44,UPI,Refunded,Express,STORE007,Bangalore,EMP0037,Meera Yadav
TXN0000920,2023-07-25,CUST00920,Raj Reddy,+91 9019953697,Male,68,Central,Regular,PROD0442,Cosmetics 4536,BrandD,Beauty,Popular,Limited Edition,9,₹31404.89,28,₹282644.01,₹203503.69,Debit Card,Pending,Same Day,STORE013,Delhi,EMP0047,Arjun Patel
TXN0000921,2023-12-18,CUST00921,Raj Gupta,+91 9805876097,Other,32,West,Premium,PROD0427,Dress 6490,BrandC,Clothing,Sale,Limited Edition,4,₹27392.76,14,₹109571.04,₹94231.09,Cash,Refunded,Same Day,STORE002,Hyderabad,EMP0026,Sneha Singh
TXN0000922,2023-11-23,CUST00922,Amit Joshi,+91 9306965800,Male,56,North,VIP,PROD0180,Makeup 5825,BrandA,Beauty,Sale,Popular,1,₹7033.98,4,₹7033.98,₹6752.62,Net Banking,Cancelled,Pickup,STORE007,Hyderabad,EMP0030,Anjali Singh
TXN0000923,2023-02-23,CUST00923,Sneha Kumar,+91 9255528946,Male,30,East,Premium,PROD0341,Novel 8855,BrandC,Books,Limited Edition,Eco-Friendly,5,₹42724.08,16,₹213620.40,₹179441.14,Cash,Completed,Same Day,STORE017,Delhi,EMP0043,Amit Singh
TXN0000924,2024-05-01,CUST00924,Amit Agarwal,+91 9464389298,Other,43,South,Premium,PROD0356,Groceries 3839,BrandB,Food,New,Premium,7,₹25123.06,7,₹175861.42,₹163551.12,Credit Card,Completed,Express,STORE004,Bangalore,EMP0029,Amit Yadav
TXN0000925,2023-06-23,CUST00925,Sneha Sharma,+91 9980725255,Female,26,West,Regular,PROD0475,Cookbook 4615,BrandE,Books,Limited Edition,Eco-Friendly,5,₹22631.59,11,₹113157.95,₹100710.58,Cash,Pending,Same Day,STORE019,Bangalore,EMP0028,Raj Agarwal
TXN0000926,2023-07-31,CUST00926,Sneha Verma,+91 9826616658,Female,44,North,Regular,PROD0415,Furniture 7925,BrandD,Home & Living,Premium,Eco-Friendly,4,₹11276.11,20,₹45104.44,₹36083.55,Net Banking,Completed,Pickup,STORE019,Bangalore,EMP0029,Arjun Agarwal
TXN0000927,2024-12-28,CUST00927,Vikram Singh,+91 9225074196,Other,53,East,Regular,PROD0180,Comic 2108,BrandE,Books,New,Popular,10,₹10838.97,13,₹108389.70,₹94299.04,Net Banking,Pending,Same Day,STORE014,Chennai,EMP0042,Arjun Gupta
TXN0000928,2024-10-01,CUST00928,Kavya Agarwal,+91 9431518595,Female,37,South,Premium,PROD0359,Dairy 7541,BrandC,Food,Premium,Limited Edition,2,₹15111.58,4,₹30223.16,₹29014.23,Wallet,Refunded,Standard,STORE011,Mumbai,EMP0011,Sneha Singh
TXN0000929,2024-06-24,CUST00929,Rohit Yadav,+91 9500068613,Other,55,North,Premium,PROD0279,Furniture 9321,BrandB,Home & Living,Premium,Eco-Friendly,7,₹23624.27,9,₹165369.89,₹150486.60,Credit Card,Completed,Express,STORE013,Chennai,EMP0001,Priya Verma
TXN0000930,2023-10-30,CUST00930,Rohit Gupta,+91 9169078340,Female,43,East,Premium,PROD0055,Groceries 4965,BrandE,Food,Eco-Friendly,Sale,4,₹44210.20,5,₹176840.80,₹167998.76,Credit Card,Refunded,Same Day,STORE009,Hyderabad,EMP0032,Meera Sharma
TXN0000931,2023-02-28,CUST00931,Arjun Patel,+91 9368630961,Female,42,North,Regular,PROD0131,Makeup 7927,BrandB,Beauty,Sale,Popular,4,₹15232.05,8,₹60928.20,₹56053.94,Cash,Refunded,Same Day,STORE013,Chennai,EMP0002,Raj Yadav
TXN0000932,2023-09-30,CUST00932,Arjun Gupta,+91 9680227780,Male,70,South,VIP,PROD0456,Football 5622,BrandA,Sports,Eco-Friendly,Popular,9,₹21518.45,21,₹193666.05,₹152996.18,Net Banking,Completed,Same Day,STORE013,Pune,EMP0025,Meera Reddy
TXN0000933,2024-11-20,CUST00933,Priya Singh,+91 9821618394,Male,27,South,VIP,PROD0466,Novel 236,BrandB,Books,Premium,Limited Edition,10,₹36124.78,9,₹361247.80,₹328735.50,Credit Card,Completed,Pickup,STORE001,Hyderabad,EMP0032,Arjun Singh
TXN0000934,2024-11-15,CUST00934,Sneha Kumar,+91 9432076819,Other,27,West,Regular,PROD0464,Beverages 3994,BrandC,Food,Limited Edition,Premium,8,₹986.13,8,₹7889.04,₹7257.92,Net Banking,Pending,Express,STORE003,Delhi,EMP0027,Meera Yadav
TXN0000935,2023-05-09,CUST00935,Vikram Gupta,+91 9159416819,Other,66,East,Premium,PROD0224,Kitchenware 3580,BrandD,Home & Living,New,Sale,8,₹21544.53,30,₹172356.24,₹120649.37,UPI,Refunded,Standard,STORE017,Chennai,EMP0028,Raj Sharma
TXN0000936,2023-03-27,CUST00936,Anjali Gupta,+91 9065039504,Female,69,North,VIP,PROD0043,Kitchenware 6274,BrandB,Home & Living,Eco-Friendly,New,7,₹48713.34,18,₹340993.38,₹279614.57,Cash,Refunded,Standard,STORE014,Chennai,EMP0039,Kavya Singh
TXN0000937,2023-01-25,CUST00937,Vikram Gupta,+91 9265892423,Male,50,West,VIP,PROD0314,Biography 4870,BrandD,Books,Premium,Premium,2,₹8530.58,4,₹17061.16,₹16378.71,Net Banking,Cancelled,Pickup,STORE010,Mumbai,EMP0004,Amit Kumar
TXN0000938,2024-04-15,CUST00938,Sneha Patel,+91 9711707926,Male,58,Central,Regular,PROD0134,Jacket 644,BrandA,Clothing,Sale,Sale,9,₹35413.81,5,₹318724.29,₹302788.08,UPI,Pending,Pickup,STORE007,Chennai,EMP0043,Priya Verma
TXN0000939,2024-10-20,CUST00939,Priya Agarwal,+91 9002081366,Male,22,East,Regular,PROD0498,Football 8203,BrandB,Sports,Eco-Friendly,Premium,6,₹47266.79,15,₹283600.74,₹241060.63,Wallet,Pending,Pickup,STORE010,Pune,EMP0004,Anjali Sharma
TXN0000940,2023-09-04,CUST00940,Priya Agarwal,+91 9032652129,Other,52,Central,Premium,PROD0289,Dress 2645,BrandE,Clothing,Premium,New,6,₹40879.34,8,₹245276.04,₹225653.96,Debit Card,Cancelled,Standard,STORE007,Kolkata,EMP0039,Arjun Sharma
TXN0000941,2023-07-24,CUST00941,Anjali Gupta,+91 9657017511,Female,25,Central,VIP,PROD0351,Textbook 4625,BrandB,Books,Popular,Popular,5,₹41483.13,30,₹207415.65,₹145190.95,Credit Card,Cancelled,Standard,STORE017,Delhi,EMP0015,Sneha Gupta
TXN0000942,2023-09-04,CUST00942,Sneha Joshi,+91 9270858168,Male,42,West,VIP,PROD0276,Groceries 8440,BrandB,Food,New,New,1,₹24702.99,19,₹24702.99,₹20009.42,Net Banking,Refunded,Pickup,STORE004,Pune,EMP0023,Rohit Kumar
TXN0000943,2023-12-03,CUST00943,Anjali Singh,+91 9417515360,Other,19,East,Regular,PROD0398,Headphones 8669,BrandD,Electronics,Premium,Premium,2,₹43772.72,7,₹87545.44,₹81417.26,Cash,Pending,Standard,STORE018,Delhi,EMP0006,Arjun Patel
TXN0000944,2024-12-19,CUST00944,Rohit Gupta,+91 9071163636,Female,19,South,VIP,PROD0444,Yoga Mat 7148,BrandA,Sports,Eco-Friendly,Sale,6,₹4705.99,2,₹28235.94,₹27671.22,Net Banking,Pending,Standard,STORE001,Kolkata,EMP0007,Sneha Sharma
TXN0000945,2024-06-04,CUST00945,Anjali Sharma,+91 9293004961,Male,59,East,VIP,PROD0402,Smartphone 2416,BrandA,Electronics,Popular,Popular,6,₹16702.54,26,₹100215.24,₹74159.28,Cash,Cancelled,Standard,STORE001,Bangalore,EMP0039,Arjun Yadav
TXN0000946,2023-02-14,CUST00946,Arjun Reddy,+91 9018842625,Male,28,West,VIP,PROD0280,Jeans 6114,BrandE,Clothing,Eco-Friendly,Premium,5,₹40933.24,23,₹204666.20,₹157592.97,Credit Card,Completed,Express,STORE016,Chennai,EMP0026,Raj Joshi
TXN0000947,2024-07-08,CUST00947,Meera Reddy,+91 9520053243,Male,53,North,Premium,PROD0235,Laptop 5177,BrandC,Electronics,Premium,Sale,2,₹3836.21,19,₹7672.42,₹6214.66,Credit Card,Cancelled,Same Day,STORE018,Mumbai,EMP0012,Amit Singh
TXN0000948,2024-01-03,CUST00948,Raj Kumar,+91 9450827857,Male,46,Central,Regular,PROD0209,Cookbook 4110,BrandD,Books,Popular,Eco-Friendly,5,₹33484.01,15,₹167420.05,₹142307.04,Wallet,Pending,Standard,STORE018,Chennai,EMP0004,Vikram Joshi
TXN0000949,2023-07-11,CUST00949,Raj Sharma,+91 9541655012,Male,52,West,Regular,PROD0483,Frozen Food 6947,BrandD,Food,Premium,Popular,4,₹10970.17,15,₹43880.68,₹37298.58,UPI,Cancelled,Same Day,STORE001,Pune,EMP0035,Amit Sharma
TXN0000950,2024-10-16,CUST00950,Meera Kumar,+91 9913597623,Other,24,West,Premium,PROD0296,Lighting 2187,BrandE,Home & Living,Eco-Friendly,Sale,7,₹49950.76,20,₹349655.32,₹279724.26,Credit Card,Completed,Standard,STORE006,Mumbai,EMP0040,Arjun Yadav
TXN0000951,2023-01-27,CUST00951,Arjun Gupta,+91 9495886901,Male,45,South,Premium,PROD0465,Frozen Food 4919,BrandA,Food,Eco-Friendly,Popular,10,₹10117.34,20,₹101173.40,₹80938.72,UPI,Refunded,Standard,STORE003,Delhi,EMP0022,Anjali Reddy
TXN0000952,2024-07-23,CUST00952,Priya Sharma,+91 9858051050,Other,42,Central,VIP,PROD0116,Biography 5367,BrandD,Books,Premium,New,2,₹3723.96,15,₹7447.92,₹6330.73,Wallet,Completed,Same Day,STORE003,Bangalore,EMP0021,Meera Verma
TXN0000953,2023-04-04,CUST00953,Raj Singh,+91 9120969325,Female,57,Central,VIP,PROD0466,Gym Equipment 3474,BrandE,Sports,Sale,New,5,₹34094.56,27,₹170472.80,₹124445.14,Debit Card,Completed,Same Day,STORE018,Mumbai,EMP0023,Arjun Sharma
TXN0000954,2023-04-24,CUST00954,Anjali Gupta,+91 9225340456,Other,70,Central,VIP,PROD0442,Bedding 1106,BrandB,Home & Living,Limited Edition,Popular,2,₹49975.46,25,₹99950.92,₹74963.19,Credit Card,Refunded,Express,STORE012,Chennai,EMP0017,Priya Reddy
TXN0000955,2024-06-01,CUST00955,Amit Agarwal,+91 9879323983,Female,26,North,Premium,PROD0086,Snacks 1397,BrandD,Food,New,Eco-Friendly,8,₹5697.89,8,₹45583.12,₹41936.47,Cash,Completed,Standard,STORE005,Kolkata,EMP0003,Kavya Patel
TXN0000956,2024-08-18,CUST00956,Vikram Gupta,+91 9630386348,Female,22,South,Premium,PROD0469,Textbook 3771,BrandA,Books,Sale,Popular,10,₹21698.63,12,₹216986.30,₹190947.94,Wallet,Pending,Express,STORE015,Bangalore,EMP0014,Amit Sharma
TXN0000957,2024-11-12,CUST00957,Sneha Patel,+91 9345397371,Male,44,South,Premium,PROD0327,Skincare 1941,BrandA,Beauty,Eco-Friendly,Limited Edition,10,₹29220.17,2,₹292201.70,₹286357.67,Wallet,Pending,Pickup,STORE012,Chennai,EMP0024,Sneha Verma
TXN0000958,2024-03-02,CUST00958,Meera Agarwal,+91 9751664263,Other,27,West,Premium,PROD0229,Jacket 5687,BrandB,Clothing,Popular,Sale,2,₹13573.18,8,₹27146.36,₹24974.65,Debit Card,Cancelled,Same Day,STORE013,Pune,EMP0002,Anjali Patel
TXN0000959,2023-01-01,CUST00959,Anjali Sharma,+91 9781709106,Female,60,North,VIP,PROD0156,Frozen Food 8190,BrandD,Food,New,Limited Edition,9,₹32105.07,0,₹288945.63,₹288945.63,Net Banking,Refunded,Same Day,STORE016,Chennai,EMP0016,Arjun Agarwal
TXN0000960,2024-05-05,CUST00960,Rohit Verma,+91 9264612372,Other,66,West,Regular,PROD0191,Gym Equipment 4072,BrandD,Sports,Eco-Friendly,New,3,₹41551.87,8,₹124655.61,₹114683.16,Wallet,Pending,Same Day,STORE016,Mumbai,EMP0043,Kavya Patel
TXN0000961,2024-11-15,CUST00961,Anjali Sharma,+91 9812075412,Other,68,South,Regular,PROD0101,Dress 6063,BrandD,Clothing,Limited Edition,New,9,₹18468.76,2,₹166218.84,₹162894.46,UPI,Pending,Pickup,STORE003,Hyderabad,EMP0038,Kavya Verma
TXN0000962,2024-06-25,CUST00962,Sneha Joshi,+91 9987204607,Female,69,Central,Premium,PROD0323,Novel 5601,BrandB,Books,Sale,Eco-Friendly,6,₹4025.68,17,₹24154.08,₹20047.89,Net Banking,Pending,Standard,STORE007,Delhi,EMP0009,Sneha Verma
TXN0000963,2023-11-05,CUST00963,Meera Agarwal,+91 9609881944,Female,35,East,VIP,PROD0362,Frozen Food 601,BrandB,Food,Eco-Friendly,Limited Edition,1,₹24444.21,29,₹24444.21,₹17355.39,Debit Card,Refunded,Standard,STORE004,Hyderabad,EMP0012,Sneha Agarwal
TXN0000964,2024-06-25,CUST00964,Priya Reddy,+91 9969099408,Other,55,East,VIP,PROD0482,Groceries 2134,BrandB,Food,Popular,Limited Edition,4,₹4915.83,17,₹19663.32,₹16320.56,Credit Card,Pending,Standard,STORE009,Chennai,EMP0033,Rohit Kumar
TXN0000965,2024-03-02,CUST00965,Meera Singh,+91 9132219140,Other,45,North,Premium,PROD0483,Biography 6609,BrandB,Books,Eco-Friendly,Sale,4,₹24361.74,17,₹97446.96,₹80880.98,Credit Card,Pending,Express,STORE002,Hyderabad,EMP0001,Rohit Gupta
TXN0000966,2023-06-24,CUST00966,Anjali Gupta,+91 9235651476,Female,54,West,VIP,PROD0239,Smartphone 5808,BrandA,Electronics,Eco-Friendly,Eco-Friendly,2,₹23956.89,3,₹47913.78,₹46476.37,Debit Card,Completed,Pickup,STORE020,Bangalore,EMP0030,Anjali Gupta
TXN0000967,2024-07-09,CUST00967,Kavya Reddy,+91 9562624204,Other,56,South,VIP,PROD0355,Furniture 4997,BrandA,Home & Living,Eco-Friendly,Limited Edition,10,₹25043.15,6,₹250431.50,₹235405.61,Net Banking,Refunded,Same Day,STORE005,Bangalore,EMP0029,Priya Singh
TXN0000968,2024-09-09,CUST00968,Arjun Singh,+91 9018215381,Female,62,South,Regular,PROD0051,Cosmetics 2399,BrandC,Beauty,Sale,Premium,4,₹9671.62,10,₹38686.48,₹34817.83,UPI,Pending,Same Day,STORE013,Kolkata,EMP0025,Meera Gupta
TXN0000969,2024-08-03,CUST00969,Anjali Kumar,+91 9730840146,Male,40,East,VIP,PROD0165,Football 810,BrandA,Sports,New,Limited Edition,5,₹25814.90,5,₹129074.50,₹122620.77,Net Banking,Completed,Express,STORE006,Pune,EMP0035,Raj Sharma
TXN0000970,2024-11-07,CUST00970,Kavya Gupta,+91 9962666410,Male,18,South,Regular,PROD0429,Jacket 2289,BrandE,Clothing,Sale,Limited Edition,8,₹47585.59,7,₹380684.72,₹354036.79,Wallet,Pending,Express,STORE020,Delhi,EMP0022,Vikram Verma
TXN0000971,2023-06-23,CUST00971,Rohit Sharma,+91 9350744604,Male,43,Central,Premium,PROD0034,Makeup 8254,BrandA,Beauty,Premium,Premium,7,₹24601.69,17,₹172211.83,₹142935.82,Credit Card,Cancelled,Pickup,STORE001,Delhi,EMP0010,Meera Sharma
TXN0000972,2023-02-15,CUST00972,Priya Reddy,+91 9710056799,Female,67,East,Regular,PROD0484,Groceries 3265,BrandE,Food,Sale,New,6,₹9130.00,16,₹54780.00,₹46015.20,Cash,Cancelled,Same Day,STORE010,Hyderabad,EMP0045,Sneha Reddy
TXN0000973,2024-02-15,CUST00973,Amit Verma,+91 9108220067,Male,19,North,Premium,PROD0493,Smartphone 6948,BrandE,Electronics,Eco-Friendly,New,10,₹22405.54,25,₹224055.40,₹168041.55,UPI,Cancelled,Same Day,STORE007,Hyderabad,EMP0029,Amit Agarwal
TXN0000974,2024-01-25,CUST00974,Priya Verma,+91 9782745037,Male,34,West,Premium,PROD0159,Tennis Racket 9646,BrandA,Sports,Limited Edition,New,7,₹19492.43,28,₹136447.01,₹98241.85,Credit Card,Refunded,Standard,STORE012,Kolkata,EMP0035,Rohit Gupta
TXN0000975,2023-03-16,CUST00975,Anjali Kumar,+91 9336698246,Other,48,North,Regular,PROD0472,Snacks 9839,BrandE,Food,Eco-Friendly,Popular,9,₹30262.68,1,₹272364.12,₹269640.48,Debit Card,Completed,Express,STORE006,Pune,EMP0006,Anjali Sharma
TXN0000976,2023-05-05,CUST00976,Vikram Kumar,+91 9093706051,Other,24,North,VIP,PROD0010,Lighting 3009,BrandC,Home & Living,Eco-Friendly,Sale,4,₹7874.03,3,₹31496.12,₹30551.24,Net Banking,Pending,Standard,STORE006,Hyderabad,EMP0024,Arjun Gupta
TXN0000977,2023-02-11,CUST00977,Priya Sharma,+91 9981041652,Female,43,West,Premium,PROD0390,Haircare 2489,BrandE,Beauty,New,Eco-Friendly,3,₹37560.03,4,₹112680.09,₹108172.89,Cash,Refunded,Standard,STORE019,Bangalore,EMP0040,Arjun Verma
TXN0000978,2023-12-22,CUST00978,Arjun Kumar,+91 9734454890,Male,58,North,Premium,PROD0049,Novel 3517,BrandD,Books,Premium,New,8,₹47519.28,14,₹380154.24,₹326932.65,Cash,Completed,Express,STORE008,Mumbai,EMP0039,Meera Kumar
TXN0000979,2024-12-04,CUST00979,Meera Gupta,+91 9003310753,Male,24,East,Regular,PROD0240,Yoga Mat 4406,BrandB,Sports,Eco-Friendly,Limited Edition,8,₹41272.72,29,₹330181.76,₹234429.05,Cash,Completed,Pickup,STORE018,Mumbai,EMP0039,Anjali Gupta
TXN0000980,2024-08-07,CUST00980,Kavya Patel,+91 9736814661,Other,58,East,Premium,PROD0103,Frozen Food 5343,BrandB,Food,Popular,Eco-Friendly,4,₹4423.75,19,₹17695.00,₹14332.95,Debit Card,Refunded,Pickup,STORE016,Chennai,EMP0044,Anjali Singh
TXN0000981,2023-11-25,CUST00981,Kavya Singh,+91 9986478099,Other,41,East,VIP,PROD0079,Yoga Mat 9514,BrandE,Sports,Popular,Eco-Friendly,6,₹40578.72,13,₹243472.32,₹211820.92,Wallet,Cancelled,Same Day,STORE001,Kolkata,EMP0031,Meera Gupta
TXN0000982,2023-04-28,CUST00982,Arjun Reddy,+91 9822261889,Female,36,South,VIP,PROD0370,Dairy 6369,BrandA,Food,Sale,Premium,3,₹43000.66,0,₹129001.98,₹129001.98,Debit Card,Cancelled,Express,STORE013,Delhi,EMP0029,Anjali Reddy
TXN0000983,2024-06-30,CUST00983,Meera Sharma,+91 9246080018,Male,26,North,Premium,PROD0386,Textbook 1816,BrandC,Books,New,Popular,2,₹7849.34,27,₹15698.68,₹11460.04,Debit Card,Cancelled,Express,STORE018,Pune,EMP0041,Meera Reddy
TXN0000984,2023-08-25,CUST00984,Sneha Singh,+91 9489821134,Other,19,North,Regular,PROD0489,Perfume 2729,BrandA,Beauty,New,Premium,4,₹1725.88,8,₹6903.52,₹6351.24,Net Banking,Cancelled,Same Day,STORE013,Kolkata,EMP0016,Vikram Joshi
TXN0000985,2023-03-27,CUST00985,Arjun Patel,+91 9633017581,Male,37,North,VIP,PROD0386,Football 7445,BrandA,Sports,Premium,New,3,₹12343.42,7,₹37030.26,₹34438.14,Debit Card,Cancelled,Express,STORE008,Bangalore,EMP0011,Rohit Kumar
TXN0000986,2023-02-19,CUST00986,Meera Gupta,+91 9558621771,Male,26,West,Regular,PROD0116,Perfume 6838,BrandA,Beauty,Limited Edition,New,5,₹9555.31,7,₹47776.55,₹44432.19,Cash,Pending,Express,STORE002,Pune,EMP0048,Sneha Yadav
TXN0000987,2023-12-16,CUST00987,Vikram Gupta,+91 9210722949,Other,68,South,Regular,PROD0097,Football 6071,BrandD,Sports,Popular,Popular,1,₹30100.62,23,₹30100.62,₹23177.48,UPI,Refunded,Standard,STORE007,Pune,EMP0024,Sneha Yadav
TXN0000988,2023-12-08,CUST00988,Arjun Kumar,+91 9259251356,Male,51,South,VIP,PROD0205,Textbook 6503,BrandC,Books,Limited Edition,Sale,8,₹2270.16,11,₹18161.28,₹16163.54,Wallet,Completed,Standard,STORE004,Hyderabad,EMP0026,Arjun Agarwal
TXN0000989,2023-08-17,CUST00989,Amit Yadav,+91 9451432549,Other,42,North,Premium,PROD0227,Tablet 772,BrandA,Electronics,New,Limited Edition,5,₹3936.07,20,₹19680.35,₹15744.28,Credit Card,Pending,Standard,STORE017,Kolkata,EMP0048,Amit Kumar
TXN0000990,2023-10-04,CUST00990,Amit Verma,+91 9646488707,Male,37,West,Premium,PROD0210,Smartwatch 8298,BrandD,Electronics,New,New,8,₹2096.32,27,₹16770.56,₹12242.51,Debit Card,Refunded,Express,STORE003,Mumbai,EMP0005,Sneha Sharma
TXN0000991,2024-08-19,CUST00991,Arjun Sharma,+91 9755575431,Male,35,North,VIP,PROD0194,Furniture 8301,BrandB,Home & Living,Popular,Premium,1,₹35637.03,17,₹35637.03,₹29578.73,Debit Card,Cancelled,Same Day,STORE020,Mumbai,EMP0034,Meera Patel
TXN0000992,2023-06-03,CUST00992,Anjali Sharma,+91 9534809240,Female,18,Central,VIP,PROD0243,Yoga Mat 8287,BrandA,Sports,Eco-Friendly,Popular,9,₹36877.87,3,₹331900.83,₹321943.81,Net Banking,Refunded,Pickup,STORE011,Pune,EMP0003,Meera Gupta
TXN0000993,2024-08-04,CUST00993,Raj Agarwal,+91 9952236657,Other,38,North,Regular,PROD0286,Smartwatch 3961,BrandC,Electronics,Popular,Premium,2,₹39325.09,18,₹78650.18,₹64493.15,Debit Card,Completed,Standard,STORE017,Delhi,EMP0041,Rohit Reddy
TXN0000994,2024-04-01,CUST00994,Rohit Singh,+91 9194460017,Male,30,North,Regular,PROD0190,Smartphone 2286,BrandC,Electronics,Premium,Popular,6,₹38797.58,16,₹232785.48,₹195539.80,Net Banking,Pending,Pickup,STORE009,Chennai,EMP0034,Rohit Joshi
TXN0000995,2024-12-04,CUST00995,Priya Patel,+91 9948559872,Male,23,North,Premium,PROD0276,Yoga Mat 5231,BrandD,Sports,Premium,New,1,₹15092.30,10,₹15092.30,₹13583.07,Debit Card,Cancelled,Express,STORE012,Hyderabad,EMP0030,Meera Agarwal
TXN0000996,2024-04-19,CUST00996,Sneha Patel,+91 9215975816,Other,33,East,Premium,PROD0081,Headphones 6322,BrandD,Electronics,Popular,Eco-Friendly,2,₹47634.66,6,₹95269.32,₹89553.16,Debit Card,Completed,Pickup,STORE020,Hyderabad,EMP0039,Anjali Gupta
TXN0000997,2024-10-15,CUST00997,Raj Sharma,+91 9448979660,Male,60,West,Regular,PROD0180,Jacket 8470,BrandB,Clothing,Eco-Friendly,Sale,7,₹23082.37,26,₹161576.59,₹119566.68,Net Banking,Pending,Express,STORE009,Delhi,EMP0027,Vikram Agarwal
TXN0000998,2024-03-01,CUST00998,Raj Singh,+91 9258593451,Female,65,North,Premium,PROD0280,Gym Equipment 8057,BrandD,Sports,Premium,Popular,9,₹12317.57,7,₹110858.13,₹103098.06,UPI,Cancelled,Pickup,STORE003,Hyderabad,EMP0034,Meera Sharma
TXN0000999,2024-02-10,CUST00999,Priya Patel,+91 9859930257,Female,50,South,Premium,PROD0108,Beverages 1025,BrandA,Food,Premium,Premium,1,₹28577.91,13,₹28577.91,₹24862.78,Net Banking,Pending,Same Day,STORE003,Pune,EMP0015,Vikram Gupta
TXN0001000,2023-07-10,CUST01000,Anjali Verma,+91 9854586954,Female,59,North,Premium,PROD0063,Snacks 4125,BrandE,Food,Premium,Sale,7,₹15029.71,7,₹105207.97,₹97843.41,Credit Card,Completed,Express,STORE007,Chennai,EMP0028,Arjun Joshi
TXN0001001,2024-10-28,CUST01001,Arjun Verma,+91 9678211204,Female,50,Central,VIP,PROD0258,Smartwatch 7748,BrandD,Electronics,Limited Edition,Premium,1,₹9798.02,15,₹9798.02,₹8328.32,Cash,Refunded,Pickup,STORE014,Delhi,EMP0048,Anjali Patel
TXN0001002,2024-07-07,CUST01002,Raj Verma,+91 9240285945,Other,62,South,Premium,PROD0032,Haircare 1941,BrandA,Beauty,Limited Edition,Popular,1,₹3846.68,20,₹3846.68,₹3077.34,Debit Card,Pending,Express,STORE011,Mumbai,EMP0010,Priya Sharma
TXN0001003,2024-06-22,CUST01003,Kavya Joshi,+91 9212030816,Female,27,Central,VIP,PROD0407,Shirt 2322,BrandA,Clothing,Premium,Limited Edition,3,₹35296.20,18,₹105888.60,₹86828.65,UPI,Pending,Standard,STORE019,Chennai,EMP0013,Kavya Joshi
TXN0001004,2024-05-27,CUST01004,Sneha Sharma,+91 9742244719,Other,66,East,VIP,PROD0411,Snacks 1255,BrandE,Food,Eco-Friendly,Limited Edition,5,₹45696.94,10,₹228484.70,₹205636.23,UPI,Pending,Pickup,STORE002,Pune,EMP0023,Rohit Yadav
TXN0001005,2023-05-20,CUST01005,Amit Agarwal,+91 9932285098,Other,38,Central,Premium,PROD0214,Dress 1660,BrandA,Clothing,Popular,New,8,₹12748.02,20,₹101984.16,₹81587.33,UPI,Cancelled,Standard,STORE015,Chennai,EMP0017,Arjun Verma
TXN0001006,2024-09-29,CUST01006,Sneha Agarwal,+91 9058843568,Female,28,Central,Premium,PROD0150,Dress 6127,BrandD,Clothing,Sale,Premium,3,₹39608.05,6,₹118824.15,₹111694.70,Net Banking,Pending,Express,STORE003,Kolkata,EMP0035,Kavya Agarwal
TXN0001007,2023-06-21,CUST01007,Vikram Verma,+91 9552862682,Other,63,South,VIP,PROD0439,Dairy 2118,BrandD,Food,Sale,Eco-Friendly,1,₹24907.67,24,₹24907.67,₹18929.83,Wallet,Completed,Standard,STORE019,Delhi,EMP0002,Amit Reddy
TXN0001008,2023-07-16,CUST01008,Sneha Verma,+91 9185768699,Other,64,West,Premium,PROD0099,Decor 5818,BrandA,Home & Living,Popular,Limited Edition,6,₹13883.37,3,₹83300.22,₹80801.21,UPI,Refunded,Express,STORE010,Chennai,EMP0042,Raj Verma
TXN0001009,2023-06-03,CUST01009,Raj Gupta,+91 9370282313,Female,69,North,VIP,PROD0498,Cricket Bat 1111,BrandB,Sports,Popular,Eco-Friendly,1,₹10389.19,23,₹10389.19,₹7999.68,Wallet,Refunded,Express,STORE007,Pune,EMP0008,Arjun Sharma
TXN0001010,2023-07-01,CUST01010,Rohit Reddy,+91 9931850164,Male,61,East,Premium,PROD0254,T-Shirt 8095,BrandE,Clothing,Sale,Eco-Friendly,1,₹5637.55,19,₹5637.55,₹4566.42,Wallet,Cancelled,Pickup,STORE012,Hyderabad,EMP0031,Anjali Verma
TXN0001011,2024-04-24,CUST01011,Raj Sharma,+91 9102680221,Other,53,North,Premium,PROD0237,Snacks 1793,BrandA,Food,Premium,Limited Edition,5,₹42429.92,25,₹212149.60,₹159112.20,Net Banking,Refunded,Same Day,STORE003,Hyderabad,EMP0009,Arjun Patel
TXN0001012,2024-04-19,CUST01012,Meera Gupta,+91 9201138342,Female,35,Central,Regular,PROD0395,Bedding 8225,BrandE,Home & Living,Eco-Friendly,Sale,1,₹44850.84,6,₹44850.84,₹42159.79,Wallet,Completed,Pickup,STORE013,Delhi,EMP0049,Kavya Sharma
TXN0001013,2023-08-28,CUST01013,Anjali Singh,+91 9656653696,Female,34,North,Regular,PROD0392,Haircare 141,BrandE,Beauty,Popular,New,9,₹19096.73,6,₹171870.57,₹161558.34,UPI,Refunded,Pickup,STORE020,Pune,EMP0028,Arjun Singh
TXN0001014,2023-12-02,CUST01014,Raj Agarwal,+91 9337606992,Male,31,West,VIP,PROD0004,Comic 9364,BrandD,Books,Premium,Eco-Friendly,1,₹15056.34,0,₹15056.34,₹15056.34,Debit Card,Pending,Pickup,STORE017,Chennai,EMP0044,Sneha Singh
TXN0001015,2024-03-26,CUST01015,Amit Sharma,+91 9899398543,Female,62,Central,Regular,PROD0214,Beverages 2859,BrandD,Food,Premium,Eco-Friendly,7,₹28395.47,28,₹198768.29,₹143113.17,Net Banking,Completed,Express,STORE007,Bangalore,EMP0035,Amit Verma
TXN0001016,2024-03-23,CUST01016,Anjali Sharma,+91 9018442823,Other,30,South,Regular,PROD0094,Beverages 5570,BrandD,Food,Premium,Premium,8,₹20902.98,11,₹167223.84,₹148829.22,Net Banking,Completed,Standard,STORE004,Delhi,EMP0019,Priya Sharma
TXN0001017,2023-04-26,CUST01017,Sneha Yadav,+91 9364678926,Female,27,South,VIP,PROD0038,Furniture 3201,BrandA,Home & Living,Sale,Premium,7,₹36216.08,19,₹253512.56,₹205345.17,Cash,Cancelled,Same Day,STORE008,Chennai,EMP0037,Raj Agarwal
TXN0001018,2024-10-10,CUST01018,Kavya Yadav,+91 9344690617,Male,36,South,Premium,PROD0495,Perfume 8206,BrandB,Beauty,Limited Edition,Eco-Friendly,6,₹38810.03,6,₹232860.18,₹218888.57,Cash,Cancelled,Same Day,STORE006,Bangalore,EMP0009,Priya Joshi
TXN0001019,2024-04-13,CUST01019,Priya Agarwal,+91 9001995058,Other,41,West,VIP,PROD0262,Dairy 1494,BrandE,Food,New,Premium,4,₹42005.89,4,₹168023.56,₹161302.62,Credit Card,Cancelled,Standard,STORE013,Pune,EMP0028,Priya Singh
TXN0001020,2023-10-23,CUST01020,Arjun Joshi,+91 9493025846,Male,32,Central,VIP,PROD0281,Haircare 4466,BrandA,Beauty,Sale,Limited Edition,2,₹29542.73,8,₹59085.46,₹54358.62,Net Banking,Pending,Pickup,STORE007,Chennai,EMP0021,Raj Singh
TXN0001021,2023-07-20,CUST01021,Raj Patel,+91 9453721816,Other,20,North,Premium,PROD0478,Makeup 8507,BrandA,Beauty,Sale,New,3,₹6007.10,12,₹18021.30,₹15858.74,Cash,Cancelled,Standard,STORE001,Chennai,EMP0038,Amit Sharma
TXN0001022,2024-07-18,CUST01022,Kavya Joshi,+91 9685450390,Other,59,North,Regular,PROD0437,Cosmetics 720,BrandD,Beauty,Sale,Popular,1,₹7910.82,16,₹7910.82,₹6645.09,Cash,Pending,Express,STORE011,Mumbai,EMP0014,Rohit Joshi
TXN0001023,2024-04-15,CUST01023,Anjali Singh,+91 9001895297,Male,55,West,VIP,PROD0289,Shirt 7296,BrandE,Clothing,Sale,Limited Edition,7,₹17522.92,5,₹122660.44,₹116527.42,Credit Card,Cancelled,Express,STORE003,Delhi,EMP0031,Vikram Sharma
TXN0001024,2024-09-08,CUST01024,Kavya Agarwal,+91 9650467985,Male,26,Central,VIP,PROD0205,Makeup 5165,BrandB,Beauty,New,Premium,3,₹17212.61,22,₹51637.83,₹40277.51,Credit Card,Cancelled,Express,STORE010,Bangalore,EMP0030,Kavya Patel
TXN0001025,2024-09-06,CUST01025,Priya Singh,+91 9943476498,Female,23,South,Regular,PROD0307,Cookbook 290,BrandC,Books,Popular,Sale,4,₹33675.78,22,₹134703.12,₹105068.43,Cash,Refunded,Express,STORE017,Chennai,EMP0011,Priya Reddy
TXN0001026,2024-04-04,CUST01026,Meera Sharma,+91 9428984952,Female,50,North,Regular,PROD0318,Bedding 861,BrandC,Home & Living,Limited Edition,Limited Edition,4,₹48371.22,16,₹193484.88,₹162527.30,Credit Card,Completed,Express,STORE020,Chennai,EMP0027,Anjali Reddy
TXN0001027,2023-04-19,CUST01027,Arjun Kumar,+91 9744655533,Male,58,South,Regular,PROD0409,Cricket Bat 2259,BrandA,Sports,Limited Edition,Popular,4,₹17663.48,25,₹70653.92,₹52990.44,Wallet,Pending,Express,STORE015,Mumbai,EMP0045,Sneha Gupta
TXN0001028,2024-12-09,CUST01028,Meera Agarwal,+91 9767557124,Other,50,South,Regular,PROD0351,T-Shirt 5966,BrandE,Clothing,New,New,9,₹8892.14,9,₹80029.26,₹72826.63,Debit Card,Pending,Same Day,STORE009,Delhi,EMP0010,Amit Patel
TXN0001029,2024-10-07,CUST01029,Arjun Reddy,+91 9279399530,Female,49,North,VIP,PROD0001,Bedding 790,BrandC,Home & Living,Eco-Friendly,Sale,10,₹5024.77,26,₹50247.70,₹37183.30,Cash,Pending,Standard,STORE015,Pune,EMP0033,Raj Agarwal
TXN0001030,2024-05-13,CUST01030,Meera Patel,+91 9521997007,Male,38,North,VIP,PROD0408,Groceries 6565,BrandA,Food,Eco-Friendly,Popular,1,₹45085.41,19,₹45085.41,₹36519.18,Debit Card,Cancelled,Express,STORE013,Kolkata,EMP0049,Priya Singh
TXN0001031,2024-07-17,CUST01031,Meera Gupta,+91 9961894212,Male,42,West,Premium,PROD0141,Tablet 5869,BrandA,Electronics,New,Sale,6,₹19399.79,21,₹116398.74,₹91955.00,Cash,Cancelled,Standard,STORE016,Delhi,EMP0041,Arjun Reddy
TXN0001032,2024-05-09,CUST01032,Sneha Reddy,+91 9426579180,Female,49,East,VIP,PROD0228,Perfume 1821,BrandC,Beauty,Sale,New,6,₹16598.27,3,₹99589.62,₹96601.93,Wallet,Pending,Same Day,STORE014,Chennai,EMP0047,Sneha Joshi
TXN0001033,2024-10-22,CUST01033,Meera Reddy,+91 9011204753,Female,41,South,VIP,PROD0079,Jacket 127,BrandB,Clothing,Premium,Limited Edition,8,₹36698.00,9,₹293584.00,₹267161.44,Credit Card,Completed,Standard,STORE007,Kolkata,EMP0002,Anjali Singh
TXN0001034,2024-03-11,CUST01034,Rohit Singh,+91 9444894374,Other,33,South,Regular,PROD0157,Snacks 4469,BrandD,Food,Sale,Sale,7,₹4839.63,21,₹33877.41,₹26763.15,Debit Card,Cancelled,Pickup,STORE016,Kolkata,EMP0015,Priya Agarwal
TXN0001035,2023-07-08,CUST01035,Kavya Gupta,+91 9159626188,Other,31,North,Premium,PROD0442,Cosmetics 1791,BrandC,Beauty,Popular,Premium,9,₹2394.94,5,₹21554.46,₹20476.74,Net Banking,Cancelled,Same Day,STORE007,Mumbai,EMP0013,Sneha Agarwal
TXN0001036,2024-05-03,CUST01036,Meera Verma,+91 9077986037,Male,70,Central,Premium,PROD0129,Groceries 4824,BrandC,Food,Eco-Friendly,Eco-Friendly,7,₹42184.09,11,₹295288.63,₹262806.88,UPI,Cancelled,Pickup,STORE013,Mumbai,EMP0008,Rohit Patel
TXN0001037,2023-12-27,CUST01037,Meera Patel,+91 9186331504,Female,42,Central,VIP,PROD0482,Biography 4221,BrandA,Books,Premium,New,5,₹11227.92,21,₹56139.60,₹44350.28,Credit Card,Pending,Express,STORE010,Hyderabad,EMP0023,Priya Singh
TXN0001038,2023-03-16,CUST01038,Meera Gupta,+91 9283625217,Male,20,Central,VIP,PROD0250,Jeans 4844,BrandA,Clothing,Popular,New,4,₹8303.38,23,₹33213.52,₹25574.41,Net Banking,Refunded,Pickup,STORE016,Pune,EMP0015,Rohit Verma
TXN0001039,2024-03-19,CUST01039,Rohit Sharma,+91 9722387203,Male,68,East,Premium,PROD0294,Biography 6154,BrandC,Books,Popular,Limited Edition,9,₹48547.57,5,₹436928.13,₹415081.72,Cash,Pending,Standard,STORE016,Mumbai,EMP0024,Amit Patel
TXN0001040,2024-02-26,CUST01040,Anjali Kumar,+91 9890674146,Female,65,South,VIP,PROD0077,Furniture 6661,BrandB,Home & Living,Premium,Popular,3,₹26010.57,7,₹78031.71,₹72569.49,Debit Card,Pending,Express,STORE003,Pune,EMP0050,Rohit Reddy
TXN0001041,2024-09-22,CUST01041,Meera Yadav,+91 9310651570,Other,54,Central,Premium,PROD0093,Furniture 9231,BrandB,Home & Living,Premium,Sale,2,₹27985.18,30,₹55970.36,₹39179.25,Cash,Cancelled,Same Day,STORE019,Mumbai,EMP0025,Meera Reddy
TXN0001042,2023-04-11,CUST01042,Meera Verma,+91 9928399888,Female,66,East,Premium,PROD0222,Smartwatch 2893,BrandD,Electronics,Premium,Eco-Friendly,3,₹21745.17,4,₹65235.51,₹62626.09,Wallet,Pending,Pickup,STORE005,Kolkata,EMP0042,Sneha Verma
TXN0001043,2024-08-21,CUST01043,Priya Verma,+91 9930608562,Female,29,South,Regular,PROD0069,Laptop 4344,BrandA,Electronics,New,Sale,6,₹45703.21,30,₹274219.26,₹191953.48,Cash,Pending,Standard,STORE002,Chennai,EMP0046,Rohit Sharma
TXN0001044,2023-02-18,CUST01044,Raj Joshi,+91 9610376275,Male,23,South,Premium,PROD0150,Headphones 6815,BrandC,Electronics,Eco-Friendly,Limited Edition,4,₹17236.38,16,₹68945.52,₹57914.24,Debit Card,Refunded,Standard,STORE002,Delhi,EMP0019,Sneha Patel
TXN0001045,2023-12-17,CUST01045,Meera Sharma,+91 9124439233,Male,37,West,Premium,PROD0426,Jacket 5071,BrandC,Clothing,Eco-Friendly,Popular,4,₹7896.17,30,₹31584.68,₹22109.28,UPI,Completed,Express,STORE008,Hyderabad,EMP0044,Arjun Joshi
TXN0001046,2024-07-14,CUST01046,Amit Agarwal,+91 9056602221,Female,27,South,Premium,PROD0283,Biography 4441,BrandC,Books,New,Sale,4,₹26526.44,7,₹106105.76,₹98678.36,Net Banking,Completed,Express,STORE016,Hyderabad,EMP0012,Raj Joshi
TXN0001047,2023-04-21,CUST01047,Priya Sharma,+91 9267483170,Other,54,North,VIP,PROD0237,Decor 6127,BrandE,Home & Living,Limited Edition,New,5,₹33192.29,16,₹165961.45,₹139407.62,Cash,Refunded,Express,STORE017,Kolkata,EMP0039,Amit Kumar
TXN0001048,2024-12-06,CUST01048,Priya Agarwal,+91 9710090454,Other,63,North,Premium,PROD0366,Cricket Bat 7064,BrandC,Sports,Eco-Friendly,Eco-Friendly,9,₹17280.95,6,₹155528.55,₹146196.84,Credit Card,Pending,Pickup,STORE020,Pune,EMP0032,Arjun Singh
TXN0001049,2024-02-08,CUST01049,Anjali Gupta,+91 9525818166,Male,66,West,Regular,PROD0478,Frozen Food 2305,BrandC,Food,Sale,Eco-Friendly,6,₹605.63,22,₹3633.78,₹2834.35,Debit Card,Completed,Pickup,STORE013,Kolkata,EMP0039,Kavya Agarwal
TXN0001050,2023-06-04,CUST01050,Anjali Joshi,+91 9951900551,Male,62,South,Premium,PROD0042,Haircare 7302,BrandE,Beauty,Premium,New,9,₹23153.25,6,₹208379.25,₹195876.49,UPI,Cancelled,Standard,STORE003,Delhi,EMP0010,Rohit Agarwal
TXN0001051,2023-07-03,CUST01051,Sneha Patel,+91 9325384863,Female,57,North,Regular,PROD0304,Smartwatch 7092,BrandE,Electronics,New,New,5,₹43334.69,6,₹216673.45,₹203673.04,UPI,Refunded,Same Day,STORE010,Pune,EMP0030,Rohit Singh
TXN0001052,2023-12-11,CUST01052,Kavya Yadav,+91 9700956415,Other,64,West,Premium,PROD0131,Snacks 6715,BrandB,Food,Sale,Popular,8,₹40268.60,4,₹322148.80,₹309262.85,Credit Card,Cancelled,Standard,STORE001,Kolkata,EMP0009,Meera Joshi
TXN0001053,2023-01-23,CUST01053,Arjun Patel,+91 9309702483,Male,66,Central,VIP,PROD0392,Novel 9013,BrandA,Books,Limited Edition,Limited Edition,2,₹22768.56,19,₹45537.12,₹36885.07,Wallet,Cancelled,Express,STORE016,Kolkata,EMP0026,Vikram Verma
TXN0001054,2023-08-16,CUST01054,Amit Patel,+91 9705441668,Female,37,North,VIP,PROD0376,Headphones 2466,BrandB,Electronics,Limited Edition,Premium,9,₹24357.96,14,₹219221.64,₹188530.61,Wallet,Refunded,Standard,STORE012,Bangalore,EMP0029,Arjun Reddy
TXN0001055,2023-11-14,CUST01055,Rohit Verma,+91 9263205226,Other,18,East,Premium,PROD0199,Smartphone 399,BrandC,Electronics,Eco-Friendly,Popular,8,₹13271.74,16,₹106173.92,₹89186.09,Debit Card,Completed,Express,STORE003,Pune,EMP0011,Vikram Reddy
TXN0001056,2024-07-08,CUST01056,Amit Singh,+91 9842575751,Male,67,South,Regular,PROD0353,Biography 6672,BrandA,Books,Premium,Sale,10,₹42186.43,12,₹421864.30,₹371240.58,UPI,Completed,Standard,STORE020,Hyderabad,EMP0047,Meera Reddy
TXN0001057,2023-05-06,CUST01057,Arjun Sharma,+91 9392362777,Female,31,East,Regular,PROD0071,Smartphone 1368,BrandC,Electronics,Popular,Sale,4,₹4254.75,16,₹17019.00,₹14295.96,Credit Card,Cancelled,Same Day,STORE011,Chennai,EMP0016,Rohit Gupta
TXN0001058,2024-02-06,CUST01058,Raj Joshi,+91 9188321697,Female,27,Central,Premium,PROD0325,Jeans 6321,BrandA,Clothing,Limited Edition,Limited Edition,4,₹17567.64,8,₹70270.56,₹64648.92,Debit Card,Cancelled,Express,STORE014,Delhi,EMP0031,Kavya Singh
TXN0001059,2023-01-22,CUST01059,Amit Sharma,+91 9592306834,Male,68,Central,Premium,PROD0481,Cricket Bat 7446,BrandE,Sports,Sale,Limited Edition,8,₹3996.92,14,₹31975.36,₹27498.81,Wallet,Completed,Standard,STORE001,Kolkata,EMP0049,Meera Gupta
TXN0001060,2023-07-19,CUST01060,Arjun Sharma,+91 9775776151,Female,52,North,VIP,PROD0391,Comic 8634,BrandD,Books,Limited Edition,Eco-Friendly,7,₹28964.16,5,₹202749.12,₹192611.66,Wallet,Completed,Same Day,STORE019,Pune,EMP0005,Sneha Singh
TXN0001061,2024-07-12,CUST01061,Meera Agarwal,+91 9403519083,Female,62,West,Regular,PROD0433,Laptop 8647,BrandA,Electronics,Sale,New,8,₹32512.84,3,₹260102.72,₹252299.64,Debit Card,Pending,Express,STORE006,Pune,EMP0040,Anjali Yadav
TXN0001062,2024-07-14,CUST01062,Amit Patel,+91 9805415828,Female,42,East,Regular,PROD0066,Bedding 2073,BrandC,Home & Living,Limited Edition,Sale,7,₹36580.40,14,₹256062.80,₹220214.01,UPI,Completed,Pickup,STORE003,Kolkata,EMP0040,Amit Sharma
TXN0001063,2023-07-12,CUST01063,Raj Joshi,+91 9123584362,Other,52,North,Premium,PROD0484,Novel 4802,BrandA,Books,Limited Edition,Limited Edition,4,₹6729.49,13,₹26917.96,₹23418.63,Credit Card,Pending,Express,STORE018,Chennai,EMP0041,Arjun Patel
TXN0001064,2024-04-27,CUST01064,Arjun Kumar,+91 9289217206,Male,56,West,Premium,PROD0204,Kitchenware 5476,BrandA,Home & Living,Limited Edition,Popular,1,₹14213.45,5,₹14213.45,₹13502.78,Cash,Pending,Standard,STORE006,Pune,EMP0018,Raj Sharma
TXN0001065,2024-08-11,CUST01065,Amit Kumar,+91 9289636766,Female,59,South,Regular,PROD0316,Tennis Racket 966,BrandA,Sports,Limited Edition,Eco-Friendly,3,₹46487.00,7,₹139461.00,₹129698.73,Debit Card,Refunded,Same Day,STORE019,Pune,EMP0046,Kavya Yadav
TXN0001066,2024-05-05,CUST01066,Raj Singh,+91 9323167569,Male,40,South,VIP,PROD0102,Makeup 4066,BrandB,Beauty,Limited Edition,Sale,5,₹48774.63,14,₹243873.15,₹209730.91,Credit Card,Cancelled,Express,STORE002,Chennai,EMP0047,Rohit Joshi
TXN0001067,2024-12-02,CUST01067,Raj Yadav,+91 9083903140,Other,22,Central,Regular,PROD0393,Football 2092,BrandD,Sports,New,Premium,7,₹14735.15,20,₹103146.05,₹82516.84,Wallet,Pending,Pickup,STORE018,Hyderabad,EMP0030,Anjali Agarwal
TXN0001068,2023-05-29,CUST01068,Anjali Gupta,+91 9788000130,Female,19,West,Regular,PROD0260,Perfume 1613,BrandB,Beauty,New,Premium,1,₹20801.49,5,₹20801.49,₹19761.42,Debit Card,Refunded,Standard,STORE018,Hyderabad,EMP0026,Rohit Verma
TXN0001069,2023-08-16,CUST01069,Meera Reddy,+91 9732400890,Other,31,Central,Premium,PROD0361,Frozen Food 2069,BrandC,Food,Sale,Limited Edition,8,₹5785.03,14,₹46280.24,₹39801.01,Net Banking,Cancelled,Express,STORE013,Bangalore,EMP0021,Vikram Singh
TXN0001070,2023-01-23,CUST01070,Priya Joshi,+91 9449984967,Male,65,South,Regular,PROD0259,Frozen Food 446,BrandD,Food,New,New,5,₹6934.32,6,₹34671.60,₹32591.30,Credit Card,Pending,Standard,STORE017,Kolkata,EMP0003,Meera Yadav
TXN0001071,2024-09-24,CUST01071,Arjun Patel,+91 9691476520,Female,56,North,VIP,PROD0181,Novel 5639,BrandE,Books,Limited Edition,Premium,3,₹36564.57,15,₹109693.71,₹93239.65,Credit Card,Cancelled,Standard,STORE016,Mumbai,EMP0020,Rohit Patel
TXN0001072,2024-02-02,CUST01072,Priya Yadav,+91 9844948705,Female,51,South,Premium,PROD0311,Comic 9032,BrandC,Books,Premium,Sale,8,₹16448.21,7,₹131585.68,₹122374.68,Cash,Cancelled,Express,STORE020,Bangalore,EMP0027,Vikram Yadav
TXN0001073,2024-08-16,CUST01073,Meera Patel,+91 9240879050,Female,32,South,Regular,PROD0283,Gym Equipment 8819,BrandD,Sports,Premium,Eco-Friendly,9,₹40432.90,15,₹363896.10,₹309311.68,Debit Card,Pending,Standard,STORE005,Bangalore,EMP0030,Meera Yadav
TXN0001074,2023-06-04,CUST01074,Rohit Yadav,+91 9157361517,Male,54,Central,Regular,PROD0238,Biography 603,BrandA,Books,Sale,Limited Edition,3,₹19334.17,28,₹58002.51,₹41761.81,Cash,Pending,Express,STORE006,Mumbai,EMP0028,Amit Gupta
TXN0001075,2024-01-25,CUST01075,Raj Verma,+91 9298164473,Other,37,East,Regular,PROD0372,Cookbook 7423,BrandE,Books,New,New,3,₹22851.40,25,₹68554.20,₹51415.65,UPI,Cancelled,Standard,STORE019,Kolkata,EMP0028,Amit Yadav
TXN0001076,2024-04-19,CUST01076,Amit Joshi,+91 9708079001,Other,40,East,VIP,PROD0240,Jeans 7578,BrandB,Clothing,Limited Edition,Limited Edition,9,₹38238.09,0,₹344142.81,₹344142.81,UPI,Refunded,Pickup,STORE005,Kolkata,EMP0024,Vikram Sharma
TXN0001077,2024-08-28,CUST01077,Priya Joshi,+91 9650691309,Female,67,Central,Regular,PROD0021,Jeans 8427,BrandC,Clothing,Eco-Friendly,Limited Edition,2,₹22156.06,18,₹44312.12,₹36335.94,UPI,Pending,Pickup,STORE005,Chennai,EMP0036,Vikram Kumar
TXN0001078,2024-11-30,CUST01078,Raj Patel,+91 9622022471,Male,35,East,Regular,PROD0157,Gym Equipment 2074,BrandA,Sports,New,Sale,4,₹30609.06,9,₹122436.24,₹111416.98,UPI,Refunded,Standard,STORE019,Delhi,EMP0028,Anjali Sharma
TXN0001079,2023-06-12,CUST01079,Vikram Sharma,+91 9839844662,Other,26,Central,Regular,PROD0255,Snacks 6352,BrandE,Food,Premium,Popular,2,₹15093.69,27,₹30187.38,₹22036.79,UPI,Completed,Same Day,STORE019,Pune,EMP0036,Arjun Sharma
TXN0001080,2023-11-20,CUST01080,Anjali Agarwal,+91 9498900058,Other,41,West,VIP,PROD0336,Tablet 8146,BrandC,Electronics,Eco-Friendly,New,6,₹29734.96,19,₹178409.76,₹144511.91,UPI,Refunded,Express,STORE014,Hyderabad,EMP0011,Sneha Gupta
TXN0001081,2024-02-07,CUST01081,Priya Sharma,+91 9364380153,Male,18,South,Premium,PROD0412,Furniture 2201,BrandD,Home & Living,New,New,7,₹28454.20,17,₹199179.40,₹165318.90,Wallet,Pending,Standard,STORE008,Mumbai,EMP0035,Priya Sharma
TXN0001082,2024-12-07,CUST01082,Meera Joshi,+91 9350240646,Other,48,North,Regular,PROD0378,Makeup 9049,BrandE,Beauty,Eco-Friendly,Sale,6,₹41961.70,26,₹251770.20,₹186309.95,Debit Card,Completed,Express,STORE011,Delhi,EMP0023,Meera Joshi
TXN0001083,2023-04-16,CUST01083,Sneha Reddy,+91 9887999896,Other,61,North,VIP,PROD0156,Jeans 8434,BrandD,Clothing,Premium,New,2,₹37108.80,10,₹74217.60,₹66795.84,Debit Card,Pending,Pickup,STORE012,Kolkata,EMP0045,Anjali Verma
TXN0001084,2023-10-29,CUST01084,Raj Yadav,+91 9405170799,Male,33,Central,VIP,PROD0064,Furniture 6072,BrandB,Home & Living,Premium,New,5,₹27297.97,20,₹136489.85,₹109191.88,Wallet,Refunded,Same Day,STORE014,Mumbai,EMP0015,Sneha Yadav
TXN0001085,2023-04-09,CUST01085,Vikram Reddy,+91 9929799573,Other,18,North,Regular,PROD0129,Yoga Mat 7280,BrandD,Sports,Sale,Sale,8,₹37476.42,19,₹299811.36,₹242847.20,Debit Card,Pending,Standard,STORE013,Pune,EMP0026,Anjali Reddy
TXN0001086,2023-04-03,CUST01086,Arjun Sharma,+91 9049937350,Male,33,Central,Premium,PROD0017,Tablet 9598,BrandD,Electronics,Eco-Friendly,Eco-Friendly,9,₹38840.43,24,₹349563.87,₹265668.54,Net Banking,Completed,Express,STORE001,Hyderabad,EMP0037,Meera Reddy
TXN0001087,2024-03-10,CUST01087,Sneha Yadav,+91 9632493071,Female,44,West,VIP,PROD0210,Frozen Food 8871,BrandB,Food,Sale,Limited Edition,1,₹36170.73,26,₹36170.73,₹26766.34,UPI,Refunded,Express,STORE011,Mumbai,EMP0024,Kavya Joshi
TXN0001088,2023-06-07,CUST01088,Kavya Reddy,+91 9606739987,Male,60,West,Regular,PROD0197,Tennis Racket 1116,BrandE,Sports,Sale,Premium,9,₹44126.55,8,₹397138.95,₹365367.83,Debit Card,Cancelled,Express,STORE017,Mumbai,EMP0037,Sneha Agarwal
TXN0001089,2023-02-14,CUST01089,Meera Kumar,+91 9105225997,Male,21,Central,Premium,PROD0205,Smartphone 5353,BrandB,Electronics,Sale,Premium,5,₹39768.29,6,₹198841.45,₹186910.96,Credit Card,Cancelled,Same Day,STORE020,Bangalore,EMP0044,Sneha Kumar
TXN0001090,2024-06-07,CUST01090,Amit Reddy,+91 9067949721,Female,59,West,Regular,PROD0362,Laptop 1449,BrandD,Electronics,Popular,Popular,9,₹29455.25,2,₹265097.25,₹259795.30,Credit Card,Pending,Pickup,STORE014,Kolkata,EMP0014,Arjun Yadav
TXN0001091,2024-12-06,CUST01091,Vikram Agarwal,+91 9944089587,Female,62,North,Premium,PROD0395,Textbook 8592,BrandD,Books,New,Premium,10,₹929.22,15,₹9292.20,₹7898.37,Credit Card,Cancelled,Standard,STORE019,Hyderabad,EMP0030,Anjali Agarwal
TXN0001092,2023-02-21,CUST01092,Meera Joshi,+91 9073643344,Male,29,North,Premium,PROD0339,Tablet 1970,BrandE,Electronics,New,Popular,8,₹31360.19,12,₹250881.52,₹220775.74,Debit Card,Refunded,Same Day,STORE015,Mumbai,EMP0043,Kavya Kumar
TXN0001093,2023-11-03,CUST01093,Raj Sharma,+91 9650546157,Other,67,North,Premium,PROD0166,Textbook 7197,BrandA,Books,New,Popular,4,₹28222.23,13,₹112888.92,₹98213.36,Cash,Completed,Pickup,STORE012,Hyderabad,EMP0027,Kavya Reddy
TXN0001094,2023-04-10,CUST01094,Amit Agarwal,+91 9756265045,Female,61,Central,Premium,PROD0177,Jeans 3091,BrandC,Clothing,Eco-Friendly,Eco-Friendly,6,₹44738.01,20,₹268428.06,₹214742.45,Debit Card,Pending,Express,STORE002,Pune,EMP0014,Anjali Agarwal
TXN0001095,2024-05-06,CUST01095,Kavya Joshi,+91 9132509017,Other,42,Central,VIP,PROD0254,Textbook 2926,BrandB,Books,Limited Edition,Sale,4,₹34005.32,5,₹136021.28,₹129220.22,Wallet,Cancelled,Standard,STORE008,Mumbai,EMP0017,Meera Yadav
TXN0001096,2024-02-23,CUST01096,Rohit Reddy,+91 9420507368,Male,37,South,Premium,PROD0288,Smartphone 9597,BrandC,Electronics,Eco-Friendly,Eco-Friendly,1,₹37694.32,17,₹37694.32,₹31286.29,Cash,Refunded,Same Day,STORE004,Mumbai,EMP0035,Raj Agarwal
TXN0001097,2023-10-14,CUST01097,Raj Yadav,+91 9148295958,Other,45,South,Premium,PROD0045,Tennis Racket 724,BrandC,Sports,Limited Edition,Limited Edition,10,₹1135.51,0,₹11355.10,₹11355.10,Wallet,Refunded,Standard,STORE014,Kolkata,EMP0044,Amit Patel
TXN0001098,2023-02-09,CUST01098,Arjun Reddy,+91 9606519884,Female,28,East,Premium,PROD0473,Comic 7017,BrandA,Books,Premium,New,2,₹35960.71,12,₹71921.42,₹63290.85,Wallet,Completed,Express,STORE006,Delhi,EMP0044,Raj Joshi
TXN0001099,2024-06-26,CUST01099,Vikram Patel,+91 9203804543,Other,40,North,Regular,PROD0301,Football 6165,BrandE,Sports,Premium,Popular,1,₹43062.54,21,₹43062.54,₹34019.41,Debit Card,Completed,Express,STORE010,Delhi,EMP0018,Rohit Yadav
TXN0001100,2024-10-05,CUST01100,Arjun Sharma,+91 9320590439,Other,62,North,Premium,PROD0126,Groceries 9903,BrandE,Food,New,Popular,4,₹42207.68,19,₹168830.72,₹136752.88,Wallet,Cancelled,Pickup,STORE008,Chennai,EMP0044,Meera Gupta
TXN0001101,2024-07-27,CUST01101,Sneha Kumar,+91 9320311456,Female,34,Central,Regular,PROD0202,Haircare 2593,BrandA,Beauty,Limited Edition,New,3,₹40380.36,20,₹121141.08,₹96912.86,Debit Card,Cancelled,Same Day,STORE017,Mumbai,EMP0043,Rohit Yadav
TXN0001102,2024-01-17,CUST01102,Meera Yadav,+91 9330608271,Other,39,Central,Regular,PROD0359,T-Shirt 2915,BrandA,Clothing,Sale,New,5,₹41490.77,13,₹207453.85,₹180484.85,Cash,Cancelled,Standard,STORE016,Delhi,EMP0004,Kavya Verma
TXN0001103,2023-10-20,CUST01103,Kavya Verma,+91 9000038635,Other,23,West,VIP,PROD0189,Football 4679,BrandA,Sports,Premium,Eco-Friendly,6,₹6673.81,13,₹40042.86,₹34837.29,Debit Card,Cancelled,Standard,STORE001,Kolkata,EMP0004,Vikram Singh
TXN0001104,2023-12-07,CUST01104,Sneha Yadav,+91 9498629054,Female,66,South,VIP,PROD0404,Dairy 119,BrandD,Food,Eco-Friendly,New,2,₹18588.98,10,₹37177.96,₹33460.16,UPI,Pending,Same Day,STORE020,Hyderabad,EMP0045,Raj Agarwal
TXN0001105,2023-07-27,CUST01105,Rohit Verma,+91 9527344059,Other,19,Central,VIP,PROD0296,Groceries 2602,BrandC,Food,Popular,New,6,₹28957.55,17,₹173745.30,₹144208.60,Credit Card,Refunded,Express,STORE005,Mumbai,EMP0001,Rohit Yadav
TXN0001106,2023-02-18,CUST01106,Meera Yadav,+91 9098688291,Female,29,North,Premium,PROD0282,Bedding 2546,BrandA,Home & Living,Limited Edition,Eco-Friendly,1,₹47908.92,16,₹47908.92,₹40243.49,Wallet,Pending,Standard,STORE013,Chennai,EMP0036,Kavya Patel
TXN0001107,2023-11-04,CUST01107,Raj Gupta,+91 9767556395,Other,30,East,Regular,PROD0319,Dairy 9610,BrandE,Food,New,Sale,1,₹10289.99,12,₹10289.99,₹9055.19,Cash,Completed,Express,STORE018,Delhi,EMP0010,Amit Agarwal
TXN0001108,2024-01-27,CUST01108,Anjali Singh,+91 9550078669,Male,66,South,Regular,PROD0187,Tennis Racket 6457,BrandC,Sports,Popular,Sale,1,₹10184.35,25,₹10184.35,₹7638.26,Net Banking,Cancelled,Same Day,STORE004,Chennai,EMP0016,Rohit Reddy
TXN0001109,2024-07-06,CUST01109,Kavya Patel,+91 9157784432,Male,67,West,VIP,PROD0425,Football 9069,BrandA,Sports,Popular,New,2,₹5109.65,21,₹10219.30,₹8073.25,Credit Card,Completed,Standard,STORE017,Mumbai,EMP0019,Amit Agarwal
TXN0001110,2023-02-10,CUST01110,Rohit Yadav,+91 9989676811,Male,66,South,Premium,PROD0440,Furniture 1426,BrandD,Home & Living,Premium,Eco-Friendly,1,₹10204.49,18,₹10204.49,₹8367.68,Wallet,Refunded,Express,STORE007,Chennai,EMP0042,Sneha Kumar
TXN0001111,2023-06-20,CUST01111,Arjun Verma,+91 9944197602,Male,70,North,VIP,PROD0075,Dress 3050,BrandA,Clothing,New,Popular,10,₹12082.45,3,₹120824.50,₹117199.76,Debit Card,Cancelled,Standard,STORE001,Delhi,EMP0033,Arjun Verma
TXN0001112,2024-10-31,CUST01112,Priya Joshi,+91 9735644019,Other,60,East,Premium,PROD0201,Cookbook 3057,BrandC,Books,Popular,Eco-Friendly,10,₹6521.13,25,₹65211.30,₹48908.48,Wallet,Refunded,Same Day,STORE020,Chennai,EMP0004,Kavya Patel
TXN0001113,2023-11-29,CUST01113,Meera Sharma,+91 9107677694,Female,68,East,VIP,PROD0062,Cricket Bat 7664,BrandD,Sports,Popular,Limited Edition,4,₹7508.03,17,₹30032.12,₹24926.66,UPI,Pending,Standard,STORE014,Bangalore,EMP0006,Vikram Kumar
TXN0001114,2024-03-19,CUST01114,Anjali Sharma,+91 9620003115,Male,19,South,VIP,PROD0174,Kitchenware 5387,BrandA,Home & Living,Premium,Limited Edition,3,₹3581.88,9,₹10745.64,₹9778.53,Cash,Pending,Pickup,STORE003,Bangalore,EMP0002,Arjun Singh
TXN0001115,2023-02-05,CUST01115,Anjali Patel,+91 9203639092,Female,39,East,Premium,PROD0283,Snacks 833,BrandC,Food,Eco-Friendly,New,10,₹4425.34,28,₹44253.40,₹31862.45,Wallet,Completed,Pickup,STORE004,Delhi,EMP0022,Kavya Agarwal
TXN0001116,2024-06-05,CUST01116,Raj Verma,+91 9140636335,Other,63,West,Premium,PROD0161,Dairy 6702,BrandB,Food,Popular,Popular,1,₹6267.93,14,₹6267.93,₹5390.42,Cash,Refunded,Same Day,STORE018,Bangalore,EMP0041,Kavya Gupta
TXN0001117,2024-12-01,CUST01117,Kavya Gupta,+91 9817893040,Male,37,Central,VIP,PROD0326,Frozen Food 2145,BrandC,Food,Limited Edition,Eco-Friendly,4,₹19477.11,4,₹77908.44,₹74792.10,Debit Card,Completed,Standard,STORE007,Chennai,EMP0036,Priya Singh
TXN0001118,2023-02-23,CUST01118,Meera Sharma,+91 9939943674,Other,21,Central,Premium,PROD0425,Groceries 9639,BrandD,Food,Sale,New,8,₹41004.53,8,₹328036.24,₹301793.34,Net Banking,Refunded,Same Day,STORE002,Bangalore,EMP0006,Meera Joshi
TXN0001119,2023-08-08,CUST01119,Meera Agarwal,+91 9012415414,Other,58,South,Premium,PROD0267,Snacks 5421,BrandB,Food,Popular,Premium,9,₹26340.31,9,₹237062.79,₹215727.14,Cash,Refunded,Same Day,STORE010,Pune,EMP0007,Vikram Joshi
TXN0001120,2023-04-24,CUST01120,Rohit Joshi,+91 9631196013,Female,43,East,Regular,PROD0057,Jeans 5560,BrandC,Clothing,Sale,Limited Edition,4,₹38435.16,5,₹153740.64,₹146053.61,UPI,Pending,Standard,STORE007,Chennai,EMP0038,Meera Yadav
TXN0001121,2023-05-22,CUST01121,Arjun Kumar,+91 9802153154,Female,38,Central,Regular,PROD0351,Smartphone 6847,BrandB,Electronics,Limited Edition,Premium,6,₹32269.53,9,₹193617.18,₹176191.63,Debit Card,Cancelled,Express,STORE010,Mumbai,EMP0034,Meera Verma
TXN0001122,2024-02-19,CUST01122,Sneha Gupta,+91 9507336931,Male,37,Central,Regular,PROD0119,Groceries 7008,BrandB,Food,Popular,Eco-Friendly,3,₹40723.36,20,₹122170.08,₹97736.06,Credit Card,Refunded,Express,STORE005,Kolkata,EMP0019,Priya Patel
TXN0001123,2024-06-26,CUST01123,Kavya Yadav,+91 9069746293,Male,52,Central,VIP,PROD0048,Cosmetics 2397,BrandA,Beauty,Popular,Popular,7,₹31576.95,9,₹221038.65,₹201145.17,Wallet,Completed,Pickup,STORE017,Bangalore,EMP0033,Rohit Sharma
TXN0001124,2024-10-03,CUST01124,Arjun Kumar,+91 9054690707,Male,46,Central,Premium,PROD0232,Novel 5641,BrandA,Books,New,Premium,10,₹30156.89,3,₹301568.90,₹292521.83,Debit Card,Refunded,Same Day,STORE006,Chennai,EMP0029,Vikram Singh
TXN0001125,2024-11-27,CUST01125,Raj Joshi,+91 9859761482,Other,34,South,Regular,PROD0350,Frozen Food 4685,BrandC,Food,Popular,Premium,4,₹22855.63,19,₹91422.52,₹74052.24,Credit Card,Completed,Standard,STORE013,Pune,EMP0006,Rohit Joshi
TXN0001126,2024-03-31,CUST01126,Anjali Kumar,+91 9133330173,Female,50,South,VIP,PROD0327,Comic 9302,BrandC,Books,Limited Edition,New,5,₹22283.29,15,₹111416.45,₹94703.98,UPI,Completed,Standard,STORE011,Bangalore,EMP0032,Arjun Joshi
TXN0001127,2024-11-10,CUST01127,Rohit Reddy,+91 9803439695,Female,68,Central,Regular,PROD0188,Kitchenware 1139,BrandA,Home & Living,Sale,Popular,10,₹12875.69,19,₹128756.90,₹104293.09,UPI,Pending,Standard,STORE002,Pune,EMP0005,Sneha Singh
TXN0001128,2023-07-21,CUST01128,Priya Singh,+91 9870482637,Male,33,Central,Premium,PROD0002,Furniture 8982,BrandA,Home & Living,Eco-Friendly,Eco-Friendly,10,₹39715.57,19,₹397155.70,₹321696.12,Wallet,Completed,Pickup,STORE019,Chennai,EMP0048,Anjali Gupta
TXN0001129,2024-02-05,CUST01129,Raj Gupta,+91 9307265067,Male,57,West,VIP,PROD0129,Decor 728,BrandA,Home & Living,Premium,Limited Edition,2,₹48969.81,28,₹97939.62,₹70516.53,UPI,Cancelled,Pickup,STORE008,Hyderabad,EMP0025,Kavya Patel
TXN0001130,2023-09-28,CUST01130,Kavya Kumar,+91 9309340926,Other,68,West,VIP,PROD0426,Perfume 6243,BrandE,Beauty,New,New,10,₹30816.16,9,₹308161.60,₹280427.06,Net Banking,Completed,Same Day,STORE011,Hyderabad,EMP0045,Amit Yadav
TXN0001131,2024-05-26,CUST01131,Priya Joshi,+91 9429455716,Male,48,West,Premium,PROD0372,Tablet 2058,BrandB,Electronics,New,Sale,1,₹27153.34,26,₹27153.34,₹20093.47,Wallet,Cancelled,Standard,STORE013,Hyderabad,EMP0019,Raj Kumar
TXN0001132,2024-02-05,CUST01132,Meera Verma,+91 9611594299,Female,26,South,Premium,PROD0421,Frozen Food 7713,BrandC,Food,Eco-Friendly,Popular,5,₹19445.88,13,₹97229.40,₹84589.58,Credit Card,Pending,Express,STORE001,Bangalore,EMP0016,Sneha Agarwal
TXN0001133,2024-04-10,CUST01133,Rohit Agarwal,+91 9435097120,Female,43,South,VIP,PROD0252,Football 6371,BrandC,Sports,New,New,7,₹41380.07,10,₹289660.49,₹260694.44,Credit Card,Completed,Standard,STORE001,Bangalore,EMP0036,Meera Sharma
TXN0001134,2023-05-19,CUST01134,Rohit Kumar,+91 9869062809,Female,19,Central,Regular,PROD0176,Snacks 7468,BrandD,Food,Limited Edition,Popular,9,₹27783.51,28,₹250051.59,₹180037.14,Debit Card,Pending,Express,STORE019,Mumbai,EMP0014,Kavya Patel
TXN0001135,2024-01-20,CUST01135,Meera Singh,+91 9241648854,Female,36,North,Premium,PROD0265,Textbook 5223,BrandC,Books,Limited Edition,Premium,3,₹49158.84,9,₹147476.52,₹134203.63,Cash,Refunded,Standard,STORE001,Bangalore,EMP0017,Sneha Yadav
TXN0001136,2023-01-26,CUST01136,Meera Joshi,+91 9373968411,Other,28,Central,Premium,PROD0004,Smartphone 9596,BrandE,Electronics,Limited Edition,Popular,1,₹866.47,18,₹866.47,₹710.51,Credit Card,Pending,Express,STORE011,Pune,EMP0007,Amit Joshi
TXN0001137,2024-03-02,CUST01137,Priya Gupta,+91 9197112836,Male,29,North,Premium,PROD0377,Shirt 6151,BrandB,Clothing,Sale,Limited Edition,7,₹40035.06,4,₹280245.42,₹269035.60,Cash,Refunded,Pickup,STORE001,Mumbai,EMP0031,Amit Patel
TXN0001138,2023-12-04,CUST01138,Kavya Singh,+91 9407662624,Female,36,Central,Premium,PROD0288,Biography 8142,BrandA,Books,New,New,5,₹21578.73,30,₹107893.65,₹75525.55,Net Banking,Cancelled,Same Day,STORE009,Pune,EMP0038,Priya Joshi
TXN0001139,2024-11-27,CUST01139,Anjali Joshi,+91 9217271844,Female,58,West,Premium,PROD0454,Kitchenware 7946,BrandB,Home & Living,Sale,Premium,10,₹42101.28,0,₹421012.80,₹421012.80,Debit Card,Cancelled,Same Day,STORE011,Chennai,EMP0047,Rohit Verma
TXN0001140,2024-04-23,CUST01140,Sneha Kumar,+91 9593460263,Other,46,South,Regular,PROD0215,Groceries 5321,BrandA,Food,New,New,3,₹45843.22,9,₹137529.66,₹125151.99,Wallet,Completed,Express,STORE009,Delhi,EMP0009,Vikram Yadav
TXN0001141,2024-01-12,CUST01141,Rohit Kumar,+91 9295382217,Other,29,North,Regular,PROD0049,Textbook 9576,BrandA,Books,Sale,New,9,₹38659.09,18,₹347931.81,₹285304.08,Wallet,Completed,Pickup,STORE002,Hyderabad,EMP0050,Raj Yadav
TXN0001142,2023-03-12,CUST01142,Kavya Patel,+91 9686984933,Other,62,South,VIP,PROD0500,Yoga Mat 1931,BrandD,Sports,Premium,Sale,4,₹43307.24,0,₹173228.96,₹173228.96,Cash,Completed,Same Day,STORE014,Hyderabad,EMP0023,Sneha Sharma
TXN0001143,2023-04-17,CUST01143,Anjali Reddy,+91 9532300318,Male,59,North,Premium,PROD0175,Snacks 1032,BrandB,Food,Popular,New,1,₹43786.22,7,₹43786.22,₹40721.18,Net Banking,Refunded,Express,STORE012,Kolkata,EMP0009,Priya Sharma
TXN0001144,2024-01-28,CUST01144,Priya Patel,+91 9262082964,Male,50,East,Premium,PROD0127,Novel 7225,BrandC,Books,New,Premium,5,₹33232.42,14,₹166162.10,₹142899.41,Credit Card,Cancelled,Standard,STORE002,Pune,EMP0027,Vikram Sharma
TXN0001145,2024-07-24,CUST01145,Meera Verma,+91 9929065898,Female,60,East,Regular,PROD0161,Cookbook 2627,BrandE,Books,New,Sale,9,₹7084.36,26,₹63759.24,₹47181.84,Wallet,Cancelled,Same Day,STORE015,Hyderabad,EMP0036,Rohit Joshi
TXN0001146,2023-10-05,CUST01146,Meera Gupta,+91 9188203778,Other,38,West,Regular,PROD0146,Biography 6002,BrandD,Books,Eco-Friendly,Eco-Friendly,5,₹23439.51,25,₹117197.55,₹87898.16,Cash,Completed,Pickup,STORE011,Hyderabad,EMP0007,Kavya Reddy
TXN0001147,2023-07-16,CUST01147,Anjali Sharma,+91 9716645742,Female,54,North,Premium,PROD0339,Shirt 644,BrandA,Clothing,Eco-Friendly,New,2,₹40614.74,29,₹81229.48,₹57672.93,UPI,Pending,Pickup,STORE007,Chennai,EMP0009,Amit Singh
TXN0001148,2024-11-23,CUST01148,Priya Sharma,+91 9882550022,Other,23,South,Premium,PROD0309,Textbook 2116,BrandA,Books,Sale,Limited Edition,2,₹5800.98,11,₹11601.96,₹10325.74,Credit Card,Cancelled,Same Day,STORE014,Pune,EMP0017,Anjali Joshi
TXN0001149,2024-10-10,CUST01149,Anjali Joshi,+91 9201878603,Other,47,South,VIP,PROD0434,T-Shirt 8725,BrandC,Clothing,Popular,Limited Edition,10,₹6298.72,2,₹62987.20,₹61727.46,Net Banking,Completed,Standard,STORE018,Delhi,EMP0008,Anjali Joshi
TXN0001150,2024-10-27,CUST01150,Rohit Verma,+91 9017339828,Other,47,West,VIP,PROD0030,Yoga Mat 1839,BrandB,Sports,Premium,Sale,10,₹36866.47,27,₹368664.70,₹269125.23,Net Banking,Cancelled,Express,STORE002,Pune,EMP0028,Arjun Yadav
TXN0001151,2024-08-20,CUST01151,Priya Yadav,+91 9225419361,Male,64,West,Regular,PROD0495,Headphones 518,BrandA,Electronics,Limited Edition,Premium,6,₹1727.25,3,₹10363.50,₹10052.59,Net Banking,Refunded,Express,STORE014,Mumbai,EMP0028,Arjun Singh
TXN0001152,2024-06-07,CUST01152,Priya Singh,+91 9131307889,Male,19,North,Regular,PROD0357,Novel 1768,BrandB,Books,Limited Edition,Eco-Friendly,2,₹28502.59,3,₹57005.18,₹55295.02,Cash,Completed,Pickup,STORE009,Mumbai,EMP0008,Sneha Joshi
TXN0001153,2024-11-08,CUST01153,Amit Sharma,+91 9439646036,Female,69,South,VIP,PROD0265,Jacket 912,BrandB,Clothing,Popular,Premium,10,₹32801.22,28,₹328012.20,₹236168.78,Debit Card,Refunded,Same Day,STORE011,Mumbai,EMP0050,Vikram Agarwal
TXN0001154,2024-09-24,CUST01154,Sneha Reddy,+91 9135872663,Female,36,South,VIP,PROD0339,Shirt 7893,BrandD,Clothing,Limited Edition,Sale,4,₹42721.71,1,₹170886.84,₹169177.97,Debit Card,Refunded,Express,STORE012,Kolkata,EMP0044,Anjali Patel
TXN0001155,2024-06-12,CUST01155,Anjali Kumar,+91 9967606465,Female,22,North,Premium,PROD0243,Perfume 6446,BrandA,Beauty,Eco-Friendly,Limited Edition,1,₹22454.57,3,₹22454.57,₹21780.93,Credit Card,Completed,Standard,STORE011,Kolkata,EMP0017,Anjali Gupta
TXN0001156,2023-10-30,CUST01156,Amit Kumar,+91 9435146702,Female,55,South,Regular,PROD0292,Cosmetics 8952,BrandA,Beauty,Eco-Friendly,New,3,₹3502.23,26,₹10506.69,₹7774.95,Credit Card,Cancelled,Express,STORE012,Mumbai,EMP0018,Amit Kumar
TXN0001157,2023-01-24,CUST01157,Vikram Kumar,+91 9200821696,Female,49,South,Premium,PROD0273,Football 9293,BrandE,Sports,New,Premium,8,₹16208.97,17,₹129671.76,₹107627.56,Wallet,Refunded,Same Day,STORE020,Bangalore,EMP0014,Arjun Kumar
TXN0001158,2024-09-29,CUST01158,Amit Yadav,+91 9722031002,Female,49,West,Premium,PROD0098,Groceries 845,BrandE,Food,Sale,Popular,1,₹48316.97,8,₹48316.97,₹44451.61,Debit Card,Completed,Express,STORE020,Chennai,EMP0015,Meera Kumar
TXN0001159,2024-03-22,CUST01159,Arjun Agarwal,+91 9392015607,Female,57,East,VIP,PROD0460,Cosmetics 602,BrandC,Beauty,Eco-Friendly,Premium,8,₹22415.27,18,₹179322.16,₹147044.17,Credit Card,Cancelled,Same Day,STORE006,Delhi,EMP0037,Raj Joshi
TXN0001160,2023-05-24,CUST01160,Rohit Kumar,+91 9214694337,Female,33,West,VIP,PROD0049,Dairy 3996,BrandB,Food,Eco-Friendly,Premium,9,₹11524.28,21,₹103718.52,₹81937.63,UPI,Completed,Same Day,STORE010,Chennai,EMP0016,Arjun Yadav
TXN0001161,2023-01-17,CUST01161,Vikram Reddy,+91 9626059659,Female,70,South,VIP,PROD0301,Haircare 3051,BrandD,Beauty,Sale,Limited Edition,4,₹3359.74,21,₹13438.96,₹10616.78,Debit Card,Cancelled,Same Day,STORE017,Chennai,EMP0014,Priya Kumar
TXN0001162,2024-03-15,CUST01162,Sneha Patel,+91 9502478929,Other,54,Central,Regular,PROD0149,Snacks 745,BrandB,Food,Sale,Premium,4,₹515.95,11,₹2063.80,₹1836.78,Credit Card,Completed,Same Day,STORE016,Kolkata,EMP0029,Meera Gupta
TXN0001163,2024-08-18,CUST01163,Amit Agarwal,+91 9471401895,Female,30,Central,VIP,PROD0471,Headphones 1533,BrandC,Electronics,Popular,Popular,5,₹35782.77,22,₹178913.85,₹139552.80,Net Banking,Cancelled,Pickup,STORE002,Delhi,EMP0027,Arjun Joshi
TXN0001164,2024-11-04,CUST01164,Arjun Gupta,+91 9743278642,Other,27,West,Regular,PROD0180,Snacks 5059,BrandD,Food,Popular,New,8,₹7916.77,26,₹63334.16,₹46867.28,UPI,Cancelled,Standard,STORE002,Bangalore,EMP0016,Meera Kumar
TXN0001165,2024-03-30,CUST01165,Raj Patel,+91 9610730965,Female,22,Central,VIP,PROD0348,Frozen Food 2359,BrandA,Food,Eco-Friendly,New,7,₹27773.01,30,₹194411.07,₹136087.75,Wallet,Cancelled,Standard,STORE020,Delhi,EMP0022,Rohit Joshi
TXN0001166,2023-08-23,CUST01166,Sneha Joshi,+91 9829574998,Female,57,West,Premium,PROD0106,Bedding 4109,BrandC,Home & Living,Limited Edition,Sale,7,₹21646.83,24,₹151527.81,₹115161.14,Cash,Completed,Pickup,STORE001,Delhi,EMP0035,Kavya Joshi
TXN0001167,2023-06-30,CUST01167,Amit Reddy,+91 9409991695,Female,37,North,VIP,PROD0026,Beverages 1031,BrandC,Food,Premium,New,7,₹19348.49,24,₹135439.43,₹102933.97,Debit Card,Cancelled,Pickup,STORE004,Bangalore,EMP0029,Kavya Patel
TXN0001168,2024-07-10,CUST01168,Raj Kumar,+91 9662829874,Female,27,East,VIP,PROD0384,Skincare 7251,BrandE,Beauty,Limited Edition,Premium,6,₹34066.39,5,₹204398.34,₹194178.42,UPI,Completed,Pickup,STORE019,Delhi,EMP0040,Arjun Kumar
TXN0001169,2023-06-24,CUST01169,Vikram Sharma,+91 9751937713,Other,43,Central,Regular,PROD0279,Dress 7289,BrandC,Clothing,New,Sale,4,₹36039.54,4,₹144158.16,₹138391.83,Net Banking,Pending,Standard,STORE010,Kolkata,EMP0006,Rohit Agarwal
TXN0001170,2023-08-03,CUST01170,Anjali Verma,+91 9403797658,Female,42,West,Premium,PROD0136,Perfume 3544,BrandA,Beauty,Premium,Sale,5,₹33299.65,16,₹166498.25,₹139858.53,Cash,Pending,Standard,STORE008,Chennai,EMP0002,Arjun Singh
TXN0001171,2024-03-03,CUST01171,Meera Patel,+91 9912932530,Female,31,West,VIP,PROD0307,Tablet 5414,BrandC,Electronics,Sale,Limited Edition,6,₹24177.85,0,₹145067.10,₹145067.10,Wallet,Cancelled,Pickup,STORE010,Hyderabad,EMP0005,Kavya Agarwal
TXN0001172,2024-04-26,CUST01172,Kavya Gupta,+91 9411504702,Other,69,West,Premium,PROD0212,Comic 9184,BrandA,Books,Popular,Popular,6,₹39322.80,23,₹235936.80,₹181671.34,Debit Card,Pending,Pickup,STORE018,Hyderabad,EMP0001,Kavya Singh
TXN0001173,2023-09-26,CUST01173,Kavya Verma,+91 9248827618,Other,66,North,Regular,PROD0398,T-Shirt 7764,BrandE,Clothing,New,Sale,10,₹1843.89,24,₹18438.90,₹14013.56,Wallet,Cancelled,Pickup,STORE007,Kolkata,EMP0030,Sneha Joshi
TXN0001174,2024-11-05,CUST01174,Priya Sharma,+91 9395333686,Female,30,North,Regular,PROD0387,Shirt 839,BrandD,Clothing,Eco-Friendly,Sale,4,₹29381.46,26,₹117525.84,₹86969.12,Cash,Cancelled,Pickup,STORE014,Bangalore,EMP0021,Anjali Gupta
TXN0001175,2024-11-28,CUST01175,Vikram Verma,+91 9174708598,Male,38,Central,Premium,PROD0134,Shirt 4036,BrandB,Clothing,New,Limited Edition,10,₹39398.29,1,₹393982.90,₹390043.07,Credit Card,Cancelled,Same Day,STORE019,Hyderabad,EMP0029,Sneha Agarwal
TXN0001176,2024-01-06,CUST01176,Sneha Patel,+91 9973390288,Male,19,West,Regular,PROD0172,Skincare 3311,BrandE,Beauty,Sale,Limited Edition,4,₹11059.62,28,₹44238.48,₹31851.71,Cash,Completed,Express,STORE013,Kolkata,EMP0008,Raj Kumar
TXN0001177,2024-10-23,CUST01177,Priya Kumar,+91 9591554586,Male,36,South,VIP,PROD0478,Jacket 5396,BrandE,Clothing,Popular,Limited Edition,4,₹513.99,20,₹2055.96,₹1644.77,Credit Card,Completed,Pickup,STORE018,Bangalore,EMP0042,Priya Sharma
TXN0001178,2023-03-28,CUST01178,Meera Yadav,+91 9462754379,Female,26,South,Premium,PROD0142,Smartwatch 3134,BrandD,Electronics,Sale,Sale,8,₹25961.66,0,₹207693.28,₹207693.28,Cash,Cancelled,Express,STORE011,Kolkata,EMP0004,Amit Kumar
TXN0001179,2023-03-03,CUST01179,Vikram Sharma,+91 9491868498,Other,19,East,Regular,PROD0264,Makeup 4951,BrandD,Beauty,Premium,Popular,6,₹28238.19,15,₹169429.14,₹144014.77,Net Banking,Refunded,Pickup,STORE013,Bangalore,EMP0034,Vikram Verma
TXN0001180,2023-09-02,CUST01180,Rohit Reddy,+91 9639802610,Other,27,Central,Premium,PROD0310,Decor 6853,BrandA,Home & Living,Premium,Sale,9,₹29506.77,11,₹265560.93,₹236349.23,Net Banking,Refunded,Pickup,STORE006,Pune,EMP0049,Rohit Gupta
TXN0001181,2023-11-12,CUST01181,Priya Verma,+91 9706314470,Other,18,Central,Regular,PROD0328,Smartwatch 1358,BrandC,Electronics,Premium,Sale,1,₹39212.20,16,₹39212.20,₹32938.25,UPI,Completed,Standard,STORE008,Pune,EMP0040,Vikram Patel
TXN0001182,2024-11-17,CUST01182,Rohit Sharma,+91 9865175659,Female,65,South,VIP,PROD0448,Tennis Racket 9009,BrandD,Sports,Popular,Limited Edition,5,₹23458.91,3,₹117294.55,₹113775.71,Net Banking,Completed,Pickup,STORE013,Delhi,EMP0011,Kavya Verma
TXN0001183,2023-04-03,CUST01183,Vikram Reddy,+91 9221375936,Female,49,West,VIP,PROD0054,Dress 6691,BrandE,Clothing,Popular,Premium,8,₹49001.57,8,₹392012.56,₹360651.56,Cash,Completed,Pickup,STORE011,Chennai,EMP0008,Rohit Gupta
TXN0001184,2024-07-24,CUST01184,Meera Joshi,+91 9460847888,Female,39,West,VIP,PROD0325,Biography 6413,BrandA,Books,Eco-Friendly,Premium,2,₹29598.91,26,₹59197.82,₹43806.39,Net Banking,Pending,Same Day,STORE020,Chennai,EMP0045,Sneha Patel
TXN0001185,2024-10-17,CUST01185,Amit Reddy,+91 9076559379,Female,39,East,Regular,PROD0342,Beverages 5558,BrandE,Food,Sale,New,6,₹43316.39,26,₹259898.34,₹192324.77,Debit Card,Cancelled,Express,STORE005,Pune,EMP0026,Anjali Kumar
TXN0001186,2024-11-10,CUST01186,Priya Reddy,+91 9527790117,Male,27,South,Premium,PROD0215,Decor 213,BrandE,Home & Living,Sale,New,3,₹46163.42,27,₹138490.26,₹101097.89,Credit Card,Pending,Standard,STORE007,Pune,EMP0033,Meera Agarwal
TXN0001187,2024-10-03,CUST01187,Anjali Sharma,+91 9580920948,Female,37,West,Regular,PROD0286,Shirt 6938,BrandC,Clothing,Sale,Sale,6,₹13501.48,27,₹81008.88,₹59136.48,Debit Card,Pending,Pickup,STORE013,Pune,EMP0002,Raj Sharma
TXN0001188,2023-04-17,CUST01188,Kavya Reddy,+91 9560265124,Female,26,East,Regular,PROD0313,Cookbook 9329,BrandC,Books,Eco-Friendly,Sale,10,₹26629.73,18,₹266297.30,₹218363.79,Credit Card,Completed,Express,STORE015,Mumbai,EMP0038,Rohit Reddy
TXN0001189,2024-06-25,CUST01189,Rohit Agarwal,+91 9943026859,Male,44,Central,Premium,PROD0043,Biography 4886,BrandB,Books,Popular,Sale,10,₹43750.54,10,₹437505.40,₹393754.86,Cash,Refunded,Standard,STORE019,Delhi,EMP0039,Kavya Agarwal
TXN0001190,2024-07-15,CUST01190,Amit Verma,+91 9384289501,Other,19,South,Regular,PROD0496,Smartphone 6412,BrandD,Electronics,Sale,Premium,3,₹7826.17,22,₹23478.51,₹18313.24,Cash,Cancelled,Express,STORE003,Hyderabad,EMP0044,Arjun Patel
TXN0001191,2024-10-14,CUST01191,Raj Sharma,+91 9062855491,Female,47,East,Regular,PROD0358,Cosmetics 4524,BrandA,Beauty,Sale,New,9,₹9960.84,25,₹89647.56,₹67235.67,Net Banking,Pending,Pickup,STORE012,Mumbai,EMP0003,Anjali Verma
TXN0001192,2023-05-23,CUST01192,Rohit Reddy,+91 9976247292,Female,67,North,Regular,PROD0339,T-Shirt 6153,BrandC,Clothing,Popular,New,5,₹4648.67,5,₹23243.35,₹22081.18,Wallet,Cancelled,Pickup,STORE001,Pune,EMP0003,Vikram Gupta
TXN0001193,2024-09-08,CUST01193,Anjali Reddy,+91 9855063980,Other,50,East,Premium,PROD0318,Textbook 3975,BrandB,Books,New,Premium,6,₹29368.60,0,₹176211.60,₹176211.60,Wallet,Refunded,Same Day,STORE015,Pune,EMP0008,Raj Patel
TXN0001194,2023-01-25,CUST01194,Meera Yadav,+91 9112079789,Other,66,East,VIP,PROD0114,Haircare 2426,BrandB,Beauty,Eco-Friendly,New,10,₹15050.22,21,₹150502.20,₹118896.74,Wallet,Completed,Pickup,STORE010,Delhi,EMP0023,Priya Gupta
TXN0001195,2024-07-03,CUST01195,Kavya Gupta,+91 9572720808,Other,45,South,VIP,PROD0194,Cosmetics 522,BrandA,Beauty,Eco-Friendly,Popular,10,₹26631.72,15,₹266317.20,₹226369.62,Cash,Completed,Standard,STORE001,Chennai,EMP0021,Raj Reddy
TXN0001196,2024-01-21,CUST01196,Priya Singh,+91 9551285622,Female,47,West,Regular,PROD0345,Jeans 1119,BrandC,Clothing,Eco-Friendly,Sale,2,₹44132.34,29,₹88264.68,₹62667.92,UPI,Cancelled,Express,STORE004,Kolkata,EMP0003,Vikram Kumar
TXN0001197,2023-11-30,CUST01197,Priya Singh,+91 9006138026,Other,29,West,Regular,PROD0155,Kitchenware 2242,BrandE,Home & Living,Popular,New,1,₹9263.62,14,₹9263.62,₹7966.71,UPI,Refunded,Standard,STORE017,Pune,EMP0049,Priya Kumar
TXN0001198,2024-02-09,CUST01198,Raj Reddy,+91 9874739337,Other,21,Central,Regular,PROD0390,Furniture 4600,BrandD,Home & Living,Popular,Sale,5,₹34092.13,15,₹170460.65,₹144891.55,Cash,Pending,Same Day,STORE012,Chennai,EMP0032,Rohit Singh
TXN0001199,2023-10-15,CUST01199,Kavya Sharma,+91 9180502286,Other,70,Central,VIP,PROD0350,Jacket 8000,BrandD,Clothing,Eco-Friendly,New,8,₹34500.35,25,₹276002.80,₹207002.10,Wallet,Refunded,Standard,STORE009,Delhi,EMP0037,Kavya Patel
TXN0001200,2024-01-24,CUST01200,Raj Singh,+91 9359821210,Other,63,North,Premium,PROD0360,Lighting 3230,BrandB,Home & Living,Premium,Premium,3,₹43802.64,29,₹131407.92,₹93299.62,UPI,Pending,Express,STORE018,Hyderabad,EMP0036,Anjali Patel
TXN0001201,2024-03-28,CUST01201,Amit Kumar,+91 9516738717,Other,47,East,Regular,PROD0475,Laptop 4602,BrandC,Electronics,Sale,Popular,10,₹28031.99,26,₹280319.90,₹207436.73,Debit Card,Refunded,Pickup,STORE001,Kolkata,EMP0016,Kavya Verma
TXN0001202,2023-09-02,CUST01202,Meera Kumar,+91 9040217606,Male,33,Central,VIP,PROD0037,Smartphone 6482,BrandD,Electronics,Eco-Friendly,Limited Edition,4,₹7835.35,28,₹31341.40,₹22565.81,Net Banking,Pending,Same Day,STORE020,Mumbai,EMP0050,Priya Verma
TXN0001203,2023-05-06,CUST01203,Priya Singh,+91 9915857028,Male,24,South,Premium,PROD0141,Kitchenware 9724,BrandD,Home & Living,Limited Edition,Popular,5,₹6979.66,0,₹34898.30,₹34898.30,Credit Card,Refunded,Standard,STORE018,Kolkata,EMP0032,Kavya Reddy
TXN0001204,2023-09-28,CUST01204,Rohit Patel,+91 9255424610,Female,47,West,Premium,PROD0319,Biography 3848,BrandA,Books,New,Eco-Friendly,3,₹32770.57,18,₹98311.71,₹80615.60,Cash,Completed,Express,STORE001,Hyderabad,EMP0034,Rohit Patel
TXN0001205,2024-03-15,CUST01205,Sneha Verma,+91 9158489445,Female,54,West,Regular,PROD0315,Tennis Racket 2053,BrandA,Sports,Eco-Friendly,Eco-Friendly,2,₹21387.77,6,₹42775.54,₹40209.01,Debit Card,Cancelled,Standard,STORE019,Bangalore,EMP0032,Priya Kumar
TXN0001206,2023-02-09,CUST01206,Amit Reddy,+91 9374944193,Female,38,West,VIP,PROD0156,Novel 6496,BrandA,Books,Sale,Limited Edition,1,₹31292.22,11,₹31292.22,₹27850.08,Net Banking,Cancelled,Pickup,STORE003,Chennai,EMP0016,Anjali Sharma
TXN0001207,2024-05-02,CUST01207,Priya Gupta,+91 9857407997,Male,30,North,VIP,PROD0048,Yoga Mat 9615,BrandE,Sports,Popular,Popular,8,₹8871.79,14,₹70974.32,₹61037.92,UPI,Refunded,Standard,STORE014,Hyderabad,EMP0039,Amit Kumar
TXN0001208,2023-06-09,CUST01208,Vikram Verma,+91 9217433087,Male,28,West,Premium,PROD0259,Jacket 7883,BrandA,Clothing,New,Sale,5,₹33022.16,22,₹165110.80,₹128786.42,UPI,Pending,Same Day,STORE011,Hyderabad,EMP0010,Rohit Reddy
TXN0001209,2023-07-29,CUST01209,Meera Kumar,+91 9078043185,Other,67,West,Premium,PROD0214,Dairy 4250,BrandD,Food,Limited Edition,Limited Edition,7,₹248.55,2,₹1739.85,₹1705.05,Credit Card,Completed,Pickup,STORE008,Hyderabad,EMP0009,Vikram Joshi
TXN0001210,2024-08-10,CUST01210,Anjali Agarwal,+91 9116524751,Other,37,West,VIP,PROD0450,Textbook 2255,BrandC,Books,Eco-Friendly,New,8,₹8723.54,15,₹69788.32,₹59320.07,Net Banking,Pending,Pickup,STORE007,Pune,EMP0028,Kavya Agarwal
TXN0001211,2024-11-05,CUST01211,Anjali Agarwal,+91 9801487415,Other,65,West,Premium,PROD0268,Groceries 4058,BrandE,Food,Eco-Friendly,Limited Edition,5,₹16427.53,24,₹82137.65,₹62424.61,Debit Card,Completed,Express,STORE003,Chennai,EMP0022,Arjun Reddy
TXN0001212,2023-09-02,CUST01212,Anjali Kumar,+91 9355462789,Female,22,Central,Premium,PROD0166,Biography 2331,BrandB,Books,Premium,New,2,₹23263.82,13,₹46527.64,₹40479.05,Net Banking,Pending,Pickup,STORE017,Kolkata,EMP0014,Amit Sharma
TXN0001213,2024-11-22,CUST01213,Arjun Sharma,+91 9778732309,Male,19,West,Regular,PROD0431,Tablet 4158,BrandB,Electronics,Eco-Friendly,Popular,3,₹13844.30,24,₹41532.90,₹31565.00,Debit Card,Refunded,Same Day,STORE010,Mumbai,EMP0041,Raj Reddy
TXN0001214,2024-06-02,CUST01214,Raj Yadav,+91 9526997568,Other,48,North,Premium,PROD0131,Textbook 6620,BrandC,Books,Sale,Premium,2,₹11283.98,24,₹22567.96,₹17151.65,Credit Card,Completed,Standard,STORE011,Mumbai,EMP0006,Kavya Sharma
TXN0001215,2023-06-28,CUST01215,Meera Reddy,+91 9851870641,Male,63,North,VIP,PROD0342,Cosmetics 6051,BrandA,Beauty,Premium,Sale,9,₹30550.29,8,₹274952.61,₹252956.40,Wallet,Pending,Same Day,STORE019,Chennai,EMP0008,Amit Joshi
TXN0001216,2024-03-10,CUST01216,Vikram Patel,+91 9956583218,Male,61,South,Premium,PROD0337,Laptop 9100,BrandB,Electronics,Sale,Sale,7,₹22104.90,11,₹154734.30,₹137713.53,Debit Card,Cancelled,Standard,STORE007,Kolkata,EMP0020,Priya Patel
TXN0001217,2023-11-03,CUST01217,Meera Reddy,+91 9537987323,Other,39,West,VIP,PROD0433,Perfume 6812,BrandB,Beauty,Sale,Limited Edition,3,₹40063.19,13,₹120189.57,₹104564.93,Credit Card,Completed,Standard,STORE018,Chennai,EMP0041,Arjun Agarwal
TXN0001218,2023-07-29,CUST01218,Amit Joshi,+91 9576216274,Male,64,North,Premium,PROD0426,Haircare 3867,BrandC,Beauty,Eco-Friendly,New,1,₹19049.86,28,₹19049.86,₹13715.90,Cash,Pending,Express,STORE012,Chennai,EMP0040,Raj Agarwal
TXN0001219,2024-07-18,CUST01219,Priya Kumar,+91 9428332947,Female,36,West,Premium,PROD0474,Skincare 4272,BrandC,Beauty,Premium,Premium,5,₹31959.14,10,₹159795.70,₹143816.13,Net Banking,Pending,Same Day,STORE012,Mumbai,EMP0003,Anjali Gupta
TXN0001220,2023-03-25,CUST01220,Rohit Patel,+91 9265214537,Other,29,South,VIP,PROD0180,Dress 7352,BrandC,Clothing,Limited Edition,Limited Edition,1,₹40070.24,30,₹40070.24,₹28049.17,UPI,Refunded,Standard,STORE013,Kolkata,EMP0020,Arjun Gupta
TXN0001221,2023-05-22,CUST01221,Arjun Joshi,+91 9410273123,Male,50,South,Premium,PROD0470,Smartwatch 2214,BrandA,Electronics,Limited Edition,Eco-Friendly,10,₹10368.82,29,₹103688.20,₹73618.62,Wallet,Refunded,Express,STORE009,Kolkata,EMP0025,Kavya Yadav
TXN0001222,2023-02-13,CUST01222,Raj Yadav,+91 9088453241,Male,50,West,Premium,PROD0282,Furniture 6594,BrandB,Home & Living,Limited Edition,Sale,7,₹29160.75,21,₹204125.25,₹161258.95,Debit Card,Pending,Same Day,STORE010,Kolkata,EMP0001,Arjun Verma
TXN0001223,2024-11-24,CUST01223,Amit Patel,+91 9636888383,Other,53,East,Premium,PROD0285,Smartwatch 2817,BrandD,Electronics,New,Limited Edition,3,₹34270.25,25,₹102810.75,₹77108.06,Debit Card,Refunded,Pickup,STORE012,Bangalore,EMP0029,Priya Yadav
TXN0001224,2023-03-06,CUST01224,Arjun Joshi,+91 9487604075,Female,23,West,Regular,PROD0107,Decor 986,BrandD,Home & Living,Sale,Limited Edition,4,₹38691.32,24,₹154765.28,₹117621.61,Debit Card,Refunded,Same Day,STORE014,Chennai,EMP0019,Rohit Patel
TXN0001225,2024-05-04,CUST01225,Arjun Patel,+91 9106354218,Male,65,South,VIP,PROD0439,Textbook 8026,BrandB,Books,Premium,Limited Edition,8,₹47636.63,14,₹381093.04,₹327740.01,UPI,Pending,Standard,STORE020,Delhi,EMP0032,Meera Yadav
TXN0001226,2024-05-03,CUST01226,Amit Kumar,+91 9071899702,Male,41,Central,VIP,PROD0271,Groceries 7911,BrandE,Food,Sale,Popular,8,₹41322.43,2,₹330579.44,₹323967.85,Net Banking,Refunded,Express,STORE011,Chennai,EMP0038,Raj Sharma
TXN0001227,2023-04-16,CUST01227,Meera Sharma,+91 9705956017,Female,53,West,Regular,PROD0114,Beverages 8545,BrandC,Food,Popular,Popular,7,₹32417.95,12,₹226925.65,₹199694.57,Net Banking,Cancelled,Same Day,STORE009,Pune,EMP0026,Rohit Gupta
TXN0001228,2024-09-18,CUST01228,Arjun Patel,+91 9468968819,Other,56,East,Premium,PROD0401,Bedding 3655,BrandA,Home & Living,New,Limited Edition,4,₹43847.57,27,₹175390.28,₹128034.90,UPI,Pending,Same Day,STORE012,Bangalore,EMP0029,Arjun Singh
TXN0001229,2023-08-02,CUST01229,Anjali Gupta,+91 9594597754,Other,39,Central,VIP,PROD0146,Snacks 2135,BrandB,Food,Premium,Premium,9,₹10429.66,6,₹93866.94,₹88234.92,Credit Card,Cancelled,Pickup,STORE002,Bangalore,EMP0041,Meera Singh
TXN0001230,2023-10-29,CUST01230,Anjali Gupta,+91 9739237351,Female,53,Central,Premium,PROD0393,Laptop 4574,BrandE,Electronics,Eco-Friendly,Premium,3,₹27112.58,3,₹81337.74,₹78897.61,Credit Card,Cancelled,Express,STORE010,Delhi,EMP0050,Vikram Reddy
TXN0001231,2024-11-08,CUST01231,Rohit Kumar,+91 9890878329,Male,41,West,VIP,PROD0219,Yoga Mat 4235,BrandB,Sports,Sale,Limited Edition,10,₹15541.65,0,₹155416.50,₹155416.50,Wallet,Refunded,Same Day,STORE004,Mumbai,EMP0009,Kavya Verma
TXN0001232,2023-05-09,CUST01232,Raj Joshi,+91 9689053709,Other,56,Central,Regular,PROD0460,Snacks 5263,BrandA,Food,Eco-Friendly,Eco-Friendly,9,₹12146.68,3,₹109320.12,₹106040.52,Credit Card,Pending,Standard,STORE011,Kolkata,EMP0032,Priya Joshi
TXN0001233,2024-07-18,CUST01233,Vikram Sharma,+91 9669725398,Male,41,East,Premium,PROD0174,Smartwatch 675,BrandE,Electronics,Premium,Eco-Friendly,10,₹15768.94,13,₹157689.40,₹137189.78,Debit Card,Cancelled,Express,STORE020,Pune,EMP0043,Raj Patel
TXN0001234,2024-11-06,CUST01234,Anjali Kumar,+91 9744399077,Male,67,North,Premium,PROD0364,Snacks 4719,BrandD,Food,Sale,Limited Edition,9,₹47476.87,22,₹427291.83,₹333287.63,Net Banking,Cancelled,Express,STORE007,Bangalore,EMP0018,Arjun Joshi
TXN0001235,2023-04-19,CUST01235,Amit Yadav,+91 9848589430,Female,30,Central,VIP,PROD0371,Haircare 5589,BrandD,Beauty,Popular,Premium,1,₹6437.84,27,₹6437.84,₹4699.62,Debit Card,Completed,Standard,STORE002,Mumbai,EMP0040,Kavya Agarwal
TXN0001236,2023-07-28,CUST01236,Meera Joshi,+91 9379811678,Other,18,Central,Premium,PROD0088,Perfume 1508,BrandD,Beauty,Eco-Friendly,Sale,2,₹19430.55,23,₹38861.10,₹29923.05,UPI,Cancelled,Same Day,STORE001,Hyderabad,EMP0025,Amit Reddy
TXN0001237,2023-10-26,CUST01237,Amit Agarwal,+91 9937409426,Male,34,West,Premium,PROD0181,Laptop 9610,BrandE,Electronics,Eco-Friendly,Limited Edition,2,₹13978.57,25,₹27957.14,₹20967.85,Debit Card,Cancelled,Express,STORE005,Mumbai,EMP0027,Anjali Gupta
TXN0001238,2024-11-19,CUST01238,Sneha Reddy,+91 9199185218,Male,62,Central,VIP,PROD0314,Skincare 9886,BrandE,Beauty,Sale,Sale,8,₹45973.46,26,₹367787.68,₹272162.88,Credit Card,Refunded,Standard,STORE002,Hyderabad,EMP0005,Meera Joshi
TXN0001239,2024-12-08,CUST01239,Kavya Verma,+91 9790634602,Other,58,Central,Premium,PROD0048,Biography 4463,BrandE,Books,New,Popular,2,₹42340.89,26,₹84681.78,₹62664.52,UPI,Refunded,Same Day,STORE008,Delhi,EMP0010,Sneha Yadav
TXN0001240,2023-11-30,CUST01240,Raj Sharma,+91 9678050962,Other,27,Central,Premium,PROD0328,Beverages 2363,BrandC,Food,New,Limited Edition,8,₹42558.69,26,₹340469.52,₹251947.44,UPI,Pending,Pickup,STORE005,Kolkata,EMP0002,Arjun Verma
TXN0001241,2023-11-04,CUST01241,Meera Gupta,+91 9868809137,Other,46,Central,Premium,PROD0414,Smartphone 5264,BrandA,Electronics,Limited Edition,Eco-Friendly,3,₹25769.73,11,₹77309.19,₹68805.18,Wallet,Completed,Pickup,STORE001,Chennai,EMP0040,Arjun Patel
TXN0001242,2023-10-30,CUST01242,Arjun Verma,+91 9292083047,Other,19,East,Regular,PROD0005,Makeup 5828,BrandE,Beauty,Popular,Premium,3,₹18022.74,17,₹54068.22,₹44876.62,Cash,Refunded,Express,STORE006,Delhi,EMP0037,Anjali Patel
TXN0001243,2024-01-05,CUST01243,Meera Reddy,+91 9835723711,Female,47,North,Premium,PROD0369,Dairy 8808,BrandC,Food,New,Limited Edition,4,₹12534.92,27,₹50139.68,₹36601.97,Cash,Refunded,Pickup,STORE008,Bangalore,EMP0026,Priya Joshi
TXN0001244,2024-02-09,CUST01244,Amit Verma,+91 9036034033,Female,21,East,VIP,PROD0346,Headphones 8471,BrandC,Electronics,Premium,New,3,₹3397.45,8,₹10192.35,₹9376.96,Net Banking,Refunded,Standard,STORE020,Delhi,EMP0011,Raj Joshi
TXN0001245,2023-09-22,CUST01245,Meera Joshi,+91 9389927422,Male,65,North,Regular,PROD0133,Football 2224,BrandA,Sports,Sale,Sale,10,₹36934.27,18,₹369342.70,₹302861.01,Cash,Completed,Same Day,STORE014,Delhi,EMP0036,Amit Sharma
TXN0001246,2024-12-12,CUST01246,Meera Patel,+91 9403144687,Female,46,North,Regular,PROD0402,Furniture 1127,BrandE,Home & Living,Limited Edition,New,7,₹27999.17,23,₹195994.19,₹150915.53,Net Banking,Pending,Same Day,STORE017,Hyderabad,EMP0039,Arjun Yadav
TXN0001247,2024-05-29,CUST01247,Priya Verma,+91 9090676379,Male,21,East,VIP,PROD0123,Textbook 9140,BrandA,Books,Eco-Friendly,Limited Edition,9,₹12796.66,9,₹115169.94,₹104804.65,Cash,Cancelled,Same Day,STORE006,Delhi,EMP0029,Raj Gupta
TXN0001248,2023-01-03,CUST01248,Anjali Patel,+91 9007562715,Other,22,East,Regular,PROD0411,Jeans 2568,BrandA,Clothing,Popular,New,5,₹362.85,11,₹1814.25,₹1614.68,Credit Card,Refunded,Pickup,STORE002,Kolkata,EMP0037,Amit Reddy
TXN0001249,2024-03-09,CUST01249,Raj Joshi,+91 9678363855,Other,52,Central,VIP,PROD0364,Yoga Mat 9791,BrandA,Sports,New,Eco-Friendly,2,₹8366.15,8,₹16732.30,₹15393.72,Wallet,Cancelled,Standard,STORE020,Pune,EMP0049,Vikram Verma
TXN0001250,2023-01-19,CUST01250,Raj Sharma,+91 9943493005,Female,60,West,Regular,PROD0351,Furniture 5768,BrandE,Home & Living,Sale,Eco-Friendly,5,₹47800.81,0,₹239004.05,₹239004.05,Wallet,Completed,Express,STORE016,Hyderabad,EMP0015,Arjun Singh
TXN0001251,2023-10-14,CUST01251,Rohit Verma,+91 9669085223,Female,53,East,VIP,PROD0354,Gym Equipment 1047,BrandE,Sports,Sale,Popular,1,₹26940.24,1,₹26940.24,₹26670.84,UPI,Cancelled,Pickup,STORE013,Hyderabad,EMP0045,Anjali Verma
TXN0001252,2023-12-10,CUST01252,Meera Patel,+91 9001915439,Other,66,Central,Premium,PROD0151,Football 1057,BrandB,Sports,Eco-Friendly,Premium,7,₹13397.12,21,₹93779.84,₹74086.07,UPI,Refunded,Same Day,STORE017,Delhi,EMP0044,Raj Patel
TXN0001253,2024-05-27,CUST01253,Rohit Reddy,+91 9763695696,Other,33,West,Premium,PROD0402,Beverages 9946,BrandA,Food,Sale,Sale,2,₹31162.54,20,₹62325.08,₹49860.06,Wallet,Cancelled,Same Day,STORE001,Pune,EMP0016,Raj Yadav
TXN0001254,2023-08-27,CUST01254,Arjun Kumar,+91 9323953720,Other,51,South,VIP,PROD0477,Cookbook 5755,BrandD,Books,Eco-Friendly,New,8,₹25832.03,20,₹206656.24,₹165324.99,Net Banking,Cancelled,Same Day,STORE020,Bangalore,EMP0028,Anjali Gupta
TXN0001255,2023-12-01,CUST01255,Arjun Patel,+91 9035321587,Other,35,North,Premium,PROD0408,Football 7400,BrandC,Sports,Sale,Limited Edition,3,₹41941.42,22,₹125824.26,₹98142.92,Credit Card,Pending,Same Day,STORE001,Chennai,EMP0038,Kavya Reddy
TXN0001256,2024-01-24,CUST01256,Amit Patel,+91 9493023405,Female,46,Central,Premium,PROD0397,Cookbook 1452,BrandC,Books,Popular,Limited Edition,1,₹30790.44,3,₹30790.44,₹29866.73,Cash,Cancelled,Pickup,STORE010,Delhi,EMP0032,Arjun Verma
TXN0001257,2024-10-03,CUST01257,Vikram Patel,+91 9112613722,Other,45,North,VIP,PROD0101,Perfume 4525,BrandA,Beauty,Popular,Sale,3,₹10354.83,25,₹31064.49,₹23298.37,Credit Card,Completed,Standard,STORE002,Chennai,EMP0045,Anjali Sharma
TXN0001258,2024-12-27,CUST01258,Kavya Reddy,+91 9018500386,Other,36,East,Regular,PROD0082,Snacks 4403,BrandC,Food,Sale,Sale,1,₹21295.60,23,₹21295.60,₹16397.61,Cash,Pending,Same Day,STORE001,Mumbai,EMP0014,Priya Singh
TXN0001259,2023-10-07,CUST01259,Sneha Joshi,+91 9449835770,Other,29,South,VIP,PROD0493,Frozen Food 9403,BrandD,Food,Limited Edition,Sale,5,₹20901.01,14,₹104505.05,₹89874.34,Wallet,Cancelled,Express,STORE019,Delhi,EMP0031,Meera Verma
TXN0001260,2023-04-10,CUST01260,Arjun Reddy,+91 9950329528,Male,46,Central,Premium,PROD0007,Headphones 3062,BrandD,Electronics,Sale,Premium,9,₹45684.98,7,₹411164.82,₹382383.28,Wallet,Refunded,Express,STORE014,Kolkata,EMP0022,Priya Agarwal
TXN0001261,2023-09-11,CUST01261,Arjun Joshi,+91 9169314640,Male,55,East,Premium,PROD0110,Jacket 1962,BrandB,Clothing,Popular,Sale,4,₹19537.48,10,₹78149.92,₹70334.93,Credit Card,Cancelled,Standard,STORE007,Pune,EMP0020,Raj Kumar
TXN0001262,2023-11-30,CUST01262,Amit Agarwal,+91 9517596619,Male,29,North,Regular,PROD0129,Furniture 9420,BrandE,Home & Living,Limited Edition,Eco-Friendly,5,₹48468.74,27,₹242343.70,₹176910.90,Debit Card,Cancelled,Express,STORE007,Delhi,EMP0038,Raj Kumar
TXN0001263,2024-08-18,CUST01263,Rohit Gupta,+91 9874630241,Female,40,West,VIP,PROD0064,Dress 3185,BrandB,Clothing,Limited Edition,Popular,1,₹44406.18,1,₹44406.18,₹43962.12,UPI,Pending,Express,STORE013,Delhi,EMP0035,Vikram Kumar
TXN0001264,2024-05-27,CUST01264,Meera Verma,+91 9696107359,Female,67,South,VIP,PROD0303,Kitchenware 1376,BrandD,Home & Living,Sale,Premium,7,₹7598.79,8,₹53191.53,₹48936.21,Credit Card,Pending,Express,STORE018,Mumbai,EMP0029,Arjun Gupta
TXN0001265,2024-10-28,CUST01265,Kavya Yadav,+91 9173740873,Female,57,South,Premium,PROD0133,Snacks 7002,BrandD,Food,Eco-Friendly,Sale,2,₹48296.86,2,₹96593.72,₹94661.85,Credit Card,Completed,Pickup,STORE003,Bangalore,EMP0027,Sneha Singh
TXN0001266,2024-10-13,CUST01266,Arjun Singh,+91 9082268665,Other,56,West,Regular,PROD0012,Decor 6111,BrandD,Home & Living,Premium,Premium,7,₹42237.30,16,₹295661.10,₹248355.32,Cash,Refunded,Same Day,STORE019,Bangalore,EMP0020,Priya Sharma
TXN0001267,2023-11-21,CUST01267,Rohit Patel,+91 9969743544,Other,43,North,VIP,PROD0438,Decor 3303,BrandB,Home & Living,Popular,New,9,₹2808.42,9,₹25275.78,₹23000.96,Credit Card,Pending,Same Day,STORE003,Chennai,EMP0035,Amit Patel
TXN0001268,2024-10-04,CUST01268,Arjun Joshi,+91 9452786717,Male,52,South,VIP,PROD0296,Decor 9593,BrandC,Home & Living,Popular,Premium,3,₹44967.42,21,₹134902.26,₹106572.79,Debit Card,Refunded,Standard,STORE004,Pune,EMP0045,Anjali Patel
TXN0001269,2024-04-14,CUST01269,Priya Verma,+91 9329842061,Female,21,Central,VIP,PROD0012,Cookbook 5862,BrandB,Books,Premium,Eco-Friendly,3,₹27420.79,11,₹82262.37,₹73213.51,Debit Card,Completed,Standard,STORE005,Mumbai,EMP0044,Sneha Verma
TXN0001270,2023-08-04,CUST01270,Amit Sharma,+91 9284765413,Other,60,North,Regular,PROD0290,Headphones 7712,BrandC,Electronics,Premium,Limited Edition,10,₹12120.10,5,₹121201.00,₹115140.95,Cash,Refunded,Standard,STORE018,Bangalore,EMP0004,Rohit Patel
TXN0001271,2024-10-06,CUST01271,Priya Kumar,+91 9100365311,Other,57,East,Premium,PROD0240,Smartphone 936,BrandD,Electronics,Eco-Friendly,Premium,6,₹30015.59,25,₹180093.54,₹135070.15,Wallet,Refunded,Pickup,STORE009,Chennai,EMP0050,Priya Kumar
TXN0001272,2024-01-19,CUST01272,Kavya Sharma,+91 9061628657,Female,63,Central,Premium,PROD0384,Jacket 5690,BrandA,Clothing,Sale,Sale,8,₹260.87,18,₹2086.96,₹1711.31,Debit Card,Completed,Standard,STORE004,Bangalore,EMP0037,Arjun Yadav
TXN0001273,2023-05-07,CUST01273,Kavya Reddy,+91 9198513180,Other,70,North,Premium,PROD0430,Smartphone 6322,BrandE,Electronics,Limited Edition,Limited Edition,8,₹26861.33,19,₹214890.64,₹174061.42,UPI,Cancelled,Pickup,STORE019,Kolkata,EMP0034,Meera Sharma
TXN0001274,2024-12-19,CUST01274,Amit Singh,+91 9658436153,Other,56,East,Regular,PROD0286,Laptop 2283,BrandA,Electronics,Eco-Friendly,Sale,1,₹7427.47,7,₹7427.47,₹6907.55,Cash,Refunded,Express,STORE016,Delhi,EMP0027,Arjun Patel
TXN0001275,2024-10-27,CUST01275,Priya Verma,+91 9059288086,Female,52,North,Premium,PROD0470,Skincare 653,BrandD,Beauty,Premium,Eco-Friendly,9,₹11667.97,30,₹105011.73,₹73508.21,UPI,Completed,Pickup,STORE012,Hyderabad,EMP0043,Sneha Sharma
TXN0001276,2024-05-08,CUST01276,Anjali Yadav,+91 9224890169,Male,36,Central,Premium,PROD0376,Smartwatch 1895,BrandA,Electronics,Eco-Friendly,Premium,10,₹812.03,27,₹8120.30,₹5927.82,Credit Card,Completed,Standard,STORE004,Hyderabad,EMP0016,Arjun Joshi
TXN0001277,2024-11-03,CUST01277,Anjali Sharma,+91 9625481633,Other,63,West,Premium,PROD0330,Decor 5449,BrandE,Home & Living,Limited Edition,New,4,₹9003.51,23,₹36014.04,₹27730.81,Debit Card,Refunded,Express,STORE003,Kolkata,EMP0007,Kavya Patel
TXN0001278,2023-02-02,CUST01278,Meera Reddy,+91 9135384610,Other,32,West,Regular,PROD0435,Bedding 9335,BrandA,Home & Living,New,Eco-Friendly,4,₹21023.52,2,₹84094.08,₹82412.20,UPI,Completed,Same Day,STORE012,Mumbai,EMP0008,Priya Singh
TXN0001279,2023-03-22,CUST01279,Arjun Sharma,+91 9277262402,Male,22,Central,Regular,PROD0105,Smartphone 5973,BrandB,Electronics,Limited Edition,Eco-Friendly,2,₹35560.88,29,₹71121.76,₹50496.45,Debit Card,Pending,Express,STORE016,Delhi,EMP0041,Vikram Sharma
TXN0001280,2023-08-31,CUST01280,Raj Joshi,+91 9281601026,Other,50,South,Premium,PROD0004,Headphones 9633,BrandA,Electronics,Premium,Premium,1,₹11420.32,30,₹11420.32,₹7994.22,Credit Card,Pending,Express,STORE005,Pune,EMP0035,Priya Joshi
TXN0001281,2024-10-17,CUST01281,Arjun Agarwal,+91 9116699344,Female,25,Central,Regular,PROD0037,Bedding 3197,BrandE,Home & Living,Limited Edition,Popular,8,₹24009.33,26,₹192074.64,₹142135.23,Wallet,Refunded,Express,STORE002,Chennai,EMP0021,Vikram Sharma
TXN0001282,2023-07-09,CUST01282,Sneha Joshi,+91 9811487255,Male,25,South,Regular,PROD0376,Laptop 6897,BrandE,Electronics,Eco-Friendly,Premium,10,₹3819.18,0,₹38191.80,₹38191.80,Debit Card,Cancelled,Standard,STORE012,Kolkata,EMP0005,Sneha Gupta
TXN0001283,2023-03-07,CUST01283,Vikram Kumar,+91 9131517101,Female,32,East,Regular,PROD0387,Groceries 3385,BrandE,Food,New,Popular,10,₹6132.89,18,₹61328.90,₹50289.70,Wallet,Pending,Pickup,STORE013,Delhi,EMP0038,Priya Patel
TXN0001284,2023-10-16,CUST01284,Meera Joshi,+91 9740677425,Male,39,North,Regular,PROD0500,Yoga Mat 8979,BrandC,Sports,Sale,Limited Edition,9,₹18373.43,5,₹165360.87,₹157092.83,Wallet,Pending,Same Day,STORE016,Delhi,EMP0041,Anjali Kumar
TXN0001285,2023-03-05,CUST01285,Priya Sharma,+91 9077012078,Other,57,Central,Regular,PROD0454,Skincare 1582,BrandB,Beauty,Sale,Limited Edition,10,₹36813.77,16,₹368137.70,₹309235.67,Net Banking,Cancelled,Standard,STORE009,Mumbai,EMP0047,Arjun Joshi
TXN0001286,2024-04-07,CUST01286,Amit Sharma,+91 9930681070,Female,70,South,VIP,PROD0248,Haircare 7860,BrandA,Beauty,Popular,Premium,6,₹46487.77,29,₹278926.62,₹198037.90,Credit Card,Cancelled,Pickup,STORE014,Mumbai,EMP0016,Priya Verma
TXN0001287,2024-09-16,CUST01287,Rohit Reddy,+91 9918215505,Other,38,Central,Regular,PROD0281,Groceries 1696,BrandD,Food,Premium,Sale,4,₹40179.21,18,₹160716.84,₹131787.81,Net Banking,Cancelled,Pickup,STORE008,Hyderabad,EMP0035,Rohit Reddy
TXN0001288,2024-07-18,CUST01288,Priya Verma,+91 9979396996,Other,67,Central,Regular,PROD0230,Textbook 5712,BrandB,Books,Sale,Popular,8,₹26589.19,23,₹212713.52,₹163789.41,Net Banking,Cancelled,Standard,STORE020,Pune,EMP0044,Rohit Yadav
TXN0001289,2024-03-23,CUST01289,Arjun Joshi,+91 9879615891,Male,33,East,Regular,PROD0358,Biography 3659,BrandB,Books,Eco-Friendly,Sale,9,₹13969.18,28,₹125722.62,₹90520.29,Debit Card,Refunded,Pickup,STORE001,Kolkata,EMP0040,Priya Gupta
TXN0001290,2024-03-07,CUST01290,Kavya Verma,+91 9916042062,Other,33,Central,Regular,PROD0149,Smartphone 3905,BrandA,Electronics,Limited Edition,Eco-Friendly,5,₹20897.71,16,₹104488.55,₹87770.38,UPI,Refunded,Pickup,STORE003,Mumbai,EMP0013,Kavya Yadav
TXN0001291,2023-12-03,CUST01291,Arjun Verma,+91 9959585733,Male,46,North,Premium,PROD0025,Tablet 3526,BrandC,Electronics,Popular,Popular,9,₹41259.92,23,₹371339.28,₹285931.25,UPI,Cancelled,Express,STORE003,Chennai,EMP0021,Meera Reddy
TXN0001292,2023-12-17,CUST01292,Arjun Verma,+91 9685530769,Female,31,North,Regular,PROD0063,Headphones 2709,BrandE,Electronics,Sale,Premium,3,₹39561.98,8,₹118685.94,₹109191.06,UPI,Completed,Pickup,STORE010,Bangalore,EMP0041,Raj Patel
TXN0001293,2023-03-21,CUST01293,Priya Gupta,+91 9332153104,Other,44,Central,VIP,PROD0067,Textbook 8972,BrandC,Books,New,New,6,₹48771.71,29,₹292630.26,₹207767.48,Credit Card,Refunded,Standard,STORE018,Chennai,EMP0009,Raj Yadav
TXN0001294,2023-10-13,CUST01294,Arjun Agarwal,+91 9836081477,Male,48,Central,Regular,PROD0491,Jacket 4653,BrandD,Clothing,Eco-Friendly,Premium,2,₹41976.44,1,₹83952.88,₹83113.35,Wallet,Refunded,Standard,STORE019,Kolkata,EMP0023,Rohit Yadav
TXN0001295,2023-08-24,CUST01295,Kavya Sharma,+91 9868530399,Female,27,South,Premium,PROD0391,Yoga Mat 6623,BrandA,Sports,New,Eco-Friendly,10,₹49787.20,28,₹497872.00,₹358467.84,Wallet,Refunded,Same Day,STORE006,Bangalore,EMP0037,Sneha Reddy
TXN0001296,2024-06-08,CUST01296,Priya Yadav,+91 9303104513,Female,30,Central,Premium,PROD0185,Cricket Bat 964,BrandA,Sports,Premium,Limited Edition,8,₹12894.52,0,₹103156.16,₹103156.16,Credit Card,Pending,Same Day,STORE014,Chennai,EMP0028,Amit Joshi
TXN0001297,2024-11-23,CUST01297,Sneha Sharma,+91 9480555797,Female,66,West,Regular,PROD0479,Smartwatch 6331,BrandA,Electronics,Sale,Limited Edition,3,₹43401.53,0,₹130204.59,₹130204.59,UPI,Refunded,Express,STORE018,Bangalore,EMP0028,Meera Kumar
TXN0001298,2023-11-19,CUST01298,Anjali Joshi,+91 9881821360,Other,33,East,Regular,PROD0500,Cricket Bat 4271,BrandA,Sports,Limited Edition,Limited Edition,3,₹45683.32,25,₹137049.96,₹102787.47,Credit Card,Completed,Express,STORE006,Hyderabad,EMP0036,Rohit Sharma
TXN0001299,2023-11-30,CUST01299,Priya Gupta,+91 9179486689,Female,69,East,VIP,PROD0160,Comic 1286,BrandA,Books,Premium,Sale,8,₹13517.82,18,₹108142.56,₹88676.90,Debit Card,Cancelled,Express,STORE020,Chennai,EMP0029,Sneha Kumar
TXN0001300,2024-12-22,CUST01300,Arjun Joshi,+91 9624414035,Female,37,North,Premium,PROD0090,Smartphone 7702,BrandC,Electronics,Limited Edition,Popular,10,₹42218.44,24,₹422184.40,₹320860.14,Debit Card,Cancelled,Pickup,STORE012,Chennai,EMP0042,Rohit Sharma
TXN0001301,2024-05-10,CUST01301,Vikram Agarwal,+91 9387260545,Male,49,West,Premium,PROD0265,Groceries 406,BrandE,Food,Sale,New,5,₹49710.34,0,₹248551.70,₹248551.70,Debit Card,Refunded,Standard,STORE009,Hyderabad,EMP0005,Anjali Joshi
TXN0001302,2024-09-29,CUST01302,Amit Reddy,+91 9505248720,Male,40,North,Regular,PROD0422,Beverages 9899,BrandE,Food,Sale,Eco-Friendly,1,₹37762.33,5,₹37762.33,₹35874.21,Credit Card,Cancelled,Standard,STORE020,Bangalore,EMP0010,Rohit Gupta
TXN0001303,2023-07-30,CUST01303,Vikram Sharma,+91 9872909746,Female,28,Central,Regular,PROD0277,Snacks 8618,BrandA,Food,Eco-Friendly,Premium,10,₹14815.44,26,₹148154.40,₹109634.26,Cash,Cancelled,Pickup,STORE005,Delhi,EMP0041,Raj Kumar
TXN0001304,2023-11-04,CUST01304,Priya Patel,+91 9995663265,Female,50,West,Regular,PROD0162,Haircare 1444,BrandE,Beauty,Premium,Premium,9,₹43963.62,21,₹395672.58,₹312581.34,UPI,Refunded,Express,STORE008,Pune,EMP0024,Rohit Agarwal
TXN0001305,2024-02-23,CUST01305,Meera Sharma,+91 9823365354,Female,66,South,VIP,PROD0484,Yoga Mat 5717,BrandD,Sports,Popular,Premium,1,₹43231.70,30,₹43231.70,₹30262.19,UPI,Completed,Express,STORE016,Hyderabad,EMP0016,Vikram Yadav
TXN0001306,2024-10-24,CUST01306,Raj Agarwal,+91 9673877154,Female,57,Central,Regular,PROD0239,T-Shirt 8168,BrandC,Clothing,Popular,Popular,4,₹14073.66,20,₹56294.64,₹45035.71,Cash,Refunded,Express,STORE002,Pune,EMP0027,Raj Sharma
TXN0001307,2023-04-04,CUST01307,Sneha Gupta,+91 9509356340,Female,33,North,Premium,PROD0182,Cosmetics 2147,BrandB,Beauty,Sale,Premium,2,₹22783.97,21,₹45567.94,₹35998.67,Debit Card,Cancelled,Express,STORE015,Pune,EMP0028,Meera Gupta
TXN0001308,2024-07-16,CUST01308,Arjun Gupta,+91 9878995551,Other,23,West,VIP,PROD0044,Smartwatch 7045,BrandA,Electronics,Limited Edition,New,2,₹34831.70,21,₹69663.40,₹55034.09,UPI,Pending,Express,STORE012,Kolkata,EMP0020,Meera Verma
TXN0001309,2023-11-26,CUST01309,Sneha Patel,+91 9802032552,Other,48,South,VIP,PROD0413,Groceries 4827,BrandA,Food,New,Popular,1,₹48454.55,7,₹48454.55,₹45062.73,Net Banking,Completed,Same Day,STORE002,Kolkata,EMP0038,Arjun Sharma
TXN0001310,2024-09-02,CUST01310,Vikram Patel,+91 9093539748,Female,62,West,Premium,PROD0087,Comic 7926,BrandA,Books,New,Limited Edition,1,₹13490.30,3,₹13490.30,₹13085.59,Cash,Cancelled,Pickup,STORE004,Pune,EMP0028,Amit Verma
TXN0001311,2023-06-04,CUST01311,Raj Agarwal,+91 9340175591,Female,26,South,Premium,PROD0375,Beverages 7249,BrandE,Food,Sale,New,4,₹14057.53,14,₹56230.12,₹48357.90,Wallet,Completed,Pickup,STORE018,Pune,EMP0009,Anjali Verma
TXN0001312,2024-02-24,CUST01312,Sneha Yadav,+91 9336914745,Female,65,South,Regular,PROD0231,Kitchenware 3197,BrandD,Home & Living,Limited Edition,New,1,₹19253.88,5,₹19253.88,₹18291.19,Debit Card,Cancelled,Express,STORE008,Delhi,EMP0011,Amit Yadav
TXN0001313,2024-01-20,CUST01313,Meera Reddy,+91 9647221512,Other,57,North,Premium,PROD0341,Cookbook 5193,BrandB,Books,Limited Edition,Popular,9,₹24089.13,9,₹216802.17,₹197289.97,Wallet,Completed,Express,STORE012,Pune,EMP0001,Amit Joshi
TXN0001314,2023-04-09,CUST01314,Amit Yadav,+91 9482433767,Other,62,West,Premium,PROD0279,Dairy 3482,BrandE,Food,Sale,Premium,8,₹24811.46,0,₹198491.68,₹198491.68,Net Banking,Refunded,Pickup,STORE013,Pune,EMP0035,Anjali Kumar
TXN0001315,2023-03-10,CUST01315,Amit Kumar,+91 9458358942,Female,22,West,Premium,PROD0347,T-Shirt 627,BrandD,Clothing,Sale,Premium,10,₹35563.42,29,₹355634.20,₹252500.28,Debit Card,Pending,Standard,STORE014,Chennai,EMP0030,Meera Verma
TXN0001316,2023-10-15,CUST01316,Kavya Yadav,+91 9441557791,Female,24,Central,VIP,PROD0472,Smartphone 2848,BrandB,Electronics,Sale,New,4,₹5651.85,14,₹22607.40,₹19442.36,UPI,Completed,Same Day,STORE017,Hyderabad,EMP0010,Amit Yadav
TXN0001317,2024-08-18,CUST01317,Anjali Joshi,+91 9819750255,Other,39,South,Premium,PROD0077,Dairy 3569,BrandC,Food,Limited Edition,New,10,₹39359.18,20,₹393591.80,₹314873.44,Debit Card,Completed,Same Day,STORE017,Hyderabad,EMP0009,Arjun Singh
TXN0001318,2023-07-17,CUST01318,Meera Yadav,+91 9910600366,Female,26,North,Premium,PROD0218,Cookbook 5926,BrandC,Books,Eco-Friendly,New,8,₹36021.24,0,₹288169.92,₹288169.92,UPI,Refunded,Same Day,STORE019,Chennai,EMP0028,Amit Kumar
TXN0001319,2023-03-31,CUST01319,Kavya Joshi,+91 9327567363,Male,67,East,Regular,PROD0408,Makeup 7143,BrandA,Beauty,Eco-Friendly,Eco-Friendly,5,₹34252.85,28,₹171264.25,₹123310.26,Net Banking,Refunded,Standard,STORE003,Chennai,EMP0035,Kavya Sharma
TXN0001320,2024-10-14,CUST01320,Anjali Gupta,+91 9672271640,Other,60,Central,Regular,PROD0360,Tennis Racket 7630,BrandA,Sports,Popular,Limited Edition,3,₹33628.03,30,₹100884.09,₹70618.86,UPI,Completed,Standard,STORE015,Hyderabad,EMP0028,Raj Reddy
TXN0001321,2023-05-24,CUST01321,Priya Joshi,+91 9245117398,Female,58,West,Premium,PROD0220,Cosmetics 7303,BrandE,Beauty,Limited Edition,Limited Edition,5,₹6878.63,15,₹34393.15,₹29234.18,Cash,Pending,Same Day,STORE002,Chennai,EMP0014,Meera Joshi
TXN0001322,2024-04-28,CUST01322,Sneha Yadav,+91 9839766983,Female,24,Central,VIP,PROD0234,Perfume 7543,BrandC,Beauty,New,New,4,₹6045.17,22,₹24180.68,₹18860.93,Cash,Completed,Pickup,STORE008,Kolkata,EMP0021,Priya Gupta
TXN0001323,2023-11-01,CUST01323,Rohit Reddy,+91 9203835862,Male,62,West,Regular,PROD0188,Makeup 9450,BrandD,Beauty,Sale,Eco-Friendly,9,₹2281.19,1,₹20530.71,₹20325.40,Cash,Refunded,Same Day,STORE018,Mumbai,EMP0030,Meera Verma
TXN0001324,2024-01-14,CUST01324,Rohit Singh,+91 9380123448,Male,52,North,VIP,PROD0311,T-Shirt 5467,BrandE,Clothing,Eco-Friendly,Limited Edition,9,₹23991.98,11,₹215927.82,₹192175.76,Credit Card,Completed,Pickup,STORE001,Kolkata,EMP0025,Anjali Reddy
TXN0001325,2023-05-31,CUST01325,Sneha Kumar,+91 9497411861,Other,45,South,Regular,PROD0049,Dress 6902,BrandE,Clothing,New,Limited Edition,7,₹20055.52,22,₹140388.64,₹109503.14,Debit Card,Pending,Standard,STORE010,Bangalore,EMP0010,Raj Yadav
TXN0001326,2023-08-22,CUST01326,Sneha Reddy,+91 9181900119,Female,48,East,Regular,PROD0307,Decor 3035,BrandC,Home & Living,Popular,New,4,₹7401.33,20,₹29605.32,₹23684.26,Wallet,Refunded,Standard,STORE018,Hyderabad,EMP0022,Arjun Patel
TXN0001327,2024-12-13,CUST01327,Raj Sharma,+91 9694303948,Male,34,Central,Regular,PROD0124,Beverages 884,BrandC,Food,New,New,9,₹7605.39,1,₹68448.51,₹67764.02,Debit Card,Refunded,Standard,STORE008,Kolkata,EMP0030,Vikram Singh
TXN0001328,2024-02-02,CUST01328,Rohit Reddy,+91 9861871476,Male,68,North,VIP,PROD0397,Laptop 6276,BrandD,Electronics,Limited Edition,Premium,5,₹27103.23,2,₹135516.15,₹132805.83,UPI,Refunded,Same Day,STORE012,Delhi,EMP0008,Anjali Verma
TXN0001329,2024-08-18,CUST01329,Rohit Agarwal,+91 9264206661,Male,29,West,Premium,PROD0026,Jeans 3904,BrandE,Clothing,Eco-Friendly,Eco-Friendly,9,₹48616.44,22,₹437547.96,₹341287.41,Cash,Completed,Same Day,STORE003,Hyderabad,EMP0016,Priya Verma
TXN0001330,2024-11-28,CUST01330,Arjun Reddy,+91 9770431382,Male,28,Central,Premium,PROD0332,Lighting 2304,BrandB,Home & Living,Premium,Eco-Friendly,2,₹15307.84,7,₹30615.68,₹28472.58,Wallet,Refunded,Pickup,STORE009,Mumbai,EMP0050,Raj Kumar
TXN0001331,2024-09-08,CUST01331,Vikram Agarwal,+91 9256136271,Other,62,North,Regular,PROD0175,Jacket 4682,BrandB,Clothing,Eco-Friendly,Premium,8,₹24971.66,13,₹199773.28,₹173802.75,Credit Card,Completed,Same Day,STORE005,Hyderabad,EMP0019,Anjali Joshi
TXN0001332,2024-10-18,CUST01332,Kavya Singh,+91 9699816151,Female,36,East,VIP,PROD0009,Perfume 5353,BrandD,Beauty,Popular,New,6,₹43283.24,18,₹259699.44,₹212953.54,Net Banking,Pending,Same Day,STORE001,Mumbai,EMP0009,Kavya Joshi
TXN0001333,2023-12-06,CUST01333,Kavya Kumar,+91 9434660426,Female,32,North,Regular,PROD0356,Novel 213,BrandA,Books,Limited Edition,Sale,1,₹32069.52,30,₹32069.52,₹22448.66,UPI,Refunded,Standard,STORE018,Delhi,EMP0037,Anjali Sharma
TXN0001334,2024-10-06,CUST01334,Vikram Gupta,+91 9851322383,Other,50,West,Premium,PROD0088,Shirt 5796,BrandB,Clothing,Eco-Friendly,Premium,5,₹4495.18,1,₹22475.90,₹22251.14,Net Banking,Pending,Standard,STORE008,Chennai,EMP0032,Amit Gupta
TXN0001335,2024-10-14,CUST01335,Kavya Yadav,+91 9162549670,Female,20,East,Regular,PROD0343,Tablet 5533,BrandD,Electronics,Premium,Premium,3,₹33359.48,18,₹100078.44,₹82064.32,Cash,Completed,Standard,STORE003,Chennai,EMP0001,Kavya Reddy
TXN0001336,2024-01-03,CUST01336,Kavya Yadav,+91 9676396722,Other,29,Central,Premium,PROD0088,Skincare 1265,BrandC,Beauty,Premium,New,2,₹24942.54,18,₹49885.08,₹40905.77,Cash,Refunded,Same Day,STORE009,Mumbai,EMP0044,Arjun Joshi
TXN0001337,2024-09-11,CUST01337,Vikram Sharma,+91 9848212676,Other,66,West,VIP,PROD0039,Textbook 9027,BrandB,Books,Premium,Sale,6,₹14020.01,8,₹84120.06,₹77390.46,Debit Card,Refunded,Express,STORE003,Bangalore,EMP0003,Anjali Patel
TXN0001338,2024-07-02,CUST01338,Amit Agarwal,+91 9686567482,Female,19,Central,Premium,PROD0360,Frozen Food 4376,BrandB,Food,Limited Edition,New,2,₹3742.87,2,₹7485.74,₹7336.03,Net Banking,Refunded,Pickup,STORE012,Pune,EMP0023,Sneha Verma
TXN0001339,2023-05-13,CUST01339,Sneha Gupta,+91 9308859745,Other,63,South,VIP,PROD0161,Groceries 6534,BrandD,Food,Limited Edition,Sale,5,₹3334.03,28,₹16670.15,₹12002.51,Credit Card,Refunded,Express,STORE018,Pune,EMP0016,Vikram Sharma
TXN0001340,2024-02-17,CUST01340,Anjali Gupta,+91 9439803067,Male,23,South,Regular,PROD0317,Lighting 6455,BrandB,Home & Living,Limited Edition,Premium,8,₹44405.81,3,₹355246.48,₹344589.09,Net Banking,Refunded,Same Day,STORE012,Delhi,EMP0014,Raj Joshi
TXN0001341,2023-11-25,CUST01341,Anjali Kumar,+91 9852597890,Male,51,Central,Premium,PROD0186,Furniture 443,BrandA,Home & Living,Eco-Friendly,Premium,10,₹44047.39,7,₹440473.90,₹409640.73,Cash,Completed,Standard,STORE018,Mumbai,EMP0048,Raj Singh
TXN0001342,2023-05-28,CUST01342,Meera Kumar,+91 9908384594,Other,63,West,Regular,PROD0288,Skincare 987,BrandA,Beauty,Popular,New,4,₹30675.30,21,₹122701.20,₹96933.95,UPI,Refunded,Express,STORE009,Delhi,EMP0048,Priya Reddy
TXN0001343,2024-08-07,CUST01343,Rohit Gupta,+91 9342249941,Female,25,Central,VIP,PROD0295,Smartwatch 6467,BrandA,Electronics,Popular,New,3,₹25572.43,16,₹76717.29,₹64442.52,Cash,Pending,Same Day,STORE006,Mumbai,EMP0012,Raj Verma
TXN0001344,2023-03-31,CUST01344,Meera Singh,+91 9280599700,Other,28,Central,Regular,PROD0436,Jeans 138,BrandC,Clothing,Limited Edition,Eco-Friendly,2,₹31114.96,25,₹62229.92,₹46672.44,Debit Card,Completed,Same Day,STORE010,Hyderabad,EMP0026,Kavya Yadav
TXN0001345,2024-09-30,CUST01345,Arjun Joshi,+91 9855558017,Female,27,East,Premium,PROD0394,Kitchenware 6490,BrandE,Home & Living,Premium,Sale,7,₹8928.11,7,₹62496.77,₹58122.00,Net Banking,Completed,Express,STORE003,Pune,EMP0031,Priya Verma
TXN0001346,2024-08-14,CUST01346,Anjali Agarwal,+91 9941349932,Female,25,West,Regular,PROD0313,Tablet 303,BrandA,Electronics,New,Sale,6,₹11396.13,13,₹68376.78,₹59487.80,Net Banking,Pending,Express,STORE001,Delhi,EMP0046,Anjali Joshi
TXN0001347,2024-10-04,CUST01347,Rohit Joshi,+91 9104389471,Female,27,North,Regular,PROD0072,Beverages 8882,BrandC,Food,Premium,Sale,3,₹7903.98,21,₹23711.94,₹18732.43,Debit Card,Cancelled,Same Day,STORE012,Bangalore,EMP0017,Meera Joshi
TXN0001348,2023-06-27,CUST01348,Rohit Patel,+91 9759745628,Other,37,West,Regular,PROD0322,Football 4612,BrandB,Sports,Limited Edition,Sale,3,₹9651.38,17,₹28954.14,₹24031.94,Net Banking,Completed,Pickup,STORE011,Pune,EMP0006,Anjali Joshi
TXN0001349,2024-05-24,CUST01349,Raj Verma,+91 9333425379,Male,21,Central,VIP,PROD0083,Comic 3965,BrandD,Books,Sale,Sale,10,₹35481.45,16,₹354814.50,₹298044.18,Debit Card,Completed,Standard,STORE015,Chennai,EMP0010,Sneha Verma
TXN0001350,2023-11-02,CUST01350,Priya Patel,+91 9293337378,Male,49,West,Regular,PROD0475,Smartwatch 1181,BrandB,Electronics,Eco-Friendly,Limited Edition,2,₹45384.55,20,₹90769.10,₹72615.28,Net Banking,Completed,Standard,STORE016,Delhi,EMP0011,Sneha Singh
TXN0001351,2024-02-24,CUST01351,Arjun Patel,+91 9406892971,Female,60,East,VIP,PROD0124,Cosmetics 6296,BrandA,Beauty,Sale,Premium,6,₹11520.65,8,₹69123.90,₹63593.99,Credit Card,Cancelled,Same Day,STORE009,Delhi,EMP0045,Raj Singh
TXN0001352,2023-03-23,CUST01352,Amit Agarwal,+91 9064449513,Male,24,East,VIP,PROD0346,Furniture 3204,BrandE,Home & Living,Premium,New,2,₹30132.10,2,₹60264.20,₹59058.92,Cash,Completed,Standard,STORE013,Chennai,EMP0019,Amit Reddy
TXN0001353,2024-03-12,CUST01353,Amit Yadav,+91 9909341972,Male,43,Central,Regular,PROD0492,Tennis Racket 1476,BrandC,Sports,Eco-Friendly,Eco-Friendly,3,₹36332.44,3,₹108997.32,₹105727.40,UPI,Completed,Express,STORE001,Chennai,EMP0039,Raj Patel
TXN0001354,2023-07-08,CUST01354,Meera Reddy,+91 9119007490,Male,49,West,VIP,PROD0161,Football 6465,BrandB,Sports,Limited Edition,Premium,5,₹41856.89,17,₹209284.45,₹173706.09,Wallet,Pending,Same Day,STORE008,Mumbai,EMP0041,Amit Agarwal
TXN0001355,2023-11-25,CUST01355,Kavya Agarwal,+91 9606409163,Female,43,South,VIP,PROD0470,Gym Equipment 6472,BrandD,Sports,New,Limited Edition,1,₹34314.38,23,₹34314.38,₹26422.07,UPI,Cancelled,Pickup,STORE011,Delhi,EMP0012,Kavya Sharma
TXN0001356,2024-11-22,CUST01356,Kavya Singh,+91 9961343422,Male,27,West,Regular,PROD0373,Tennis Racket 5109,BrandC,Sports,Premium,Eco-Friendly,5,₹1388.45,20,₹6942.25,₹5553.80,Wallet,Pending,Express,STORE015,Mumbai,EMP0028,Rohit Joshi
TXN0001357,2023-04-17,CUST01357,Vikram Reddy,+91 9857947471,Other,38,Central,Premium,PROD0476,Laptop 5957,BrandA,Electronics,Limited Edition,Premium,8,₹31562.60,27,₹252500.80,₹184325.58,Net Banking,Refunded,Standard,STORE001,Bangalore,EMP0018,Priya Reddy
TXN0001358,2023-10-26,CUST01358,Arjun Patel,+91 9406120846,Other,63,Central,Premium,PROD0395,Football 6827,BrandC,Sports,New,New,7,₹43255.87,30,₹302791.09,₹211953.76,Net Banking,Refunded,Standard,STORE008,Hyderabad,EMP0035,Anjali Sharma
TXN0001359,2024-05-23,CUST01359,Arjun Joshi,+91 9157262941,Female,18,Central,VIP,PROD0036,Biography 9459,BrandC,Books,Limited Edition,Popular,6,₹14622.83,11,₹87736.98,₹78085.91,Wallet,Completed,Same Day,STORE001,Hyderabad,EMP0014,Raj Agarwal
TXN0001360,2023-07-11,CUST01360,Arjun Sharma,+91 9166480646,Male,26,South,Regular,PROD0314,Dairy 2891,BrandB,Food,New,New,10,₹4927.01,21,₹49270.10,₹38923.38,UPI,Cancelled,Same Day,STORE012,Mumbai,EMP0028,Amit Reddy
TXN0001361,2024-01-08,CUST01361,Vikram Verma,+91 9843853845,Other,18,North,VIP,PROD0328,Biography 4974,BrandE,Books,Limited Edition,Premium,3,₹32254.55,17,₹96763.65,₹80313.83,Credit Card,Completed,Standard,STORE014,Pune,EMP0004,Anjali Singh
TXN0001362,2024-02-01,CUST01362,Arjun Kumar,+91 9611542344,Male,55,South,Regular,PROD0062,Bedding 9262,BrandB,Home & Living,Sale,New,5,₹22076.37,22,₹110381.85,₹86097.84,UPI,Pending,Standard,STORE013,Mumbai,EMP0037,Anjali Agarwal
TXN0001363,2023-02-18,CUST01363,Vikram Kumar,+91 9320005345,Female,25,Central,VIP,PROD0296,Laptop 6802,BrandC,Electronics,New,New,9,₹16754.26,10,₹150788.34,₹135709.51,Credit Card,Cancelled,Express,STORE007,Hyderabad,EMP0040,Raj Patel
TXN0001364,2024-09-11,CUST01364,Priya Reddy,+91 9847370051,Other,56,South,VIP,PROD0076,Frozen Food 9643,BrandA,Food,Premium,Sale,6,₹17472.56,26,₹104835.36,₹77578.17,Credit Card,Completed,Same Day,STORE014,Chennai,EMP0008,Rohit Kumar
TXN0001365,2023-04-07,CUST01365,Arjun Joshi,+91 9536799989,Female,54,South,Premium,PROD0472,T-Shirt 3736,BrandD,Clothing,Eco-Friendly,Eco-Friendly,3,₹48508.70,26,₹145526.10,₹107689.31,Cash,Pending,Pickup,STORE002,Kolkata,EMP0004,Arjun Joshi
TXN0001366,2024-12-18,CUST01366,Priya Sharma,+91 9517217591,Other,24,West,VIP,PROD0455,Beverages 7370,BrandB,Food,Premium,Popular,1,₹39824.98,5,₹39824.98,₹37833.73,Credit Card,Pending,Express,STORE014,Chennai,EMP0038,Kavya Yadav
TXN0001367,2023-04-03,CUST01367,Anjali Verma,+91 9202128781,Female,64,North,Premium,PROD0416,Makeup 6782,BrandC,Beauty,Limited Edition,Limited Edition,5,₹11272.89,24,₹56364.45,₹42836.98,Cash,Completed,Express,STORE001,Delhi,EMP0009,Raj Gupta
TXN0001368,2024-04-01,CUST01368,Arjun Patel,+91 9078720559,Female,52,South,VIP,PROD0229,Laptop 3358,BrandB,Electronics,Popular,Eco-Friendly,8,₹44604.68,24,₹356837.44,₹271196.45,Cash,Cancelled,Same Day,STORE014,Delhi,EMP0033,Anjali Kumar
TXN0001369,2024-07-09,CUST01369,Vikram Reddy,+91 9573993601,Other,42,West,Premium,PROD0093,Comic 2690,BrandA,Books,New,Eco-Friendly,4,₹20683.86,9,₹82735.44,₹75289.25,Credit Card,Pending,Standard,STORE019,Delhi,EMP0028,Anjali Verma
TXN0001370,2023-07-26,CUST01370,Priya Patel,+91 9287877614,Other,21,Central,VIP,PROD0393,Cricket Bat 2919,BrandC,Sports,Limited Edition,Popular,3,₹37837.29,16,₹113511.87,₹95349.97,UPI,Pending,Express,STORE008,Pune,EMP0008,Raj Reddy
TXN0001371,2024-09-25,CUST01371,Raj Kumar,+91 9888535099,Other,33,West,VIP,PROD0393,Football 3159,BrandE,Sports,Premium,Popular,10,₹5263.13,20,₹52631.30,₹42105.04,UPI,Refunded,Express,STORE017,Pune,EMP0033,Priya Kumar
TXN0001372,2024-04-15,CUST01372,Anjali Reddy,+91 9305958078,Female,51,Central,Regular,PROD0045,Snacks 7390,BrandE,Food,Sale,Limited Edition,2,₹22212.84,16,₹44425.68,₹37317.57,Debit Card,Completed,Pickup,STORE006,Hyderabad,EMP0025,Kavya Singh
TXN0001373,2024-12-23,CUST01373,Sneha Kumar,+91 9048488673,Other,19,West,Premium,PROD0326,Jacket 7402,BrandE,Clothing,Popular,Popular,8,₹15312.71,4,₹122501.68,₹117601.61,Wallet,Completed,Standard,STORE006,Pune,EMP0029,Meera Verma
TXN0001374,2024-06-02,CUST01374,Meera Yadav,+91 9276156095,Male,49,West,VIP,PROD0207,Tennis Racket 110,BrandA,Sports,Sale,Popular,4,₹13080.71,26,₹52322.84,₹38718.90,Debit Card,Refunded,Pickup,STORE010,Delhi,EMP0004,Sneha Kumar
TXN0001375,2024-10-25,CUST01375,Raj Kumar,+91 9853743495,Male,68,North,Premium,PROD0181,Kitchenware 3786,BrandA,Home & Living,Premium,New,5,₹40924.57,13,₹204622.85,₹178021.88,Debit Card,Pending,Express,STORE014,Pune,EMP0033,Sneha Sharma
TXN0001376,2023-08-09,CUST01376,Arjun Agarwal,+91 9214144240,Female,28,Central,VIP,PROD0240,Haircare 1808,BrandB,Beauty,Premium,Premium,9,₹32578.78,29,₹293209.02,₹208178.40,Net Banking,Pending,Same Day,STORE005,Hyderabad,EMP0024,Priya Agarwal
TXN0001377,2023-02-24,CUST01377,Raj Yadav,+91 9899251039,Other,43,West,Premium,PROD0480,Jeans 5403,BrandB,Clothing,Sale,Popular,8,₹38348.37,4,₹306786.96,₹294515.48,Debit Card,Cancelled,Same Day,STORE018,Delhi,EMP0027,Amit Sharma
TXN0001378,2023-08-25,CUST01378,Vikram Sharma,+91 9838120067,Male,65,Central,Premium,PROD0420,Haircare 9641,BrandE,Beauty,New,Eco-Friendly,9,₹29105.39,24,₹261948.51,₹199080.87,Credit Card,Refunded,Express,STORE011,Delhi,EMP0013,Anjali Verma
TXN0001379,2023-04-07,CUST01379,Arjun Patel,+91 9303275671,Male,48,East,Premium,PROD0103,Jeans 7744,BrandA,Clothing,New,Premium,4,₹30287.26,5,₹121149.04,₹115091.59,Cash,Completed,Same Day,STORE009,Pune,EMP0003,Meera Reddy
TXN0001380,2023-11-15,CUST01380,Anjali Reddy,+91 9343761022,Other,58,South,Premium,PROD0320,Beverages 7381,BrandB,Food,Eco-Friendly,Eco-Friendly,2,₹38702.49,7,₹77404.98,₹71986.63,Net Banking,Completed,Standard,STORE012,Kolkata,EMP0016,Rohit Gupta
TXN0001381,2024-07-10,CUST01381,Vikram Joshi,+91 9050669152,Other,62,South,VIP,PROD0058,Comic 150,BrandD,Books,Eco-Friendly,Popular,1,₹37584.36,23,₹37584.36,₹28939.96,Cash,Refunded,Pickup,STORE012,Bangalore,EMP0028,Amit Sharma
TXN0001382,2024-10-01,CUST01382,Kavya Reddy,+91 9912623512,Male,35,Central,Premium,PROD0448,Kitchenware 2660,BrandC,Home & Living,Limited Edition,Premium,8,₹46678.67,28,₹373429.36,₹268869.14,Credit Card,Refunded,Express,STORE006,Chennai,EMP0049,Amit Patel
TXN0001383,2023-04-28,CUST01383,Raj Sharma,+91 9458363936,Other,55,South,Regular,PROD0021,Haircare 6735,BrandC,Beauty,New,New,6,₹31068.16,28,₹186408.96,₹134214.45,Credit Card,Completed,Same Day,STORE013,Chennai,EMP0010,Priya Agarwal
TXN0001384,2024-06-03,CUST01384,Vikram Yadav,+91 9001698369,Female,64,South,Premium,PROD0163,Makeup 3798,BrandD,Beauty,Eco-Friendly,Limited Edition,1,₹35339.48,13,₹35339.48,₹30745.35,UPI,Pending,Same Day,STORE009,Mumbai,EMP0016,Sneha Yadav
TXN0001385,2024-10-06,CUST01385,Anjali Verma,+91 9583181946,Female,49,North,Premium,PROD0498,Headphones 121,BrandC,Electronics,Popular,New,10,₹5484.99,21,₹54849.90,₹43331.42,UPI,Completed,Pickup,STORE007,Mumbai,EMP0014,Arjun Sharma
TXN0001386,2023-08-29,CUST01386,Meera Reddy,+91 9426190522,Male,29,East,Premium,PROD0208,Frozen Food 4046,BrandD,Food,Limited Edition,Eco-Friendly,6,₹1768.27,18,₹10609.62,₹8699.89,Debit Card,Refunded,Standard,STORE015,Delhi,EMP0007,Vikram Verma
TXN0001387,2023-09-28,CUST01387,Arjun Kumar,+91 9345190965,Male,58,South,VIP,PROD0036,Furniture 5306,BrandA,Home & Living,Limited Edition,Sale,2,₹7900.36,0,₹15800.72,₹15800.72,Net Banking,Refunded,Express,STORE009,Hyderabad,EMP0019,Kavya Kumar
TXN0001388,2023-02-07,CUST01388,Sneha Agarwal,+91 9823824442,Male,65,Central,VIP,PROD0317,Groceries 9485,BrandE,Food,Limited Edition,Popular,5,₹27218.85,24,₹136094.25,₹103431.63,Wallet,Refunded,Express,STORE018,Mumbai,EMP0022,Raj Patel
TXN0001389,2024-02-26,CUST01389,Vikram Verma,+91 9433767874,Female,31,East,Regular,PROD0368,Makeup 8228,BrandD,Beauty,Limited Edition,Popular,1,₹13975.02,5,₹13975.02,₹13276.27,Debit Card,Refunded,Pickup,STORE010,Delhi,EMP0036,Priya Kumar
TXN0001390,2023-05-02,CUST01390,Arjun Sharma,+91 9710868872,Female,21,South,Premium,PROD0382,Groceries 5216,BrandC,Food,Eco-Friendly,New,2,₹40698.98,18,₹81397.96,₹66746.33,Net Banking,Refunded,Express,STORE010,Chennai,EMP0039,Priya Reddy
TXN0001391,2024-12-28,CUST01391,Anjali Verma,+91 9683731855,Female,63,Central,Regular,PROD0253,Dress 5737,BrandA,Clothing,Eco-Friendly,Eco-Friendly,3,₹17118.35,16,₹51355.05,₹43138.24,Net Banking,Cancelled,Pickup,STORE007,Bangalore,EMP0042,Amit Yadav
TXN0001392,2024-11-14,CUST01392,Arjun Agarwal,+91 9014607815,Female,50,West,VIP,PROD0416,Haircare 5864,BrandA,Beauty,Sale,Limited Edition,6,₹47569.69,20,₹285418.14,₹228334.51,Credit Card,Refunded,Express,STORE014,Delhi,EMP0004,Priya Kumar
TXN0001393,2024-07-14,CUST01393,Kavya Reddy,+91 9122225216,Female,31,West,Regular,PROD0384,Furniture 6293,BrandA,Home & Living,Sale,Sale,5,₹15100.79,25,₹75503.95,₹56627.96,Wallet,Completed,Standard,STORE008,Kolkata,EMP0044,Kavya Agarwal
TXN0001394,2024-07-26,CUST01394,Rohit Yadav,+91 9693406173,Male,30,North,VIP,PROD0391,T-Shirt 4393,BrandE,Clothing,Popular,Popular,2,₹34113.64,6,₹68227.28,₹64133.64,Net Banking,Pending,Standard,STORE010,Chennai,EMP0050,Amit Singh
TXN0001395,2023-08-07,CUST01395,Rohit Reddy,+91 9601434535,Female,66,Central,Premium,PROD0449,Perfume 8457,BrandA,Beauty,Premium,Sale,7,₹834.55,28,₹5841.85,₹4206.13,Net Banking,Cancelled,Express,STORE008,Mumbai,EMP0045,Vikram Sharma
TXN0001396,2023-05-14,CUST01396,Anjali Joshi,+91 9194109734,Other,23,East,VIP,PROD0231,Furniture 3152,BrandE,Home & Living,Popular,New,5,₹24215.70,15,₹121078.50,₹102916.72,Wallet,Refunded,Standard,STORE010,Pune,EMP0008,Amit Joshi
TXN0001397,2023-02-09,CUST01397,Rohit Agarwal,+91 9542466382,Male,42,South,Premium,PROD0157,Yoga Mat 4480,BrandD,Sports,Eco-Friendly,Eco-Friendly,2,₹32393.03,21,₹64786.06,₹51180.99,Debit Card,Pending,Same Day,STORE012,Delhi,EMP0046,Kavya Joshi
TXN0001398,2023-04-30,CUST01398,Meera Kumar,+91 9502547410,Female,53,South,Premium,PROD0212,T-Shirt 9684,BrandB,Clothing,Popular,Limited Edition,1,₹22203.26,2,₹22203.26,₹21759.19,Debit Card,Pending,Express,STORE001,Pune,EMP0038,Rohit Gupta
TXN0001399,2023-10-23,CUST01399,Amit Sharma,+91 9109165449,Female,25,East,VIP,PROD0312,Biography 1837,BrandA,Books,Popular,Premium,4,₹11758.43,15,₹47033.72,₹39978.66,Net Banking,Pending,Pickup,STORE004,Chennai,EMP0011,Amit Yadav
TXN0001400,2023-01-29,CUST01400,Raj Kumar,+91 9547472793,Female,63,South,Regular,PROD0320,Kitchenware 5422,BrandB,Home & Living,New,Limited Edition,3,₹16736.45,0,₹50209.35,₹50209.35,Debit Card,Pending,Express,STORE011,Chennai,EMP0017,Raj Reddy
TXN0001401,2023-08-17,CUST01401,Meera Joshi,+91 9906949261,Female,64,West,VIP,PROD0121,Kitchenware 8135,BrandE,Home & Living,Eco-Friendly,Eco-Friendly,2,₹18523.26,4,₹37046.52,₹35564.66,Net Banking,Refunded,Standard,STORE018,Kolkata,EMP0028,Meera Patel
TXN0001402,2023-11-21,CUST01402,Meera Gupta,+91 9258528444,Other,64,North,VIP,PROD0367,Football 9700,BrandE,Sports,Limited Edition,Premium,9,₹45235.94,11,₹407123.46,₹362339.88,Debit Card,Refunded,Pickup,STORE007,Mumbai,EMP0012,Rohit Yadav
TXN0001403,2024-03-20,CUST01403,Vikram Singh,+91 9282665640,Female,43,West,VIP,PROD0168,Comic 5965,BrandD,Books,Popular,New,8,₹28709.28,30,₹229674.24,₹160771.97,Cash,Completed,Same Day,STORE009,Pune,EMP0039,Priya Reddy
TXN0001404,2024-12-16,CUST01404,Vikram Sharma,+91 9238644084,Female,62,North,Premium,PROD0059,Tennis Racket 3744,BrandE,Sports,Limited Edition,Popular,1,₹3989.73,10,₹3989.73,₹3590.76,Debit Card,Cancelled,Pickup,STORE005,Hyderabad,EMP0019,Meera Kumar
TXN0001405,2023-07-20,CUST01405,Anjali Joshi,+91 9206392227,Male,27,South,Regular,PROD0464,Shirt 8228,BrandD,Clothing,Premium,Eco-Friendly,4,₹22095.27,27,₹88381.08,₹64518.19,Cash,Cancelled,Same Day,STORE018,Kolkata,EMP0012,Amit Joshi
TXN0001406,2023-08-05,CUST01406,Arjun Patel,+91 9529036581,Other,56,South,Premium,PROD0038,Yoga Mat 8861,BrandB,Sports,Limited Edition,Limited Edition,6,₹31594.69,9,₹189568.14,₹172507.01,Net Banking,Pending,Pickup,STORE013,Pune,EMP0002,Raj Yadav
TXN0001407,2023-05-04,CUST01407,Arjun Verma,+91 9744424695,Male,24,West,Premium,PROD0233,Novel 770,BrandD,Books,Premium,Limited Edition,5,₹49768.43,25,₹248842.15,₹186631.61,Wallet,Refunded,Same Day,STORE012,Delhi,EMP0002,Rohit Patel
TXN0001408,2024-04-04,CUST01408,Arjun Patel,+91 9024138900,Other,69,North,Regular,PROD0258,Smartphone 4385,BrandE,Electronics,Premium,Limited Edition,1,₹1670.69,5,₹1670.69,₹1587.16,Net Banking,Cancelled,Standard,STORE020,Bangalore,EMP0033,Kavya Yadav
TXN0001409,2023-07-06,CUST01409,Vikram Joshi,+91 9138327546,Male,45,South,VIP,PROD0475,Kitchenware 3452,BrandB,Home & Living,Premium,Sale,3,₹42566.23,0,₹127698.69,₹127698.69,UPI,Cancelled,Same Day,STORE007,Bangalore,EMP0007,Arjun Agarwal
TXN0001410,2024-08-26,CUST01410,Rohit Verma,+91 9259724409,Female,59,North,Premium,PROD0078,T-Shirt 6987,BrandC,Clothing,Sale,Limited Edition,2,₹7640.52,9,₹15281.04,₹13905.75,Wallet,Pending,Express,STORE006,Chennai,EMP0009,Raj Joshi
TXN0001411,2023-02-09,CUST01411,Anjali Patel,+91 9203648652,Male,62,North,Premium,PROD0100,Laptop 1769,BrandC,Electronics,Sale,Premium,2,₹15935.52,6,₹31871.04,₹29958.78,Net Banking,Pending,Express,STORE019,Kolkata,EMP0018,Priya Singh
TXN0001412,2024-08-16,CUST01412,Meera Verma,+91 9903224192,Other,57,North,Premium,PROD0267,Tennis Racket 1012,BrandE,Sports,Sale,Popular,3,₹27063.29,7,₹81189.87,₹75506.58,Credit Card,Completed,Standard,STORE018,Pune,EMP0032,Raj Verma
TXN0001413,2024-04-29,CUST01413,Anjali Reddy,+91 9513100226,Female,55,Central,Regular,PROD0308,Dress 8932,BrandE,Clothing,New,New,9,₹14135.05,24,₹127215.45,₹96683.74,UPI,Refunded,Standard,STORE008,Chennai,EMP0034,Amit Singh
TXN0001414,2024-05-10,CUST01414,Rohit Sharma,+91 9853002826,Male,30,West,Premium,PROD0127,Biography 2090,BrandA,Books,Eco-Friendly,Limited Edition,3,₹4445.84,13,₹13337.52,₹11603.64,Net Banking,Completed,Same Day,STORE005,Bangalore,EMP0001,Priya Verma
TXN0001415,2024-06-05,CUST01415,Vikram Verma,+91 9175040837,Male,51,South,VIP,PROD0280,Tablet 4757,BrandB,Electronics,Eco-Friendly,Popular,9,₹17314.63,21,₹155831.67,₹123107.02,UPI,Refunded,Same Day,STORE010,Bangalore,EMP0026,Priya Reddy
TXN0001416,2023-06-29,CUST01416,Kavya Verma,+91 9784737415,Female,32,West,Premium,PROD0037,Shirt 3186,BrandB,Clothing,New,New,10,₹2692.31,2,₹26923.10,₹26384.64,Cash,Refunded,Same Day,STORE017,Hyderabad,EMP0040,Raj Agarwal
TXN0001417,2024-10-04,CUST01417,Priya Singh,+91 9105884127,Other,69,North,Premium,PROD0288,Laptop 8104,BrandA,Electronics,Eco-Friendly,Sale,9,₹30790.91,20,₹277118.19,₹221694.55,Wallet,Cancelled,Standard,STORE010,Pune,EMP0042,Anjali Patel
TXN0001418,2024-11-20,CUST01418,Kavya Verma,+91 9830149743,Other,68,East,VIP,PROD0210,Beverages 842,BrandA,Food,Premium,Popular,8,₹23342.25,23,₹186738.00,₹143788.26,Net Banking,Cancelled,Same Day,STORE016,Bangalore,EMP0042,Kavya Gupta
TXN0001419,2024-11-11,CUST01419,Vikram Patel,+91 9771686277,Female,63,West,Premium,PROD0025,Tablet 196,BrandA,Electronics,Limited Edition,Premium,1,₹28764.35,26,₹28764.35,₹21285.62,Credit Card,Pending,Same Day,STORE004,Bangalore,EMP0031,Amit Gupta
TXN0001420,2023-03-01,CUST01420,Raj Sharma,+91 9898339854,Female,56,East,Premium,PROD0294,Decor 7299,BrandE,Home & Living,Sale,Limited Edition,5,₹31258.27,3,₹156291.35,₹151602.61,UPI,Completed,Pickup,STORE019,Hyderabad,EMP0025,Priya Patel
TXN0001421,2023-09-18,CUST01421,Kavya Kumar,+91 9694590242,Male,48,East,Regular,PROD0262,Laptop 2080,BrandC,Electronics,Premium,Eco-Friendly,5,₹19447.79,1,₹97238.95,₹96266.56,UPI,Pending,Same Day,STORE002,Hyderabad,EMP0035,Kavya Singh
TXN0001422,2024-07-17,CUST01422,Kavya Kumar,+91 9517589742,Male,52,East,VIP,PROD0061,Novel 1940,BrandD,Books,Eco-Friendly,Premium,1,₹25346.41,16,₹25346.41,₹21290.98,Cash,Pending,Express,STORE009,Pune,EMP0012,Meera Reddy
TXN0001423,2023-11-15,CUST01423,Anjali Reddy,+91 9135663155,Male,38,Central,Regular,PROD0326,Cricket Bat 8857,BrandC,Sports,Sale,Premium,8,₹2901.83,19,₹23214.64,₹18803.86,UPI,Refunded,Pickup,STORE004,Pune,EMP0022,Arjun Reddy
TXN0001424,2024-07-16,CUST01424,Amit Agarwal,+91 9073580364,Female,69,South,Regular,PROD0038,Novel 9773,BrandB,Books,Premium,Sale,10,₹12963.07,4,₹129630.70,₹124445.47,Credit Card,Completed,Same Day,STORE009,Pune,EMP0043,Amit Singh
TXN0001425,2024-02-03,CUST01425,Raj Yadav,+91 9457186573,Male,57,East,Regular,PROD0245,Furniture 8746,BrandB,Home & Living,Limited Edition,Premium,8,₹22833.61,12,₹182668.88,₹160748.61,Cash,Pending,Standard,STORE007,Hyderabad,EMP0027,Anjali Kumar
TXN0001426,2023-11-07,CUST01426,Meera Joshi,+91 9092563038,Male,54,West,Premium,PROD0215,Smartwatch 2934,BrandD,Electronics,New,Sale,7,₹20845.62,23,₹145919.34,₹112357.89,Debit Card,Completed,Same Day,STORE005,Hyderabad,EMP0015,Vikram Kumar
TXN0001427,2024-07-24,CUST01427,Priya Verma,+91 9677872913,Male,25,East,Premium,PROD0196,Cricket Bat 1898,BrandD,Sports,Eco-Friendly,Sale,4,₹16837.00,10,₹67348.00,₹60613.20,Debit Card,Completed,Express,STORE005,Pune,EMP0007,Anjali Yadav
TXN0001428,2024-12-02,CUST01428,Rohit Joshi,+91 9583251819,Male,46,East,Premium,PROD0479,Dairy 3241,BrandA,Food,Limited Edition,Eco-Friendly,9,₹23765.26,2,₹213887.34,₹209609.59,Credit Card,Refunded,Pickup,STORE016,Chennai,EMP0018,Sneha Verma
TXN0001429,2024-10-15,CUST01429,Kavya Kumar,+91 9901461731,Male,64,Central,VIP,PROD0462,Headphones 4208,BrandB,Electronics,Eco-Friendly,Sale,6,₹8198.05,22,₹49188.30,₹38366.87,Debit Card,Cancelled,Express,STORE020,Delhi,EMP0005,Raj Patel
TXN0001430,2024-02-03,CUST01430,Anjali Gupta,+91 9492652835,Female,53,West,VIP,PROD0484,Haircare 3986,BrandB,Beauty,Sale,Premium,5,₹4345.66,18,₹21728.30,₹17817.21,Net Banking,Cancelled,Standard,STORE002,Delhi,EMP0031,Sneha Patel
TXN0001431,2023-11-26,CUST01431,Rohit Gupta,+91 9576695479,Female,26,North,Regular,PROD0027,Cosmetics 6504,BrandC,Beauty,Eco-Friendly,Sale,5,₹13949.29,24,₹69746.45,₹53007.30,UPI,Pending,Pickup,STORE009,Bangalore,EMP0017,Kavya Yadav
TXN0001432,2024-12-06,CUST01432,Rohit Joshi,+91 9837802961,Female,41,South,Premium,PROD0061,Furniture 3674,BrandA,Home & Living,Eco-Friendly,Premium,9,₹26476.75,13,₹238290.75,₹207312.95,Credit Card,Pending,Pickup,STORE011,Bangalore,EMP0047,Vikram Singh
TXN0001433,2023-04-14,CUST01433,Raj Reddy,+91 9375741561,Male,59,South,Regular,PROD0007,Dress 7290,BrandC,Clothing,Premium,Premium,10,₹22844.23,20,₹228442.30,₹182753.84,Credit Card,Refunded,Standard,STORE014,Bangalore,EMP0010,Amit Joshi
TXN0001434,2024-10-14,CUST01434,Kavya Singh,+91 9310185629,Other,58,Central,VIP,PROD0349,Laptop 6021,BrandE,Electronics,Limited Edition,Sale,6,₹28466.49,28,₹170798.94,₹122975.24,UPI,Cancelled,Pickup,STORE003,Chennai,EMP0003,Vikram Agarwal
TXN0001435,2023-10-09,CUST01435,Priya Patel,+91 9776165936,Other,33,West,VIP,PROD0158,Biography 7478,BrandC,Books,New,Eco-Friendly,3,₹22850.27,4,₹68550.81,₹65808.78,Net Banking,Completed,Express,STORE010,Mumbai,EMP0042,Meera Gupta
TXN0001436,2024-09-14,CUST01436,Anjali Agarwal,+91 9319765439,Male,67,East,VIP,PROD0217,Gym Equipment 6292,BrandA,Sports,Premium,New,3,₹2150.32,26,₹6450.96,₹4773.71,Net Banking,Cancelled,Pickup,STORE009,Bangalore,EMP0001,Priya Agarwal
TXN0001437,2023-03-05,CUST01437,Priya Kumar,+91 9830613941,Male,61,West,Premium,PROD0436,Perfume 7477,BrandC,Beauty,Eco-Friendly,Popular,9,₹4070.33,22,₹36632.97,₹28573.72,Net Banking,Pending,Standard,STORE014,Bangalore,EMP0028,Meera Joshi
TXN0001438,2023-10-17,CUST01438,Amit Joshi,+91 9425641413,Female,51,North,VIP,PROD0222,Frozen Food 1523,BrandB,Food,Eco-Friendly,Premium,1,₹34451.11,15,₹34451.11,₹29283.44,Net Banking,Completed,Standard,STORE001,Bangalore,EMP0045,Meera Patel
TXN0001439,2024-04-04,CUST01439,Vikram Yadav,+91 9158462507,Female,49,South,VIP,PROD0459,Comic 1270,BrandA,Books,New,Sale,5,₹39091.19,26,₹195455.95,₹144637.40,Credit Card,Refunded,Standard,STORE001,Pune,EMP0001,Raj Joshi
TXN0001440,2023-06-27,CUST01440,Anjali Yadav,+91 9784977290,Female,34,South,Regular,PROD0357,Perfume 2266,BrandB,Beauty,Eco-Friendly,Eco-Friendly,3,₹32792.50,11,₹98377.50,₹87555.98,Debit Card,Pending,Express,STORE012,Mumbai,EMP0015,Kavya Singh
TXN0001441,2024-12-27,CUST01441,Anjali Yadav,+91 9117005948,Other,50,East,VIP,PROD0145,Comic 9609,BrandC,Books,Premium,Limited Edition,8,₹28418.98,6,₹227351.84,₹213710.73,Wallet,Pending,Express,STORE020,Hyderabad,EMP0049,Amit Agarwal
TXN0001442,2024-12-01,CUST01442,Meera Verma,+91 9177862821,Female,57,West,VIP,PROD0101,Lighting 7160,BrandB,Home & Living,Popular,Limited Edition,3,₹28566.40,30,₹85699.20,₹59989.44,Cash,Cancelled,Express,STORE003,Mumbai,EMP0013,Arjun Verma
TXN0001443,2024-08-25,CUST01443,Vikram Reddy,+91 9558114204,Female,42,West,Regular,PROD0360,Jeans 9999,BrandC,Clothing,Limited Edition,Premium,8,₹12139.86,9,₹97118.88,₹88378.18,Net Banking,Refunded,Same Day,STORE003,Pune,EMP0003,Arjun Reddy
TXN0001444,2023-10-28,CUST01444,Kavya Joshi,+91 9917254868,Other,41,South,Premium,PROD0055,Yoga Mat 2194,BrandA,Sports,Limited Edition,New,3,₹13984.56,14,₹41953.68,₹36080.16,Debit Card,Refunded,Standard,STORE019,Pune,EMP0003,Rohit Singh
TXN0001445,2024-01-21,CUST01445,Arjun Patel,+91 9954703833,Female,27,South,Regular,PROD0206,Cricket Bat 7948,BrandA,Sports,Premium,Premium,10,₹16417.82,22,₹164178.20,₹128059.00,UPI,Completed,Pickup,STORE016,Mumbai,EMP0033,Sneha Yadav
TXN0001446,2023-03-16,CUST01446,Amit Verma,+91 9476071913,Other,58,Central,VIP,PROD0388,Cosmetics 9639,BrandD,Beauty,Premium,New,3,₹608.89,23,₹1826.67,₹1406.54,Debit Card,Refunded,Pickup,STORE013,Pune,EMP0012,Amit Patel
TXN0001447,2023-02-21,CUST01447,Anjali Reddy,+91 9964971153,Male,43,West,Premium,PROD0263,Tennis Racket 3203,BrandC,Sports,Sale,New,10,₹24605.12,28,₹246051.20,₹177156.86,Debit Card,Pending,Pickup,STORE013,Hyderabad,EMP0019,Rohit Yadav
TXN0001448,2024-05-04,CUST01448,Sneha Singh,+91 9075320383,Other,25,Central,Premium,PROD0083,Jacket 9655,BrandA,Clothing,Limited Edition,Sale,8,₹35867.97,20,₹286943.76,₹229555.01,UPI,Cancelled,Pickup,STORE015,Delhi,EMP0008,Amit Kumar
TXN0001449,2023-01-09,CUST01449,Arjun Gupta,+91 9883091491,Female,58,West,VIP,PROD0341,Beverages 5484,BrandD,Food,Premium,Limited Edition,6,₹14095.40,8,₹84572.40,₹77806.61,Credit Card,Completed,Express,STORE009,Bangalore,EMP0043,Kavya Verma
TXN0001450,2024-02-01,CUST01450,Priya Singh,+91 9079499414,Male,44,South,VIP,PROD0259,Groceries 454,BrandE,Food,Eco-Friendly,New,1,₹39138.17,8,₹39138.17,₹36007.12,Wallet,Completed,Same Day,STORE013,Mumbai,EMP0017,Rohit Singh
TXN0001451,2023-02-28,CUST01451,Meera Joshi,+91 9934431058,Other,32,Central,Regular,PROD0142,Biography 7969,BrandA,Books,New,Popular,7,₹23063.57,16,₹161444.99,₹135613.79,Wallet,Completed,Express,STORE003,Chennai,EMP0030,Rohit Gupta
TXN0001452,2023-07-17,CUST01452,Priya Agarwal,+91 9730993448,Female,59,North,Premium,PROD0167,Yoga Mat 7653,BrandB,Sports,New,Popular,5,₹38944.29,20,₹194721.45,₹155777.16,Credit Card,Refunded,Standard,STORE002,Delhi,EMP0027,Amit Singh
TXN0001453,2024-07-28,CUST01453,Vikram Yadav,+91 9784978174,Female,56,South,Regular,PROD0099,Beverages 4096,BrandB,Food,Sale,Sale,2,₹5312.71,1,₹10625.42,₹10519.17,Debit Card,Completed,Standard,STORE012,Bangalore,EMP0029,Rohit Kumar
TXN0001454,2024-03-17,CUST01454,Priya Yadav,+91 9246277754,Other,28,West,VIP,PROD0307,Decor 3250,BrandB,Home & Living,Sale,New,4,₹5527.46,17,₹22109.84,₹18351.17,UPI,Cancelled,Pickup,STORE015,Pune,EMP0037,Anjali Joshi
TXN0001455,2024-06-22,CUST01455,Raj Yadav,+91 9025625299,Female,61,East,VIP,PROD0124,Furniture 1372,BrandE,Home & Living,Premium,Popular,9,₹9172.10,15,₹82548.90,₹70166.57,Net Banking,Refunded,Pickup,STORE015,Pune,EMP0033,Sneha Verma
TXN0001456,2023-05-27,CUST01456,Meera Gupta,+91 9584651235,Female,54,North,Regular,PROD0330,Bedding 315,BrandC,Home & Living,Sale,Sale,6,₹35448.33,27,₹212689.98,₹155263.69,Wallet,Cancelled,Same Day,STORE016,Delhi,EMP0014,Kavya Sharma
TXN0001457,2023-05-24,CUST01457,Raj Sharma,+91 9922801849,Female,19,North,VIP,PROD0400,Novel 9646,BrandD,Books,Eco-Friendly,Popular,2,₹30127.26,12,₹60254.52,₹53023.98,Credit Card,Refunded,Same Day,STORE008,Pune,EMP0014,Meera Agarwal
TXN0001458,2024-03-29,CUST01458,Anjali Kumar,+91 9883126176,Female,21,Central,Premium,PROD0206,Shirt 4138,BrandD,Clothing,Eco-Friendly,Premium,7,₹22112.95,10,₹154790.65,₹139311.58,Wallet,Completed,Pickup,STORE016,Hyderabad,EMP0040,Kavya Sharma
TXN0001459,2023-08-11,CUST01459,Meera Reddy,+91 9178040322,Other,48,Central,VIP,PROD0375,Smartphone 4752,BrandB,Electronics,Premium,Sale,9,₹25510.41,20,₹229593.69,₹183674.95,Credit Card,Refunded,Same Day,STORE009,Pune,EMP0018,Vikram Kumar
TXN0001460,2024-08-17,CUST01460,Vikram Agarwal,+91 9906353043,Other,33,East,Regular,PROD0352,Kitchenware 1936,BrandC,Home & Living,Sale,Popular,4,₹349.14,25,₹1396.56,₹1047.42,UPI,Completed,Same Day,STORE004,Kolkata,EMP0027,Vikram Patel
TXN0001461,2024-05-13,CUST01461,Raj Kumar,+91 9189567809,Other,61,West,Regular,PROD0039,Perfume 9087,BrandD,Beauty,Premium,New,9,₹34009.01,6,₹306081.09,₹287716.22,Debit Card,Completed,Pickup,STORE003,Bangalore,EMP0027,Raj Joshi
TXN0001462,2023-07-08,CUST01462,Arjun Singh,+91 9959578446,Male,38,West,VIP,PROD0306,Textbook 1330,BrandD,Books,Popular,Limited Edition,2,₹2716.69,22,₹5433.38,₹4238.04,Wallet,Completed,Pickup,STORE020,Pune,EMP0023,Anjali Sharma
TXN0001463,2023-10-31,CUST01463,Rohit Gupta,+91 9550069254,Other,44,South,VIP,PROD0487,Shirt 3311,BrandA,Clothing,Eco-Friendly,Limited Edition,5,₹15514.41,6,₹77572.05,₹72917.73,Cash,Completed,Same Day,STORE013,Delhi,EMP0020,Rohit Agarwal
TXN0001464,2023-06-08,CUST01464,Rohit Sharma,+91 9558091760,Other,33,North,VIP,PROD0146,Textbook 3708,BrandD,Books,New,Limited Edition,7,₹22052.79,10,₹154369.53,₹138932.58,Net Banking,Cancelled,Standard,STORE011,Kolkata,EMP0046,Priya Reddy
TXN0001465,2023-07-18,CUST01465,Sneha Joshi,+91 9847695867,Other,33,West,Premium,PROD0220,Beverages 811,BrandE,Food,New,Sale,9,₹9156.06,0,₹82404.54,₹82404.54,Cash,Completed,Pickup,STORE006,Pune,EMP0004,Arjun Sharma
TXN0001466,2024-06-19,CUST01466,Amit Gupta,+91 9084907792,Other,34,South,VIP,PROD0221,Beverages 5829,BrandC,Food,Sale,Limited Edition,8,₹5098.38,8,₹40787.04,₹37524.08,Net Banking,Cancelled,Express,STORE015,Bangalore,EMP0048,Arjun Singh
TXN0001467,2024-03-05,CUST01467,Anjali Reddy,+91 9524294814,Other,40,East,Regular,PROD0131,Shirt 9818,BrandB,Clothing,Sale,Sale,5,₹33556.54,30,₹167782.70,₹117447.89,Cash,Cancelled,Pickup,STORE006,Pune,EMP0046,Sneha Gupta
TXN0001468,2023-06-14,CUST01468,Rohit Kumar,+91 9932524318,Male,69,West,VIP,PROD0082,Lighting 5561,BrandD,Home & Living,Popular,Popular,1,₹16184.37,20,₹16184.37,₹12947.50,Net Banking,Cancelled,Pickup,STORE020,Delhi,EMP0023,Rohit Agarwal
TXN0001469,2023-07-05,CUST01469,Amit Gupta,+91 9754976977,Male,64,North,Premium,PROD0118,Tablet 9243,BrandA,Electronics,Limited Edition,Premium,1,₹35818.34,18,₹35818.34,₹29371.04,Credit Card,Pending,Pickup,STORE017,Kolkata,EMP0024,Rohit Singh
TXN0001470,2024-05-05,CUST01470,Sneha Yadav,+91 9011550285,Male,24,West,Premium,PROD0053,Gym Equipment 2254,BrandC,Sports,Sale,Premium,8,₹24257.10,1,₹194056.80,₹192116.23,Cash,Refunded,Express,STORE010,Delhi,EMP0048,Arjun Singh
TXN0001471,2024-02-19,CUST01471,Kavya Sharma,+91 9354474021,Female,21,North,VIP,PROD0153,Snacks 6033,BrandE,Food,Premium,Limited Edition,2,₹5879.27,26,₹11758.54,₹8701.32,Wallet,Pending,Standard,STORE001,Bangalore,EMP0041,Anjali Verma
TXN0001472,2023-02-22,CUST01472,Meera Agarwal,+91 9786072951,Female,36,North,Premium,PROD0277,Frozen Food 6534,BrandA,Food,New,Premium,1,₹46249.70,0,₹46249.70,₹46249.70,Net Banking,Completed,Express,STORE004,Delhi,EMP0018,Kavya Patel
TXN0001473,2024-08-28,CUST01473,Meera Agarwal,+91 9373423967,Male,56,North,VIP,PROD0463,Snacks 5108,BrandA,Food,New,New,7,₹22771.10,29,₹159397.70,₹113172.37,UPI,Completed,Pickup,STORE012,Bangalore,EMP0039,Priya Kumar
TXN0001474,2023-08-03,CUST01474,Rohit Joshi,+91 9831540407,Female,23,West,VIP,PROD0153,Comic 1488,BrandD,Books,New,Eco-Friendly,9,₹42416.80,23,₹381751.20,₹293948.42,Wallet,Cancelled,Standard,STORE017,Bangalore,EMP0044,Raj Yadav
TXN0001475,2023-02-17,CUST01475,Amit Yadav,+91 9643095062,Other,57,East,Premium,PROD0355,Lighting 846,BrandB,Home & Living,Sale,New,2,₹28799.12,20,₹57598.24,₹46078.59,UPI,Completed,Express,STORE015,Chennai,EMP0032,Amit Reddy
TXN0001476,2023-05-18,CUST01476,Kavya Joshi,+91 9430901440,Male,62,East,Regular,PROD0222,Shirt 4083,BrandD,Clothing,Limited Edition,Eco-Friendly,1,₹49307.81,28,₹49307.81,₹35501.62,Net Banking,Refunded,Pickup,STORE002,Chennai,EMP0045,Meera Joshi
TXN0001477,2023-08-14,CUST01477,Kavya Sharma,+91 9878095050,Female,26,North,Regular,PROD0133,Smartphone 8154,BrandB,Electronics,Limited Edition,Sale,2,₹15610.97,16,₹31221.94,₹26226.43,Debit Card,Completed,Pickup,STORE018,Bangalore,EMP0019,Vikram Verma
TXN0001478,2023-05-08,CUST01478,Kavya Sharma,+91 9007853250,Female,67,East,Premium,PROD0449,Smartwatch 8009,BrandB,Electronics,Eco-Friendly,Sale,1,₹25285.19,1,₹25285.19,₹25032.34,Wallet,Pending,Express,STORE017,Bangalore,EMP0003,Rohit Sharma
TXN0001479,2024-04-21,CUST01479,Anjali Gupta,+91 9514180480,Male,28,South,Regular,PROD0480,Lighting 8791,BrandC,Home & Living,Premium,Premium,6,₹33348.16,9,₹200088.96,₹182080.95,Credit Card,Completed,Same Day,STORE016,Pune,EMP0026,Anjali Verma
TXN0001480,2024-01-12,CUST01480,Arjun Patel,+91 9572881512,Female,47,South,VIP,PROD0298,Jacket 3782,BrandC,Clothing,New,Limited Edition,6,₹23389.55,2,₹140337.30,₹137530.55,Credit Card,Refunded,Standard,STORE020,Bangalore,EMP0043,Priya Sharma
TXN0001481,2024-10-29,CUST01481,Vikram Sharma,+91 9269359975,Female,37,West,Regular,PROD0256,Comic 2114,BrandE,Books,Premium,Eco-Friendly,5,₹38653.97,9,₹193269.85,₹175875.56,Credit Card,Pending,Standard,STORE015,Kolkata,EMP0028,Rohit Gupta
TXN0001482,2023-11-08,CUST01482,Meera Patel,+91 9675920902,Male,58,Central,VIP,PROD0351,Football 134,BrandD,Sports,Eco-Friendly,Limited Edition,3,₹20631.78,10,₹61895.34,₹55705.81,UPI,Refunded,Pickup,STORE019,Bangalore,EMP0001,Raj Sharma
TXN0001483,2024-11-17,CUST01483,Meera Reddy,+91 9765390468,Male,37,South,Premium,PROD0048,Snacks 1874,BrandA,Food,Sale,Eco-Friendly,1,₹37937.03,23,₹37937.03,₹29211.51,Debit Card,Completed,Pickup,STORE008,Bangalore,EMP0038,Kavya Gupta
TXN0001484,2023-04-27,CUST01484,Priya Yadav,+91 9673237926,Male,45,Central,Premium,PROD0290,Makeup 1685,BrandA,Beauty,Premium,Popular,4,₹33513.95,22,₹134055.80,₹104563.52,Wallet,Pending,Pickup,STORE018,Chennai,EMP0046,Meera Agarwal
TXN0001485,2024-08-31,CUST01485,Arjun Joshi,+91 9189752130,Female,18,North,Premium,PROD0500,Shirt 1471,BrandB,Clothing,Popular,Popular,7,₹43502.04,4,₹304514.28,₹292333.71,Cash,Refunded,Express,STORE013,Mumbai,EMP0023,Amit Patel
TXN0001486,2024-01-03,CUST01486,Kavya Kumar,+91 9810614133,Female,63,West,VIP,PROD0097,Jacket 430,BrandA,Clothing,Popular,Eco-Friendly,8,₹28118.37,8,₹224946.96,₹206951.20,Credit Card,Refunded,Pickup,STORE010,Hyderabad,EMP0036,Meera Patel
TXN0001487,2023-07-02,CUST01487,Arjun Kumar,+91 9212659546,Female,50,West,VIP,PROD0365,Lighting 4861,BrandD,Home & Living,Popular,New,4,₹40292.24,3,₹161168.96,₹156333.89,Credit Card,Completed,Standard,STORE017,Chennai,EMP0027,Rohit Kumar
TXN0001488,2023-01-10,CUST01488,Raj Reddy,+91 9342647660,Other,64,East,Regular,PROD0075,Yoga Mat 780,BrandA,Sports,Sale,Sale,2,₹22543.71,3,₹45087.42,₹43734.80,Credit Card,Pending,Same Day,STORE019,Delhi,EMP0016,Amit Verma
TXN0001489,2024-02-28,CUST01489,Sneha Kumar,+91 9932467520,Other,18,Central,Premium,PROD0030,Furniture 3681,BrandE,Home & Living,Eco-Friendly,Eco-Friendly,4,₹38107.32,0,₹152429.28,₹152429.28,Debit Card,Completed,Express,STORE014,Hyderabad,EMP0011,Kavya Agarwal
TXN0001490,2023-12-24,CUST01490,Priya Agarwal,+91 9312726564,Other,62,South,Premium,PROD0259,Cricket Bat 3417,BrandE,Sports,Eco-Friendly,Premium,2,₹37378.66,15,₹74757.32,₹63543.72,UPI,Pending,Pickup,STORE014,Hyderabad,EMP0001,Amit Sharma
TXN0001491,2023-05-13,CUST01491,Arjun Joshi,+91 9122167609,Male,52,Central,Premium,PROD0299,Cookbook 2676,BrandE,Books,Sale,New,1,₹8740.01,8,₹8740.01,₹8040.81,Wallet,Pending,Express,STORE008,Bangalore,EMP0003,Priya Patel
TXN0001492,2023-09-27,CUST01492,Amit Sharma,+91 9094251667,Male,43,South,VIP,PROD0284,Laptop 709,BrandD,Electronics,Eco-Friendly,New,9,₹17487.32,1,₹157385.88,₹155812.02,Wallet,Refunded,Same Day,STORE013,Mumbai,EMP0007,Sneha Reddy
TXN0001493,2023-02-08,CUST01493,Rohit Patel,+91 9590602776,Male,51,North,VIP,PROD0429,Jeans 7894,BrandC,Clothing,Limited Edition,Sale,1,₹43159.64,11,₹43159.64,₹38412.08,Net Banking,Completed,Same Day,STORE004,Pune,EMP0002,Raj Kumar
TXN0001494,2023-12-01,CUST01494,Priya Singh,+91 9940360969,Female,56,South,VIP,PROD0252,Gym Equipment 2337,BrandB,Sports,New,Limited Edition,10,₹8275.09,21,₹82750.90,₹65373.21,UPI,Completed,Standard,STORE002,Pune,EMP0027,Kavya Kumar
TXN0001495,2023-11-13,CUST01495,Raj Singh,+91 9281934982,Female,20,Central,VIP,PROD0277,Cricket Bat 526,BrandD,Sports,New,Limited Edition,2,₹4646.36,24,₹9292.72,₹7062.47,Net Banking,Completed,Express,STORE017,Hyderabad,EMP0019,Amit Joshi
TXN0001496,2023-09-24,CUST01496,Kavya Joshi,+91 9165184884,Other,34,Central,Premium,PROD0234,Novel 3015,BrandD,Books,Eco-Friendly,Premium,7,₹37666.45,4,₹263665.15,₹253118.54,Net Banking,Refunded,Standard,STORE006,Delhi,EMP0020,Meera Kumar
TXN0001497,2024-03-14,CUST01497,Rohit Yadav,+91 9398170621,Male,45,East,Premium,PROD0290,Jeans 7675,BrandD,Clothing,Sale,Popular,5,₹7829.71,2,₹39148.55,₹38365.58,Credit Card,Refunded,Same Day,STORE016,Pune,EMP0036,Kavya Joshi
TXN0001498,2024-10-22,CUST01498,Arjun Kumar,+91 9271657326,Male,21,North,Premium,PROD0437,Tennis Racket 8244,BrandB,Sports,Popular,New,8,₹4292.43,16,₹34339.44,₹28845.13,Wallet,Completed,Same Day,STORE008,Bangalore,EMP0006,Rohit Joshi
TXN0001499,2024-02-22,CUST01499,Vikram Sharma,+91 9399430049,Female,32,Central,Premium,PROD0176,Gym Equipment 4914,BrandD,Sports,Limited Edition,Limited Edition,3,₹11166.34,12,₹33499.02,₹29479.14,UPI,Cancelled,Same Day,STORE005,Kolkata,EMP0012,Vikram Gupta
TXN0001500,2024-04-02,CUST01500,Sneha Patel,+91 9277205092,Male,52,West,Regular,PROD0491,Headphones 434,BrandE,Electronics,Limited Edition,Popular,10,₹33760.90,6,₹337609.00,₹317352.46,Net Banking,Refunded,Standard,STORE008,Delhi,EMP0048,Kavya Agarwal
TXN0001501,2023-11-11,CUST01501,Amit Yadav,+91 9922416590,Other,65,East,Regular,PROD0045,Makeup 4880,BrandA,Beauty,Sale,New,3,₹21361.84,1,₹64085.52,₹63444.66,Net Banking,Completed,Pickup,STORE009,Mumbai,EMP0039,Rohit Gupta
TXN0001502,2023-01-01,CUST01502,Priya Agarwal,+91 9047764990,Female,21,West,Premium,PROD0290,Tennis Racket 8351,BrandD,Sports,Premium,New,5,₹42346.52,10,₹211732.60,₹190559.34,Credit Card,Refunded,Pickup,STORE018,Kolkata,EMP0046,Vikram Kumar
TXN0001503,2024-01-13,CUST01503,Rohit Yadav,+91 9465193547,Male,40,South,VIP,PROD0205,Biography 6109,BrandC,Books,Sale,Eco-Friendly,4,₹38600.40,10,₹154401.60,₹138961.44,Cash,Refunded,Standard,STORE005,Pune,EMP0037,Rohit Joshi
TXN0001504,2024-05-29,CUST01504,Vikram Yadav,+91 9522121952,Female,43,West,Premium,PROD0334,Cricket Bat 4010,BrandA,Sports,Eco-Friendly,Limited Edition,9,₹25647.73,29,₹230829.57,₹163888.99,Cash,Cancelled,Pickup,STORE015,Delhi,EMP0007,Anjali Verma
TXN0001505,2024-04-16,CUST01505,Sneha Sharma,+91 9662635311,Male,23,North,Regular,PROD0395,Dairy 8625,BrandB,Food,Limited Edition,Limited Edition,1,₹14917.96,25,₹14917.96,₹11188.47,Net Banking,Pending,Same Day,STORE002,Bangalore,EMP0036,Meera Sharma
TXN0001506,2023-08-08,CUST01506,Priya Patel,+91 9101903454,Other,50,North,Regular,PROD0068,Beverages 9854,BrandE,Food,Premium,Sale,2,₹10493.95,15,₹20987.90,₹17839.72,UPI,Cancelled,Pickup,STORE006,Delhi,EMP0049,Kavya Patel
TXN0001507,2024-09-28,CUST01507,Arjun Gupta,+91 9852698240,Other,20,East,Premium,PROD0400,Gym Equipment 3136,BrandE,Sports,Limited Edition,Sale,4,₹34174.34,29,₹136697.36,₹97055.13,Net Banking,Refunded,Express,STORE005,Bangalore,EMP0020,Rohit Patel
TXN0001508,2024-12-06,CUST01508,Raj Singh,+91 9030525607,Other,38,Central,VIP,PROD0176,Snacks 2780,BrandE,Food,Premium,New,3,₹32598.79,5,₹97796.37,₹92906.55,Wallet,Cancelled,Standard,STORE003,Pune,EMP0003,Anjali Kumar
TXN0001509,2024-12-25,CUST01509,Sneha Yadav,+91 9229593970,Male,39,East,Premium,PROD0080,Beverages 9754,BrandC,Food,Sale,Sale,9,₹43280.16,10,₹389521.44,₹350569.30,UPI,Cancelled,Express,STORE005,Delhi,EMP0018,Vikram Singh
TXN0001510,2023-10-20,CUST01510,Raj Patel,+91 9099183455,Other,36,East,Regular,PROD0389,Beverages 6382,BrandB,Food,Sale,Sale,6,₹49467.10,23,₹296802.60,₹228538.00,Credit Card,Cancelled,Same Day,STORE014,Hyderabad,EMP0042,Vikram Kumar
TXN0001511,2024-12-17,CUST01511,Arjun Singh,+91 9855725221,Female,59,West,VIP,PROD0013,Groceries 9347,BrandB,Food,Premium,Limited Edition,10,₹35521.48,4,₹355214.80,₹341006.21,Wallet,Pending,Standard,STORE014,Pune,EMP0023,Kavya Yadav
TXN0001512,2024-01-01,CUST01512,Priya Gupta,+91 9667760353,Male,46,East,VIP,PROD0329,Frozen Food 9805,BrandD,Food,Premium,Premium,8,₹12110.42,26,₹96883.36,₹71693.69,UPI,Pending,Pickup,STORE004,Bangalore,EMP0035,Raj Patel
TXN0001513,2024-10-25,CUST01513,Vikram Verma,+91 9304955544,Other,58,West,VIP,PROD0277,Decor 582,BrandD,Home & Living,Limited Edition,Premium,9,₹44984.00,14,₹404856.00,₹348176.16,Net Banking,Refunded,Same Day,STORE007,Mumbai,EMP0026,Arjun Yadav
TXN0001514,2024-04-13,CUST01514,Amit Joshi,+91 9108111255,Other,44,South,VIP,PROD0132,Comic 9963,BrandD,Books,Popular,Sale,6,₹7449.30,26,₹44695.80,₹33074.89,Credit Card,Cancelled,Same Day,STORE006,Delhi,EMP0043,Anjali Joshi
TXN0001515,2023-03-09,CUST01515,Raj Verma,+91 9246815508,Other,58,North,Regular,PROD0150,Haircare 5372,BrandD,Beauty,Eco-Friendly,Eco-Friendly,3,₹47615.79,6,₹142847.37,₹134276.53,Debit Card,Completed,Pickup,STORE016,Mumbai,EMP0037,Sneha Verma
TXN0001516,2024-11-24,CUST01516,Meera Kumar,+91 9767960680,Female,53,Central,Regular,PROD0447,Skincare 9798,BrandD,Beauty,Premium,Sale,3,₹4716.72,27,₹14150.16,₹10329.62,UPI,Refunded,Same Day,STORE001,Hyderabad,EMP0026,Raj Agarwal
TXN0001517,2024-12-27,CUST01517,Kavya Joshi,+91 9256494800,Other,26,East,VIP,PROD0238,Beverages 8587,BrandD,Food,Sale,Limited Edition,9,₹27023.24,18,₹243209.16,₹199431.51,UPI,Pending,Standard,STORE003,Delhi,EMP0004,Amit Patel
TXN0001518,2024-08-16,CUST01518,Vikram Verma,+91 9051969029,Male,46,South,Regular,PROD0066,Makeup 644,BrandD,Beauty,Eco-Friendly,Popular,5,₹39223.60,24,₹196118.00,₹149049.68,Net Banking,Cancelled,Standard,STORE013,Chennai,EMP0001,Anjali Kumar
TXN0001519,2023-01-16,CUST01519,Raj Patel,+91 9401623307,Other,26,East,VIP,PROD0343,Cookbook 419,BrandC,Books,Premium,Premium,9,₹14783.34,26,₹133050.06,₹98457.04,Cash,Completed,Standard,STORE005,Chennai,EMP0044,Sneha Patel
TXN0001520,2023-11-13,CUST01520,Rohit Yadav,+91 9152285934,Other,33,North,Regular,PROD0060,Smartphone 8577,BrandD,Electronics,Popular,Sale,7,₹5142.54,27,₹35997.78,₹26278.38,Debit Card,Refunded,Same Day,STORE002,Delhi,EMP0044,Amit Patel
TXN0001521,2023-06-22,CUST01521,Priya Singh,+91 9771451901,Other,26,North,VIP,PROD0496,Furniture 5612,BrandC,Home & Living,Premium,Limited Edition,7,₹24312.89,3,₹170190.23,₹165084.52,Wallet,Cancelled,Pickup,STORE020,Mumbai,EMP0037,Vikram Agarwal
TXN0001522,2024-01-07,CUST01522,Meera Gupta,+91 9187622153,Male,54,Central,Regular,PROD0162,Skincare 7679,BrandA,Beauty,Sale,Sale,10,₹34511.73,17,₹345117.30,₹286447.36,Net Banking,Pending,Express,STORE016,Pune,EMP0024,Priya Joshi
TXN0001523,2023-08-21,CUST01523,Amit Verma,+91 9492110955,Female,18,South,Premium,PROD0428,Lighting 8006,BrandC,Home & Living,Sale,New,4,₹3387.87,18,₹13551.48,₹11112.21,Net Banking,Cancelled,Express,STORE004,Delhi,EMP0043,Kavya Gupta
TXN0001524,2023-12-13,CUST01524,Sneha Patel,+91 9604631288,Female,36,Central,Premium,PROD0374,Smartphone 9099,BrandA,Electronics,Popular,Eco-Friendly,10,₹2950.49,26,₹29504.90,₹21833.63,UPI,Completed,Express,STORE016,Bangalore,EMP0004,Amit Yadav
TXN0001525,2023-05-23,CUST01525,Raj Reddy,+91 9513492734,Male,63,Central,Premium,PROD0328,Biography 5711,BrandA,Books,Eco-Friendly,Eco-Friendly,10,₹23042.15,0,₹230421.50,₹230421.50,Wallet,Pending,Express,STORE002,Hyderabad,EMP0048,Rohit Patel
TXN0001526,2023-08-01,CUST01526,Meera Sharma,+91 9557399209,Male,22,East,Regular,PROD0289,Biography 7181,BrandE,Books,Limited Edition,Popular,3,₹48941.84,17,₹146825.52,₹121865.18,Credit Card,Pending,Standard,STORE001,Delhi,EMP0006,Raj Verma
TXN0001527,2024-09-25,CUST01527,Anjali Kumar,+91 9424688550,Other,29,South,Premium,PROD0311,Football 9739,BrandC,Sports,Sale,Popular,5,₹12251.40,29,₹61257.00,₹43492.47,Cash,Refunded,Standard,STORE008,Hyderabad,EMP0025,Vikram Gupta
TXN0001528,2024-11-14,CUST01528,Rohit Patel,+91 9784353767,Male,33,South,Regular,PROD0393,Football 6621,BrandB,Sports,Limited Edition,Premium,7,₹42375.21,4,₹296626.47,₹284761.41,Credit Card,Pending,Express,STORE001,Bangalore,EMP0018,Meera Singh
TXN0001529,2024-11-17,CUST01529,Amit Singh,+91 9395873312,Male,24,West,VIP,PROD0345,Cookbook 9530,BrandC,Books,Sale,Sale,6,₹21737.95,17,₹130427.70,₹108254.99,Net Banking,Pending,Standard,STORE013,Chennai,EMP0012,Meera Agarwal
TXN0001530,2024-12-10,CUST01530,Meera Reddy,+91 9605803924,Female,23,Central,VIP,PROD0223,Makeup 766,BrandA,Beauty,Sale,Sale,1,₹38035.56,5,₹38035.56,₹36133.78,Credit Card,Pending,Same Day,STORE018,Delhi,EMP0032,Sneha Singh
TXN0001531,2024-12-18,CUST01531,Raj Reddy,+91 9058580019,Other,41,East,Premium,PROD0246,Makeup 2909,BrandC,Beauty,New,Limited Edition,6,₹31333.82,0,₹188002.92,₹188002.92,Wallet,Pending,Same Day,STORE009,Bangalore,EMP0044,Anjali Yadav
TXN0001532,2024-10-08,CUST01532,Meera Patel,+91 9854468498,Female,63,South,Regular,PROD0103,Jeans 1653,BrandE,Clothing,New,Premium,3,₹33620.28,26,₹100860.84,₹74637.02,UPI,Cancelled,Same Day,STORE004,Pune,EMP0047,Amit Singh
TXN0001533,2023-02-03,CUST01533,Kavya Sharma,+91 9418657642,Female,23,South,Regular,PROD0325,Tennis Racket 1613,BrandC,Sports,New,New,10,₹11927.87,1,₹119278.70,₹118085.91,Cash,Pending,Express,STORE006,Bangalore,EMP0004,Anjali Kumar
TXN0001534,2024-12-11,CUST01534,Vikram Gupta,+91 9762723183,Other,59,Central,Regular,PROD0114,Beverages 6178,BrandA,Food,Popular,Popular,3,₹39582.85,14,₹118748.55,₹102123.75,Credit Card,Cancelled,Express,STORE010,Bangalore,EMP0012,Anjali Yadav
TXN0001535,2023-04-28,CUST01535,Kavya Patel,+91 9270003871,Female,51,South,Regular,PROD0066,Groceries 5961,BrandB,Food,Limited Edition,Limited Edition,3,₹3928.22,14,₹11784.66,₹10134.81,Credit Card,Pending,Pickup,STORE005,Hyderabad,EMP0047,Vikram Patel
TXN0001536,2023-11-29,CUST01536,Priya Verma,+91 9054906693,Female,27,South,Regular,PROD0292,Tablet 5704,BrandE,Electronics,Premium,Premium,7,₹4857.29,21,₹34001.03,₹26860.81,Cash,Refunded,Pickup,STORE002,Pune,EMP0015,Sneha Reddy
TXN0001537,2024-10-06,CUST01537,Rohit Agarwal,+91 9766539405,Male,65,South,Regular,PROD0032,Dress 2672,BrandD,Clothing,Popular,Sale,10,₹18968.28,25,₹189682.80,₹142262.10,Wallet,Refunded,Pickup,STORE002,Delhi,EMP0010,Arjun Agarwal
TXN0001538,2023-05-02,CUST01538,Amit Sharma,+91 9219180045,Female,41,Central,VIP,PROD0236,Dress 2011,BrandE,Clothing,Premium,Limited Edition,3,₹6667.42,22,₹20002.26,₹15601.76,Wallet,Cancelled,Express,STORE009,Chennai,EMP0011,Meera Gupta
TXN0001539,2024-11-13,CUST01539,Sneha Reddy,+91 9312576624,Other,24,East,Regular,PROD0121,Furniture 2996,BrandC,Home & Living,Sale,Popular,7,₹31880.85,12,₹223165.95,₹196386.04,Credit Card,Cancelled,Express,STORE019,Delhi,EMP0020,Kavya Singh
TXN0001540,2024-08-25,CUST01540,Raj Kumar,+91 9718452926,Female,34,South,VIP,PROD0488,Dress 342,BrandB,Clothing,Popular,Premium,5,₹8464.60,27,₹42323.00,₹30895.79,Cash,Pending,Pickup,STORE019,Pune,EMP0028,Amit Reddy
TXN0001541,2024-05-13,CUST01541,Priya Joshi,+91 9854229233,Female,58,East,VIP,PROD0438,Biography 4491,BrandC,Books,Limited Edition,Popular,9,₹23813.80,23,₹214324.20,₹165029.63,Cash,Refunded,Same Day,STORE009,Delhi,EMP0012,Anjali Sharma
TXN0001542,2023-12-18,CUST01542,Kavya Kumar,+91 9234490008,Female,49,East,VIP,PROD0089,Skincare 8342,BrandC,Beauty,Premium,Popular,4,₹45514.47,30,₹182057.88,₹127440.52,Debit Card,Refunded,Express,STORE017,Chennai,EMP0028,Rohit Patel
TXN0001543,2023-09-09,CUST01543,Priya Reddy,+91 9544402767,Other,60,South,Premium,PROD0479,Comic 567,BrandC,Books,Popular,New,8,₹4615.31,0,₹36922.48,₹36922.48,UPI,Completed,Pickup,STORE020,Delhi,EMP0034,Vikram Agarwal
TXN0001544,2024-05-01,CUST01544,Arjun Singh,+91 9321368918,Male,55,North,Premium,PROD0058,Perfume 1103,BrandD,Beauty,New,Limited Edition,1,₹22105.18,23,₹22105.18,₹17020.99,Wallet,Completed,Express,STORE017,Chennai,EMP0033,Meera Kumar
TXN0001545,2023-01-29,CUST01545,Kavya Verma,+91 9454389348,Male,43,North,VIP,PROD0372,Biography 6982,BrandC,Books,Sale,Limited Edition,6,₹35416.27,15,₹212497.62,₹180622.98,UPI,Pending,Standard,STORE007,Mumbai,EMP0007,Arjun Singh
TXN0001546,2024-06-23,CUST01546,Priya Agarwal,+91 9539874594,Other,52,North,VIP,PROD0442,Textbook 4822,BrandD,Books,Sale,Popular,10,₹41342.34,12,₹413423.40,₹363812.59,Debit Card,Completed,Standard,STORE018,Delhi,EMP0041,Vikram Gupta
TXN0001547,2024-11-21,CUST01547,Arjun Joshi,+91 9535344425,Female,61,East,Premium,PROD0180,Skincare 9147,BrandB,Beauty,New,Limited Edition,4,₹32930.58,21,₹131722.32,₹104060.63,Debit Card,Pending,Pickup,STORE013,Mumbai,EMP0003,Sneha Yadav
TXN0001548,2023-07-04,CUST01548,Kavya Joshi,+91 9113606381,Male,43,South,VIP,PROD0202,Dairy 7049,BrandA,Food,New,Eco-Friendly,4,₹24930.71,1,₹99722.84,₹98725.61,UPI,Refunded,Pickup,STORE003,Pune,EMP0023,Amit Yadav
TXN0001549,2023-09-13,CUST01549,Sneha Sharma,+91 9519371373,Male,28,South,VIP,PROD0204,Decor 106,BrandD,Home & Living,Limited Edition,Limited Edition,10,₹12344.03,16,₹123440.30,₹103689.85,Debit Card,Cancelled,Same Day,STORE015,Pune,EMP0027,Meera Singh
TXN0001550,2024-05-29,CUST01550,Vikram Reddy,+91 9260184705,Female,66,West,Premium,PROD0053,Bedding 9539,BrandD,Home & Living,Premium,Sale,6,₹41397.47,6,₹248384.82,₹233481.73,Credit Card,Pending,Express,STORE010,Chennai,EMP0022,Anjali Reddy
TXN0001551,2024-04-04,CUST01551,Kavya Joshi,+91 9675001700,Female,31,West,VIP,PROD0470,Gym Equipment 1586,BrandE,Sports,New,Premium,3,₹32848.05,9,₹98544.15,₹89675.18,Wallet,Pending,Same Day,STORE004,Chennai,EMP0015,Raj Verma
TXN0001552,2024-07-23,CUST01552,Meera Agarwal,+91 9888287543,Other,34,North,Premium,PROD0122,T-Shirt 6339,BrandD,Clothing,New,Popular,5,₹12907.25,25,₹64536.25,₹48402.19,UPI,Cancelled,Express,STORE007,Delhi,EMP0030,Amit Singh
TXN0001553,2024-08-26,CUST01553,Anjali Yadav,+91 9770996185,Male,41,East,Regular,PROD0079,Smartwatch 6707,BrandB,Electronics,Premium,Eco-Friendly,1,₹21170.84,1,₹21170.84,₹20959.13,Credit Card,Refunded,Express,STORE001,Bangalore,EMP0015,Vikram Patel
TXN0001554,2024-06-21,CUST01554,Raj Patel,+91 9085665129,Other,55,North,Premium,PROD0306,Dress 6628,BrandB,Clothing,New,Premium,1,₹42094.34,1,₹42094.34,₹41673.40,UPI,Cancelled,Pickup,STORE019,Mumbai,EMP0047,Meera Joshi
TXN0001555,2023-02-17,CUST01555,Amit Kumar,+91 9224159037,Other,22,West,Premium,PROD0123,Tennis Racket 6734,BrandC,Sports,New,Sale,1,₹14096.69,6,₹14096.69,₹13250.89,Wallet,Completed,Same Day,STORE015,Hyderabad,EMP0045,Priya Agarwal
TXN0001556,2023-07-09,CUST01556,Meera Reddy,+91 9506864881,Female,55,West,Regular,PROD0054,Decor 8868,BrandE,Home & Living,Popular,Limited Edition,10,₹18333.25,27,₹183332.50,₹133832.73,Credit Card,Pending,Pickup,STORE005,Pune,EMP0043,Kavya Kumar
TXN0001557,2023-06-02,CUST01557,Kavya Gupta,+91 9669471632,Other,50,East,VIP,PROD0079,Tennis Racket 3155,BrandC,Sports,Premium,Eco-Friendly,1,₹25886.63,6,₹25886.63,₹24333.43,Net Banking,Completed,Express,STORE005,Hyderabad,EMP0007,Anjali Verma
TXN0001558,2024-12-06,CUST01558,Meera Agarwal,+91 9148840804,Other,38,East,VIP,PROD0400,Football 8149,BrandE,Sports,Popular,Limited Edition,5,₹24987.50,15,₹124937.50,₹106196.88,Cash,Refunded,Standard,STORE009,Mumbai,EMP0028,Vikram Sharma
TXN0001559,2024-01-07,CUST01559,Amit Patel,+91 9551083545,Female,24,Central,Regular,PROD0142,Cricket Bat 1562,BrandE,Sports,Eco-Friendly,Eco-Friendly,7,₹16395.34,30,₹114767.38,₹80337.17,UPI,Refunded,Same Day,STORE017,Chennai,EMP0017,Kavya Joshi
TXN0001560,2023-05-21,CUST01560,Arjun Singh,+91 9445229051,Female,70,South,VIP,PROD0330,Biography 7693,BrandE,Books,Premium,Eco-Friendly,6,₹22243.57,19,₹133461.42,₹108103.75,Credit Card,Completed,Express,STORE011,Bangalore,EMP0017,Kavya Singh
TXN0001561,2024-06-03,CUST01561,Amit Singh,+91 9033661291,Female,60,West,Premium,PROD0208,Comic 6233,BrandD,Books,Limited Edition,Popular,2,₹36651.24,4,₹73302.48,₹70370.38,Credit Card,Cancelled,Same Day,STORE011,Pune,EMP0040,Raj Reddy
TXN0001562,2024-12-13,CUST01562,Meera Kumar,+91 9347234953,Female,41,North,VIP,PROD0022,Cookbook 6048,BrandB,Books,Eco-Friendly,Eco-Friendly,6,₹12761.15,28,₹76566.90,₹55128.17,Credit Card,Refunded,Same Day,STORE013,Kolkata,EMP0012,Rohit Agarwal
TXN0001563,2024-12-04,CUST01563,Amit Kumar,+91 9767346347,Other,62,South,VIP,PROD0239,Decor 2577,BrandB,Home & Living,Eco-Friendly,New,5,₹16084.32,11,₹80421.60,₹71575.22,Net Banking,Pending,Pickup,STORE003,Hyderabad,EMP0044,Sneha Singh
TXN0001564,2024-08-10,CUST01564,Meera Sharma,+91 9939668523,Male,55,South,VIP,PROD0328,Decor 6868,BrandA,Home & Living,Popular,Premium,3,₹8303.90,5,₹24911.70,₹23666.11,Wallet,Refunded,Standard,STORE007,Delhi,EMP0040,Meera Verma
TXN0001565,2023-09-18,CUST01565,Amit Gupta,+91 9999205907,Female,26,West,Premium,PROD0409,Cookbook 2134,BrandA,Books,Popular,New,6,₹26291.61,20,₹157749.66,₹126199.73,Cash,Completed,Express,STORE014,Delhi,EMP0004,Amit Patel
TXN0001566,2024-03-11,CUST01566,Sneha Joshi,+91 9488666653,Male,25,West,Regular,PROD0088,Smartphone 916,BrandB,Electronics,Limited Edition,Limited Edition,2,₹21168.32,10,₹42336.64,₹38102.98,Credit Card,Refunded,Express,STORE004,Chennai,EMP0017,Amit Joshi
TXN0001567,2023-12-17,CUST01567,Raj Gupta,+91 9667572353,Male,30,North,Premium,PROD0468,Kitchenware 7305,BrandC,Home & Living,Popular,New,4,₹26831.37,17,₹107325.48,₹89080.15,Net Banking,Pending,Pickup,STORE010,Mumbai,EMP0041,Vikram Gupta
TXN0001568,2024-08-14,CUST01568,Vikram Yadav,+91 9258623808,Male,61,East,Premium,PROD0063,Tennis Racket 212,BrandD,Sports,New,Limited Edition,4,₹34160.34,18,₹136641.36,₹112045.92,Credit Card,Cancelled,Pickup,STORE003,Chennai,EMP0031,Sneha Sharma
TXN0001569,2024-01-22,CUST01569,Arjun Agarwal,+91 9520572392,Male,43,South,VIP,PROD0234,Perfume 7828,BrandB,Beauty,New,Limited Edition,6,₹16742.64,24,₹100455.84,₹76346.44,Debit Card,Pending,Same Day,STORE007,Mumbai,EMP0046,Sneha Gupta
TXN0001570,2024-12-03,CUST01570,Amit Yadav,+91 9108768779,Male,70,West,VIP,PROD0250,Haircare 7367,BrandA,Beauty,Eco-Friendly,Sale,1,₹7283.87,7,₹7283.87,₹6774.00,Debit Card,Cancelled,Same Day,STORE011,Mumbai,EMP0021,Raj Agarwal
TXN0001571,2023-04-08,CUST01571,Rohit Joshi,+91 9908390232,Male,60,North,Regular,PROD0188,Groceries 5520,BrandC,Food,Premium,Eco-Friendly,10,₹22080.07,20,₹220800.70,₹176640.56,Wallet,Cancelled,Pickup,STORE002,Mumbai,EMP0046,Sneha Singh
TXN0001572,2023-06-14,CUST01572,Rohit Verma,+91 9230646038,Other,68,South,Premium,PROD0386,Makeup 4482,BrandC,Beauty,New,Sale,6,₹30404.91,22,₹182429.46,₹142294.98,Net Banking,Cancelled,Same Day,STORE004,Kolkata,EMP0043,Rohit Gupta
TXN0001573,2024-03-24,CUST01573,Priya Kumar,+91 9352980163,Male,66,West,Regular,PROD0212,Smartwatch 2959,BrandA,Electronics,Sale,Popular,6,₹39873.94,0,₹239243.64,₹239243.64,Net Banking,Completed,Standard,STORE015,Kolkata,EMP0029,Arjun Joshi
TXN0001574,2024-02-06,CUST01574,Sneha Gupta,+91 9087480327,Male,20,South,Premium,PROD0078,Dairy 427,BrandC,Food,New,Premium,8,₹43934.32,26,₹351474.56,₹260091.17,Debit Card,Cancelled,Pickup,STORE014,Pune,EMP0001,Arjun Singh
TXN0001575,2024-05-13,CUST01575,Priya Singh,+91 9720831962,Other,56,East,Premium,PROD0300,Perfume 7080,BrandA,Beauty,Limited Edition,New,4,₹17641.64,9,₹70566.56,₹64215.57,Debit Card,Pending,Same Day,STORE013,Bangalore,EMP0016,Amit Singh
TXN0001576,2023-01-11,CUST01576,Meera Sharma,+91 9877811320,Female,53,West,VIP,PROD0249,T-Shirt 7178,BrandE,Clothing,New,Premium,9,₹7976.39,20,₹71787.51,₹57430.01,Credit Card,Completed,Standard,STORE015,Delhi,EMP0027,Sneha Verma
TXN0001577,2024-01-04,CUST01577,Anjali Joshi,+91 9610852101,Other,49,East,VIP,PROD0475,Tennis Racket 1848,BrandB,Sports,Popular,Premium,7,₹5792.89,16,₹40550.23,₹34062.19,Wallet,Completed,Pickup,STORE009,Chennai,EMP0003,Kavya Singh
TXN0001578,2024-08-13,CUST01578,Kavya Singh,+91 9565115030,Male,66,South,Premium,PROD0499,Textbook 3932,BrandB,Books,Popular,Limited Edition,3,₹14228.69,1,₹42686.07,₹42259.21,Wallet,Pending,Standard,STORE009,Pune,EMP0034,Anjali Kumar
TXN0001579,2023-09-28,CUST01579,Sneha Patel,+91 9037285477,Male,68,South,Premium,PROD0228,Tablet 7452,BrandA,Electronics,Popular,Limited Edition,5,₹49834.28,18,₹249171.40,₹204320.55,Wallet,Refunded,Express,STORE020,Hyderabad,EMP0039,Meera Yadav
TXN0001580,2024-02-22,CUST01580,Arjun Agarwal,+91 9363815603,Male,37,South,Premium,PROD0456,Skincare 4029,BrandE,Beauty,Limited Edition,Limited Edition,1,₹42303.85,3,₹42303.85,₹41034.73,Debit Card,Cancelled,Standard,STORE019,Chennai,EMP0050,Arjun Reddy
TXN0001581,2023-05-16,CUST01581,Raj Joshi,+91 9121076793,Female,46,East,Premium,PROD0335,Dairy 7456,BrandB,Food,Premium,Eco-Friendly,1,₹3925.65,22,₹3925.65,₹3062.01,Wallet,Pending,Express,STORE008,Delhi,EMP0034,Sneha Joshi
TXN0001582,2024-05-28,CUST01582,Arjun Kumar,+91 9635729102,Other,47,East,Premium,PROD0149,Gym Equipment 7242,BrandB,Sports,Sale,New,6,₹10789.15,30,₹64734.90,₹45314.43,Cash,Completed,Same Day,STORE009,Bangalore,EMP0039,Priya Reddy
TXN0001583,2023-01-04,CUST01583,Vikram Reddy,+91 9662651119,Female,59,Central,Premium,PROD0379,Beverages 9349,BrandE,Food,New,Sale,2,₹21256.82,15,₹42513.64,₹36136.59,Net Banking,Cancelled,Pickup,STORE014,Kolkata,EMP0020,Rohit Kumar
TXN0001584,2024-10-17,CUST01584,Raj Reddy,+91 9571356089,Other,53,North,Regular,PROD0227,Textbook 9204,BrandA,Books,Premium,Sale,3,₹32772.40,7,₹98317.20,₹91435.00,Credit Card,Cancelled,Express,STORE011,Kolkata,EMP0014,Meera Joshi
TXN0001585,2023-11-24,CUST01585,Priya Agarwal,+91 9863631965,Other,26,West,Regular,PROD0142,Kitchenware 5272,BrandD,Home & Living,Eco-Friendly,Popular,5,₹48613.82,1,₹243069.10,₹240638.41,Credit Card,Refunded,Same Day,STORE015,Delhi,EMP0046,Vikram Yadav
TXN0001586,2023-03-03,CUST01586,Rohit Gupta,+91 9420312130,Female,35,South,VIP,PROD0004,Tablet 1574,BrandE,Electronics,Eco-Friendly,New,4,₹4871.61,21,₹19486.44,₹15394.29,UPI,Cancelled,Standard,STORE020,Delhi,EMP0047,Anjali Joshi
TXN0001587,2023-01-29,CUST01587,Kavya Joshi,+91 9751347149,Female,19,Central,Regular,PROD0275,Smartwatch 8939,BrandD,Electronics,New,Limited Edition,10,₹8135.23,22,₹81352.30,₹63454.79,Wallet,Pending,Express,STORE003,Hyderabad,EMP0042,Priya Reddy
TXN0001588,2024-08-15,CUST01588,Kavya Joshi,+91 9974297036,Male,56,North,Regular,PROD0263,Bedding 5264,BrandD,Home & Living,Eco-Friendly,Eco-Friendly,2,₹22217.14,2,₹44434.28,₹43545.59,Wallet,Cancelled,Express,STORE003,Bangalore,EMP0004,Raj Singh
TXN0001589,2024-07-26,CUST01589,Kavya Gupta,+91 9636634237,Other,24,North,VIP,PROD0079,Groceries 818,BrandE,Food,Popular,New,2,₹36789.59,25,₹73579.18,₹55184.38,Debit Card,Completed,Pickup,STORE017,Kolkata,EMP0050,Raj Agarwal
TXN0001590,2023-08-04,CUST01590,Rohit Gupta,+91 9050885897,Female,44,North,Regular,PROD0064,Lighting 6328,BrandA,Home & Living,Popular,Eco-Friendly,4,₹10852.29,29,₹43409.16,₹30820.50,Wallet,Cancelled,Express,STORE002,Delhi,EMP0036,Raj Gupta
TXN0001591,2023-08-07,CUST01591,Amit Reddy,+91 9817540071,Female,45,West,VIP,PROD0195,Tennis Racket 5769,BrandE,Sports,Premium,Sale,6,₹45844.04,8,₹275064.24,₹253059.10,Wallet,Pending,Standard,STORE009,Kolkata,EMP0015,Raj Patel
TXN0001592,2023-06-16,CUST01592,Kavya Kumar,+91 9643737596,Other,68,East,Regular,PROD0095,Gym Equipment 6173,BrandC,Sports,Sale,Popular,6,₹33596.07,24,₹201576.42,₹153198.08,Cash,Pending,Pickup,STORE017,Kolkata,EMP0020,Vikram Kumar
TXN0001593,2023-04-03,CUST01593,Meera Reddy,+91 9355766776,Male,39,North,VIP,PROD0121,Tablet 6601,BrandC,Electronics,Limited Edition,Limited Edition,7,₹37413.29,30,₹261893.03,₹183325.12,Wallet,Refunded,Express,STORE013,Kolkata,EMP0033,Kavya Verma
TXN0001594,2024-12-26,CUST01594,Kavya Reddy,+91 9536761466,Male,67,East,Premium,PROD0188,Gym Equipment 874,BrandC,Sports,New,Limited Edition,7,₹3818.15,9,₹26727.05,₹24321.62,Wallet,Pending,Same Day,STORE013,Mumbai,EMP0041,Amit Verma
TXN0001595,2024-06-22,CUST01595,Arjun Kumar,+91 9180783471,Male,52,Central,Regular,PROD0264,Gym Equipment 9913,BrandA,Sports,Eco-Friendly,Popular,6,₹16976.25,1,₹101857.50,₹100838.93,Debit Card,Cancelled,Express,STORE017,Pune,EMP0001,Anjali Kumar
TXN0001596,2024-09-30,CUST01596,Priya Agarwal,+91 9512778871,Female,57,South,Regular,PROD0463,Shirt 2291,BrandE,Clothing,Limited Edition,Eco-Friendly,1,₹49827.80,23,₹49827.80,₹38367.41,Net Banking,Cancelled,Standard,STORE007,Kolkata,EMP0014,Priya Yadav
TXN0001597,2023-04-16,CUST01597,Meera Kumar,+91 9179189918,Female,40,Central,Regular,PROD0111,Dress 5801,BrandD,Clothing,Premium,Sale,3,₹9842.54,3,₹29527.62,₹28641.79,Credit Card,Completed,Express,STORE003,Hyderabad,EMP0046,Sneha Agarwal
TXN0001598,2023-07-18,CUST01598,Raj Gupta,+91 9014869024,Male,65,South,VIP,PROD0464,Skincare 568,BrandA,Beauty,Popular,New,9,₹36981.34,13,₹332832.06,₹289563.89,Cash,Refunded,Standard,STORE006,Hyderabad,EMP0032,Arjun Agarwal
TXN0001599,2023-05-25,CUST01599,Anjali Verma,+91 9236852897,Other,48,East,VIP,PROD0388,Perfume 2938,BrandC,Beauty,Premium,Popular,2,₹35701.33,17,₹71402.66,₹59264.21,Debit Card,Refunded,Same Day,STORE013,Kolkata,EMP0034,Kavya Agarwal
TXN0001600,2024-12-01,CUST01600,Vikram Verma,+91 9827063455,Female,24,Central,Regular,PROD0412,Laptop 950,BrandC,Electronics,Premium,Eco-Friendly,3,₹43955.80,29,₹131867.40,₹93625.85,UPI,Pending,Pickup,STORE013,Hyderabad,EMP0009,Rohit Verma
TXN0001601,2023-07-11,CUST01601,Amit Reddy,+91 9316772065,Female,54,East,VIP,PROD0014,Cricket Bat 1219,BrandE,Sports,Premium,Premium,6,₹43575.11,30,₹261450.66,₹183015.46,Cash,Completed,Same Day,STORE001,Kolkata,EMP0027,Arjun Yadav
TXN0001602,2024-06-14,CUST01602,Kavya Yadav,+91 9027132424,Male,44,North,VIP,PROD0085,Textbook 2589,BrandB,Books,Premium,Premium,7,₹4382.88,26,₹30680.16,₹22703.32,Cash,Completed,Standard,STORE009,Chennai,EMP0037,Arjun Singh
TXN0001603,2023-07-15,CUST01603,Priya Joshi,+91 9613661687,Other,41,East,Regular,PROD0296,Bedding 119,BrandD,Home & Living,Premium,Sale,3,₹34685.45,19,₹104056.35,₹84285.64,Credit Card,Cancelled,Pickup,STORE002,Kolkata,EMP0038,Sneha Patel
TXN0001604,2024-11-18,CUST01604,Anjali Singh,+91 9650878607,Female,67,South,Regular,PROD0216,Textbook 3222,BrandA,Books,Limited Edition,Popular,9,₹45524.71,27,₹409722.39,₹299097.34,Net Banking,Refunded,Express,STORE010,Chennai,EMP0030,Sneha Reddy
TXN0001605,2024-02-20,CUST01605,Rohit Gupta,+91 9340537616,Other,24,Central,Regular,PROD0062,Tablet 2994,BrandB,Electronics,Premium,Eco-Friendly,5,₹34561.94,4,₹172809.70,₹165897.31,Wallet,Refunded,Standard,STORE019,Mumbai,EMP0019,Kavya Yadav
TXN0001606,2024-08-17,CUST01606,Priya Joshi,+91 9300356830,Female,64,South,VIP,PROD0173,Perfume 2655,BrandE,Beauty,Eco-Friendly,Popular,4,₹18785.00,24,₹75140.00,₹57106.40,Cash,Cancelled,Express,STORE012,Hyderabad,EMP0025,Anjali Joshi
TXN0001607,2024-04-11,CUST01607,Rohit Gupta,+91 9610539240,Female,41,North,VIP,PROD0303,Smartwatch 6292,BrandB,Electronics,New,Sale,7,₹48516.47,6,₹339615.29,₹319238.37,Credit Card,Pending,Standard,STORE006,Mumbai,EMP0001,Vikram Agarwal
TXN0001608,2023-09-15,CUST01608,Kavya Kumar,+91 9944217924,Female,49,South,Regular,PROD0129,Yoga Mat 2828,BrandA,Sports,Popular,Limited Edition,10,₹8602.01,8,₹86020.10,₹79138.49,UPI,Refunded,Same Day,STORE009,Pune,EMP0048,Arjun Singh
TXN0001609,2024-09-19,CUST01609,Meera Kumar,+91 9362087483,Other,42,Central,Premium,PROD0369,Football 744,BrandD,Sports,Eco-Friendly,Eco-Friendly,3,₹628.53,27,₹1885.59,₹1376.48,Credit Card,Completed,Same Day,STORE004,Hyderabad,EMP0027,Raj Reddy
TXN0001610,2024-11-28,CUST01610,Anjali Sharma,+91 9826893603,Male,40,North,VIP,PROD0434,Groceries 810,BrandC,Food,New,Popular,10,₹10333.75,16,₹103337.50,₹86803.50,Wallet,Refunded,Standard,STORE009,Bangalore,EMP0030,Vikram Patel
TXN0001611,2024-12-05,CUST01611,Arjun Gupta,+91 9673380163,Other,60,North,Regular,PROD0139,Frozen Food 5049,BrandA,Food,Limited Edition,Popular,6,₹23483.69,5,₹140902.14,₹133857.03,Wallet,Cancelled,Same Day,STORE005,Kolkata,EMP0035,Vikram Joshi
TXN0001612,2023-10-25,CUST01612,Amit Singh,+91 9379539299,Other,30,Central,Regular,PROD0431,Frozen Food 3176,BrandC,Food,Eco-Friendly,New,7,₹24530.76,10,₹171715.32,₹154543.79,Debit Card,Pending,Express,STORE011,Mumbai,EMP0025,Anjali Patel
TXN0001613,2024-12-01,CUST01613,Sneha Kumar,+91 9682433470,Male,56,East,Regular,PROD0243,Football 3125,BrandC,Sports,New,Popular,3,₹28668.14,16,₹86004.42,₹72243.71,UPI,Cancelled,Pickup,STORE009,Kolkata,EMP0045,Priya Patel
TXN0001614,2023-03-07,CUST01614,Arjun Sharma,+91 9771068942,Male,66,Central,VIP,PROD0417,Yoga Mat 5486,BrandB,Sports,Popular,New,10,₹14709.82,9,₹147098.20,₹133859.36,Credit Card,Cancelled,Same Day,STORE003,Hyderabad,EMP0017,Kavya Verma
TXN0001615,2023-05-13,CUST01615,Kavya Patel,+91 9686320240,Female,19,North,Premium,PROD0040,Snacks 2294,BrandD,Food,Limited Edition,New,10,₹46859.37,24,₹468593.70,₹356131.21,Cash,Refunded,Same Day,STORE013,Hyderabad,EMP0011,Anjali Patel
TXN0001616,2024-04-16,CUST01616,Arjun Agarwal,+91 9537603686,Female,63,Central,Premium,PROD0139,Lighting 7721,BrandC,Home & Living,Limited Edition,Sale,9,₹21006.58,6,₹189059.22,₹177715.67,UPI,Pending,Express,STORE007,Mumbai,EMP0034,Kavya Singh
TXN0001617,2023-09-05,CUST01617,Arjun Gupta,+91 9263518563,Female,28,North,Regular,PROD0336,Frozen Food 266,BrandB,Food,New,Premium,9,₹8018.34,1,₹72165.06,₹71443.41,Credit Card,Pending,Express,STORE019,Mumbai,EMP0038,Kavya Reddy
TXN0001618,2024-02-27,CUST01618,Sneha Verma,+91 9881242176,Other,24,North,Premium,PROD0152,Jacket 5299,BrandD,Clothing,New,Limited Edition,9,₹6880.87,16,₹61927.83,₹52019.38,UPI,Pending,Express,STORE009,Kolkata,EMP0028,Raj Kumar
TXN0001619,2023-05-02,CUST01619,Sneha Kumar,+91 9345509923,Female,63,East,VIP,PROD0109,Frozen Food 8452,BrandC,Food,New,Premium,6,₹39755.23,18,₹238531.38,₹195595.73,Cash,Completed,Standard,STORE017,Hyderabad,EMP0022,Priya Verma
TXN0001620,2023-06-07,CUST01620,Rohit Agarwal,+91 9114262621,Male,61,North,Premium,PROD0409,Furniture 4561,BrandE,Home & Living,New,New,9,₹45848.17,4,₹412633.53,₹396128.19,Cash,Pending,Same Day,STORE015,Chennai,EMP0039,Priya Yadav
TXN0001621,2024-12-10,CUST01621,Anjali Gupta,+91 9545430230,Other,20,South,Regular,PROD0168,Frozen Food 2161,BrandC,Food,Popular,New,6,₹44870.31,6,₹269221.86,₹253068.55,Debit Card,Cancelled,Express,STORE006,Delhi,EMP0011,Raj Agarwal
TXN0001622,2023-01-30,CUST01622,Kavya Verma,+91 9918319341,Other,26,South,VIP,PROD0012,Cosmetics 4570,BrandD,Beauty,Premium,Eco-Friendly,5,₹42936.42,14,₹214682.10,₹184626.61,Wallet,Completed,Pickup,STORE007,Chennai,EMP0019,Priya Verma
TXN0001623,2024-08-31,CUST01623,Arjun Agarwal,+91 9960541471,Female,37,West,VIP,PROD0470,Football 2271,BrandC,Sports,Eco-Friendly,Sale,3,₹12968.58,6,₹38905.74,₹36571.40,UPI,Completed,Pickup,STORE009,Chennai,EMP0022,Priya Sharma
TXN0001624,2024-03-05,CUST01624,Rohit Yadav,+91 9075151706,Female,68,Central,Premium,PROD0018,Jeans 1093,BrandD,Clothing,Popular,Premium,5,₹4926.85,11,₹24634.25,₹21924.48,UPI,Pending,Standard,STORE012,Chennai,EMP0044,Arjun Singh
TXN0001625,2023-04-06,CUST01625,Meera Singh,+91 9777322220,Male,18,Central,VIP,PROD0158,Biography 7002,BrandB,Books,Sale,Sale,5,₹1544.13,19,₹7720.65,₹6253.73,Net Banking,Completed,Same Day,STORE007,Delhi,EMP0011,Vikram Reddy
TXN0001626,2024-01-05,CUST01626,Kavya Singh,+91 9100058019,Other,39,North,Premium,PROD0450,Gym Equipment 1617,BrandA,Sports,Eco-Friendly,Premium,3,₹17526.08,12,₹52578.24,₹46268.85,Credit Card,Refunded,Pickup,STORE019,Hyderabad,EMP0019,Priya Yadav
TXN0001627,2023-08-25,CUST01627,Kavya Singh,+91 9567852285,Male,69,Central,Premium,PROD0453,Textbook 9739,BrandB,Books,Premium,Limited Edition,3,₹13592.25,8,₹40776.75,₹37514.61,Net Banking,Refunded,Same Day,STORE002,Bangalore,EMP0023,Arjun Agarwal
TXN0001628,2024-04-06,CUST01628,Arjun Yadav,+91 9485274987,Female,42,North,VIP,PROD0019,Gym Equipment 4063,BrandB,Sports,Eco-Friendly,Popular,8,₹49985.30,1,₹399882.40,₹395883.58,Net Banking,Refunded,Express,STORE012,Delhi,EMP0028,Arjun Patel
TXN0001629,2023-01-23,CUST01629,Arjun Singh,+91 9835227179,Male,47,Central,Premium,PROD0295,Decor 8948,BrandE,Home & Living,Popular,Sale,9,₹24025.08,1,₹216225.72,₹214063.46,Wallet,Pending,Pickup,STORE012,Chennai,EMP0034,Sneha Yadav
TXN0001630,2023-08-03,CUST01630,Kavya Reddy,+91 9833217457,Female,65,North,Regular,PROD0322,Jacket 6131,BrandD,Clothing,New,Eco-Friendly,3,₹20355.62,26,₹61066.86,₹45189.48,Net Banking,Pending,Express,STORE003,Mumbai,EMP0023,Vikram Yadav
TXN0001631,2023-07-05,CUST01631,Kavya Kumar,+91 9415564486,Other,64,South,VIP,PROD0125,Cricket Bat 529,BrandC,Sports,Popular,New,4,₹7063.71,10,₹28254.84,₹25429.36,Credit Card,Cancelled,Standard,STORE008,Mumbai,EMP0029,Anjali Singh
TXN0001632,2023-10-28,CUST01632,Amit Patel,+91 9860388365,Female,35,Central,VIP,PROD0146,Beverages 3242,BrandC,Food,Popular,New,1,₹48381.42,3,₹48381.42,₹46929.98,Cash,Pending,Pickup,STORE003,Mumbai,EMP0003,Kavya Singh
TXN0001633,2023-09-25,CUST01633,Priya Joshi,+91 9349202941,Male,41,North,Premium,PROD0339,Haircare 5456,BrandC,Beauty,Limited Edition,Popular,10,₹12291.25,22,₹122912.50,₹95871.75,UPI,Refunded,Standard,STORE006,Kolkata,EMP0041,Vikram Joshi
TXN0001634,2024-08-25,CUST01634,Priya Joshi,+91 9651757409,Male,37,North,Regular,PROD0225,Novel 425,BrandD,Books,New,Eco-Friendly,8,₹11758.92,10,₹94071.36,₹84664.22,UPI,Refunded,Same Day,STORE007,Bangalore,EMP0034,Arjun Sharma
TXN0001635,2024-10-07,CUST01635,Arjun Yadav,+91 9726074809,Male,41,West,VIP,PROD0495,Smartwatch 9345,BrandC,Electronics,New,Eco-Friendly,5,₹27296.36,15,₹136481.80,₹116009.53,Wallet,Completed,Same Day,STORE004,Chennai,EMP0034,Priya Yadav
TXN0001636,2024-02-02,CUST01636,Kavya Agarwal,+91 9564348800,Other,67,North,Regular,PROD0297,Haircare 5355,BrandC,Beauty,Premium,Sale,5,₹2206.15,13,₹11030.75,₹9596.75,Net Banking,Pending,Same Day,STORE013,Pune,EMP0038,Meera Patel
TXN0001637,2024-06-15,CUST01637,Amit Gupta,+91 9534536931,Male,68,North,VIP,PROD0402,Jeans 7922,BrandC,Clothing,Limited Edition,New,2,₹3376.84,29,₹6753.68,₹4795.11,Net Banking,Cancelled,Standard,STORE015,Chennai,EMP0034,Meera Reddy
TXN0001638,2024-04-20,CUST01638,Priya Gupta,+91 9641127344,Male,26,North,VIP,PROD0109,Snacks 7818,BrandE,Food,Eco-Friendly,Limited Edition,3,₹15831.21,16,₹47493.63,₹39894.65,Credit Card,Pending,Pickup,STORE020,Kolkata,EMP0004,Anjali Patel
TXN0001639,2024-05-12,CUST01639,Raj Sharma,+91 9274332325,Female,58,West,Premium,PROD0132,Haircare 2732,BrandC,Beauty,Eco-Friendly,Eco-Friendly,2,₹4444.62,30,₹8889.24,₹6222.47,Credit Card,Pending,Pickup,STORE010,Pune,EMP0019,Amit Singh
TXN0001640,2024-10-27,CUST01640,Sneha Reddy,+91 9084514378,Male,29,Central,Premium,PROD0218,Novel 6494,BrandB,Books,New,Sale,2,₹20496.17,0,₹40992.34,₹40992.34,Debit Card,Refunded,Express,STORE013,Delhi,EMP0033,Raj Singh
TXN0001641,2023-08-20,CUST01641,Raj Sharma,+91 9572829558,Male,53,Central,Regular,PROD0449,Cosmetics 7716,BrandB,Beauty,New,New,1,₹23683.05,14,₹23683.05,₹20367.42,Net Banking,Refunded,Same Day,STORE002,Chennai,EMP0009,Arjun Kumar
TXN0001642,2024-06-11,CUST01642,Anjali Singh,+91 9582668100,Other,54,Central,Regular,PROD0335,Novel 6732,BrandD,Books,Limited Edition,Premium,8,₹27433.46,0,₹219467.68,₹219467.68,Cash,Refunded,Standard,STORE010,Kolkata,EMP0010,Amit Reddy
TXN0001643,2023-11-18,CUST01643,Amit Reddy,+91 9532905821,Female,54,East,VIP,PROD0362,Dress 542,BrandA,Clothing,Eco-Friendly,New,6,₹1756.89,19,₹10541.34,₹8538.49,Credit Card,Cancelled,Express,STORE007,Mumbai,EMP0037,Vikram Patel
TXN0001644,2024-06-07,CUST01644,Vikram Singh,+91 9260822826,Male,52,West,Premium,PROD0203,Comic 5304,BrandA,Books,Eco-Friendly,Limited Edition,2,₹31827.78,30,₹63655.56,₹44558.89,UPI,Cancelled,Pickup,STORE009,Hyderabad,EMP0004,Meera Reddy
TXN0001645,2023-08-16,CUST01645,Arjun Singh,+91 9788274676,Female,55,Central,Premium,PROD0316,Jacket 6475,BrandD,Clothing,Popular,Popular,7,₹8495.03,5,₹59465.21,₹56491.95,Cash,Pending,Express,STORE001,Mumbai,EMP0018,Rohit Joshi
TXN0001646,2023-12-30,CUST01646,Rohit Patel,+91 9000382134,Male,39,North,VIP,PROD0218,Frozen Food 6384,BrandA,Food,Premium,Premium,10,₹31116.10,9,₹311161.00,₹283156.51,Net Banking,Refunded,Same Day,STORE011,Bangalore,EMP0025,Rohit Singh
TXN0001647,2023-11-04,CUST01647,Priya Patel,+91 9845089417,Female,57,South,Premium,PROD0309,Lighting 2706,BrandB,Home & Living,Limited Edition,Sale,4,₹4414.37,25,₹17657.48,₹13243.11,Wallet,Cancelled,Standard,STORE020,Delhi,EMP0011,Rohit Kumar
TXN0001648,2024-03-21,CUST01648,Amit Kumar,+91 9070350813,Female,59,Central,VIP,PROD0208,Furniture 6401,BrandE,Home & Living,Popular,Popular,8,₹43623.21,23,₹348985.68,₹268718.97,Net Banking,Pending,Express,STORE020,Kolkata,EMP0014,Amit Agarwal
TXN0001649,2023-06-24,CUST01649,Sneha Agarwal,+91 9305789464,Female,69,North,Regular,PROD0021,Smartphone 4698,BrandA,Electronics,New,Premium,2,₹39764.17,4,₹79528.34,₹76347.21,Wallet,Pending,Standard,STORE015,Mumbai,EMP0020,Arjun Joshi
TXN0001650,2023-08-31,CUST01650,Sneha Verma,+91 9263931482,Other,56,West,Premium,PROD0210,Haircare 4548,BrandB,Beauty,Sale,Premium,3,₹43983.89,18,₹131951.67,₹108200.37,Net Banking,Completed,Standard,STORE001,Hyderabad,EMP0019,Priya Patel
TXN0001651,2023-05-03,CUST01651,Priya Verma,+91 9595327737,Male,59,North,Regular,PROD0271,Football 5824,BrandC,Sports,Eco-Friendly,Premium,10,₹40920.18,25,₹409201.80,₹306901.35,Cash,Refunded,Express,STORE020,Delhi,EMP0019,Vikram Kumar
TXN0001652,2024-01-10,CUST01652,Kavya Verma,+91 9560584890,Male,49,West,Premium,PROD0241,Decor 8666,BrandD,Home & Living,Premium,New,9,₹19318.14,25,₹173863.26,₹130397.45,Net Banking,Refunded,Pickup,STORE007,Kolkata,EMP0016,Arjun Verma
TXN0001653,2024-05-19,CUST01653,Meera Patel,+91 9273039758,Female,46,South,VIP,PROD0233,Yoga Mat 6006,BrandC,Sports,Popular,Popular,4,₹33951.28,16,₹135805.12,₹114076.30,Wallet,Refunded,Same Day,STORE001,Hyderabad,EMP0041,Priya Kumar
TXN0001654,2023-12-25,CUST01654,Arjun Gupta,+91 9170095030,Female,44,North,Premium,PROD0404,Beverages 8248,BrandA,Food,Popular,Popular,5,₹2044.29,28,₹10221.45,₹7359.44,UPI,Cancelled,Same Day,STORE008,Mumbai,EMP0029,Rohit Reddy
TXN0001655,2023-10-30,CUST01655,Priya Yadav,+91 9808758415,Other,37,East,Regular,PROD0409,Decor 1745,BrandE,Home & Living,Popular,Popular,9,₹10434.75,9,₹93912.75,₹85460.60,Debit Card,Cancelled,Express,STORE005,Bangalore,EMP0003,Amit Singh
TXN0001656,2023-04-28,CUST01656,Priya Agarwal,+91 9935989641,Male,46,North,VIP,PROD0353,Makeup 2849,BrandE,Beauty,New,Eco-Friendly,6,₹15671.91,17,₹94031.46,₹78046.11,Wallet,Pending,Same Day,STORE013,Hyderabad,EMP0018,Arjun Kumar
TXN0001657,2023-11-25,CUST01657,Kavya Yadav,+91 9352674253,Female,29,West,VIP,PROD0227,Haircare 8221,BrandD,Beauty,New,Limited Edition,1,₹29643.10,24,₹29643.10,₹22528.76,Credit Card,Cancelled,Express,STORE018,Chennai,EMP0024,Sneha Singh
TXN0001658,2024-09-04,CUST01658,Meera Reddy,+91 9304431134,Other,59,South,VIP,PROD0053,Cosmetics 7155,BrandD,Beauty,New,New,2,₹15260.42,23,₹30520.84,₹23501.05,Debit Card,Completed,Pickup,STORE011,Pune,EMP0044,Meera Patel
TXN0001659,2023-05-31,CUST01659,Raj Verma,+91 9425077542,Female,46,West,Regular,PROD0139,Jacket 2474,BrandD,Clothing,New,Premium,6,₹39618.74,24,₹237712.44,₹180661.45,Net Banking,Refunded,Express,STORE019,Mumbai,EMP0028,Vikram Verma
TXN0001660,2023-01-26,CUST01660,Rohit Gupta,+91 9519186518,Male,40,East,Premium,PROD0403,Tablet 1812,BrandE,Electronics,New,Sale,3,₹36293.42,5,₹108880.26,₹103436.25,Wallet,Completed,Standard,STORE010,Pune,EMP0016,Priya Yadav
TXN0001661,2023-07-06,CUST01661,Vikram Joshi,+91 9444074251,Male,70,North,Regular,PROD0111,Groceries 4718,BrandC,Food,Popular,Popular,6,₹37817.01,14,₹226902.06,₹195135.77,Net Banking,Cancelled,Same Day,STORE011,Chennai,EMP0041,Vikram Singh
TXN0001662,2024-09-09,CUST01662,Rohit Gupta,+91 9726124558,Other,51,South,Premium,PROD0297,Novel 1969,BrandC,Books,Popular,Eco-Friendly,8,₹29493.32,14,₹235946.56,₹202914.04,Debit Card,Completed,Pickup,STORE014,Chennai,EMP0008,Priya Verma
TXN0001663,2024-03-08,CUST01663,Amit Reddy,+91 9313781001,Female,58,East,VIP,PROD0441,Bedding 2510,BrandE,Home & Living,Limited Edition,Sale,10,₹33187.35,12,₹331873.50,₹292048.68,Credit Card,Cancelled,Pickup,STORE006,Mumbai,EMP0010,Raj Reddy
TXN0001664,2024-07-06,CUST01664,Priya Verma,+91 9051956141,Male,24,Central,Premium,PROD0032,Lighting 9687,BrandA,Home & Living,Limited Edition,Popular,6,₹45562.05,14,₹273372.30,₹235100.18,Credit Card,Refunded,Standard,STORE007,Bangalore,EMP0014,Rohit Joshi
TXN0001665,2024-09-23,CUST01665,Priya Reddy,+91 9517191897,Female,41,West,VIP,PROD0184,Groceries 4210,BrandB,Food,Premium,New,6,₹28014.18,10,₹168085.08,₹151276.57,Net Banking,Completed,Pickup,STORE002,Chennai,EMP0031,Priya Reddy
TXN0001666,2023-11-21,CUST01666,Rohit Patel,+91 9015173283,Female,60,East,Premium,PROD0461,Makeup 9907,BrandE,Beauty,Popular,Popular,10,₹29078.15,20,₹290781.50,₹232625.20,Net Banking,Completed,Same Day,STORE015,Delhi,EMP0023,Anjali Reddy
TXN0001667,2023-12-06,CUST01667,Anjali Agarwal,+91 9393676763,Male,68,North,Premium,PROD0406,Gym Equipment 6865,BrandE,Sports,Sale,Premium,8,₹47013.17,9,₹376105.36,₹342255.88,Wallet,Cancelled,Standard,STORE007,Pune,EMP0014,Priya Verma
TXN0001668,2024-01-22,CUST01668,Vikram Sharma,+91 9854097207,Male,44,East,Premium,PROD0110,Makeup 3206,BrandE,Beauty,Eco-Friendly,Sale,6,₹43268.54,10,₹259611.24,₹233650.12,UPI,Refunded,Same Day,STORE007,Bangalore,EMP0014,Meera Joshi
TXN0001669,2023-07-24,CUST01669,Raj Agarwal,+91 9673044361,Male,55,South,Premium,PROD0213,Yoga Mat 1118,BrandE,Sports,Popular,New,7,₹18242.48,20,₹127697.36,₹102157.89,Wallet,Refunded,Pickup,STORE004,Mumbai,EMP0003,Raj Reddy
TXN0001670,2024-07-18,CUST01670,Amit Patel,+91 9694053960,Female,58,East,Regular,PROD0471,Yoga Mat 5885,BrandB,Sports,Premium,New,7,₹4843.96,12,₹33907.72,₹29838.79,UPI,Completed,Express,STORE010,Hyderabad,EMP0016,Priya Singh
TXN0001671,2024-11-17,CUST01671,Rohit Yadav,+91 9861191391,Male,63,West,Regular,PROD0037,Furniture 3268,BrandA,Home & Living,Premium,New,2,₹4583.40,2,₹9166.80,₹8983.46,UPI,Refunded,Same Day,STORE016,Chennai,EMP0007,Vikram Kumar
TXN0001672,2024-07-05,CUST01672,Kavya Kumar,+91 9851060883,Male,25,Central,VIP,PROD0364,Comic 6664,BrandD,Books,Limited Edition,Premium,3,₹27338.11,28,₹82014.33,₹59050.32,Wallet,Completed,Same Day,STORE007,Delhi,EMP0008,Raj Patel
TXN0001673,2023-10-31,CUST01673,Kavya Joshi,+91 9560106621,Male,64,West,Premium,PROD0201,Decor 7364,BrandB,Home & Living,Premium,New,1,₹19568.48,29,₹19568.48,₹13893.62,Credit Card,Completed,Pickup,STORE005,Hyderabad,EMP0020,Raj Singh
TXN0001674,2024-06-09,CUST01674,Arjun Reddy,+91 9515168623,Male,21,North,Regular,PROD0203,T-Shirt 2593,BrandC,Clothing,Limited Edition,Sale,2,₹48368.19,18,₹96736.38,₹79323.83,Net Banking,Completed,Standard,STORE017,Chennai,EMP0029,Meera Gupta
TXN0001675,2023-07-16,CUST01675,Arjun Gupta,+91 9789298112,Other,34,North,Premium,PROD0186,Decor 4428,BrandE,Home & Living,Limited Edition,Eco-Friendly,6,₹36807.21,0,₹220843.26,₹220843.26,Wallet,Cancelled,Pickup,STORE011,Kolkata,EMP0021,Rohit Patel
TXN0001676,2023-04-02,CUST01676,Rohit Singh,+91 9656484534,Male,38,South,Premium,PROD0099,Cricket Bat 7664,BrandB,Sports,Limited Edition,Eco-Friendly,9,₹1762.14,27,₹15859.26,₹11577.26,Debit Card,Pending,Same Day,STORE019,Hyderabad,EMP0024,Arjun Gupta
TXN0001677,2023-09-26,CUST01677,Anjali Sharma,+91 9255823824,Male,66,South,Regular,PROD0462,Laptop 5348,BrandA,Electronics,Sale,Popular,7,₹37360.34,0,₹261522.38,₹261522.38,UPI,Refunded,Standard,STORE016,Chennai,EMP0031,Rohit Patel
TXN0001678,2023-04-15,CUST01678,Raj Reddy,+91 9153999805,Male,55,West,Premium,PROD0483,Novel 211,BrandA,Books,Sale,Eco-Friendly,9,₹37403.11,9,₹336627.99,₹306331.47,UPI,Pending,Same Day,STORE016,Chennai,EMP0018,Priya Agarwal
TXN0001679,2023-02-01,CUST01679,Vikram Verma,+91 9879839444,Female,48,East,Premium,PROD0206,Cricket Bat 5280,BrandA,Sports,Eco-Friendly,Sale,2,₹28862.12,2,₹57724.24,₹56569.76,Credit Card,Refunded,Same Day,STORE008,Mumbai,EMP0003,Arjun Agarwal
TXN0001680,2024-08-28,CUST01680,Vikram Gupta,+91 9196564106,Male,38,South,Regular,PROD0479,Cosmetics 3943,BrandC,Beauty,Popular,Popular,10,₹26942.50,6,₹269425.00,₹253259.50,UPI,Completed,Same Day,STORE016,Chennai,EMP0028,Anjali Joshi
TXN0001681,2023-02-26,CUST01681,Raj Kumar,+91 9856201238,Male,37,East,Regular,PROD0149,Frozen Food 3627,BrandA,Food,Premium,Popular,10,₹9136.61,30,₹91366.10,₹63956.27,UPI,Completed,Standard,STORE013,Bangalore,EMP0042,Anjali Agarwal
TXN0001682,2023-10-20,CUST01682,Rohit Sharma,+91 9201014114,Male,60,West,VIP,PROD0129,Cricket Bat 9958,BrandC,Sports,Eco-Friendly,Premium,10,₹41983.55,11,₹419835.50,₹373653.60,Wallet,Pending,Express,STORE018,Mumbai,EMP0023,Kavya Agarwal
TXN0001683,2023-11-24,CUST01683,Rohit Sharma,+91 9990224058,Other,54,North,Premium,PROD0100,Shirt 9979,BrandC,Clothing,New,Limited Edition,8,₹38121.85,12,₹304974.80,₹268377.82,Debit Card,Completed,Same Day,STORE002,Pune,EMP0045,Sneha Patel
TXN0001684,2023-04-19,CUST01684,Meera Yadav,+91 9532179946,Female,59,South,Premium,PROD0450,Perfume 6178,BrandD,Beauty,Popular,Sale,5,₹49164.56,9,₹245822.80,₹223698.75,Debit Card,Cancelled,Express,STORE001,Chennai,EMP0032,Amit Joshi
TXN0001685,2023-05-09,CUST01685,Vikram Agarwal,+91 9808795615,Male,54,South,Premium,PROD0460,Comic 661,BrandB,Books,New,New,10,₹47339.99,25,₹473399.90,₹355049.92,UPI,Refunded,Standard,STORE010,Pune,EMP0028,Meera Verma
TXN0001686,2023-08-21,CUST01686,Raj Reddy,+91 9941230561,Other,49,Central,VIP,PROD0020,Kitchenware 1204,BrandE,Home & Living,Limited Edition,Popular,5,₹35266.38,14,₹176331.90,₹151645.43,Credit Card,Cancelled,Pickup,STORE017,Delhi,EMP0026,Sneha Patel
TXN0001687,2023-07-18,CUST01687,Raj Gupta,+91 9537248000,Other,38,West,Premium,PROD0076,Furniture 2443,BrandC,Home & Living,Premium,Sale,4,₹40059.02,14,₹160236.08,₹137803.03,Net Banking,Refunded,Same Day,STORE014,Kolkata,EMP0032,Meera Sharma
TXN0001688,2024-11-18,CUST01688,Anjali Reddy,+91 9747428295,Male,65,West,Regular,PROD0059,Dress 3276,BrandC,Clothing,Premium,Eco-Friendly,4,₹16176.25,19,₹64705.00,₹52411.05,Net Banking,Cancelled,Express,STORE020,Pune,EMP0008,Kavya Patel
TXN0001689,2023-08-31,CUST01689,Priya Patel,+91 9662558037,Female,32,East,VIP,PROD0283,Lighting 1284,BrandE,Home & Living,Sale,Premium,3,₹20288.89,11,₹60866.67,₹54171.34,Wallet,Cancelled,Express,STORE009,Delhi,EMP0022,Priya Singh
TXN0001690,2024-08-29,CUST01690,Rohit Gupta,+91 9065332995,Other,68,Central,Regular,PROD0395,Gym Equipment 2176,BrandE,Sports,Popular,Limited Edition,9,₹48322.74,4,₹434904.66,₹417508.47,Debit Card,Pending,Pickup,STORE010,Pune,EMP0023,Arjun Agarwal
TXN0001691,2024-05-29,CUST01691,Meera Singh,+91 9893863710,Male,40,East,VIP,PROD0230,Skincare 5131,BrandA,Beauty,Limited Edition,Popular,5,₹10632.36,5,₹53161.80,₹50503.71,Cash,Refunded,Express,STORE008,Hyderabad,EMP0012,Meera Agarwal
TXN0001692,2023-11-07,CUST01692,Kavya Singh,+91 9063715808,Other,28,West,Regular,PROD0253,Football 3698,BrandD,Sports,Premium,Premium,9,₹11916.63,7,₹107249.67,₹99742.19,Cash,Cancelled,Standard,STORE014,Pune,EMP0047,Priya Agarwal
TXN0001693,2024-03-16,CUST01693,Anjali Reddy,+91 9487583200,Male,49,Central,VIP,PROD0245,Lighting 4408,BrandD,Home & Living,Premium,Popular,6,₹13594.13,5,₹81564.78,₹77486.54,Credit Card,Refunded,Same Day,STORE019,Hyderabad,EMP0021,Rohit Verma
TXN0001694,2024-01-16,CUST01694,Vikram Kumar,+91 9924524501,Other,65,Central,Premium,PROD0274,Groceries 936,BrandC,Food,Premium,Popular,2,₹16990.73,16,₹33981.46,₹28544.43,Debit Card,Pending,Pickup,STORE009,Bangalore,EMP0020,Anjali Verma
TXN0001695,2023-07-14,CUST01695,Rohit Joshi,+91 9617890930,Other,27,North,Regular,PROD0084,Textbook 8614,BrandE,Books,Premium,Premium,7,₹17920.12,10,₹125440.84,₹112896.76,Net Banking,Refunded,Pickup,STORE015,Pune,EMP0040,Priya Joshi
TXN0001696,2023-06-15,CUST01696,Raj Singh,+91 9183115660,Other,22,Central,Regular,PROD0438,Tennis Racket 8258,BrandD,Sports,New,Premium,6,₹44407.26,5,₹266443.56,₹253121.38,Credit Card,Completed,Pickup,STORE018,Pune,EMP0041,Vikram Reddy
TXN0001697,2023-08-31,CUST01697,Amit Patel,+91 9997689477,Other,35,North,Regular,PROD0468,Gym Equipment 3708,BrandD,Sports,Popular,New,4,₹11381.85,1,₹45527.40,₹45072.13,Net Banking,Refunded,Pickup,STORE007,Chennai,EMP0029,Kavya Kumar
TXN0001698,2024-09-13,CUST01698,Amit Kumar,+91 9937618077,Other,56,Central,VIP,PROD0047,Dairy 6965,BrandD,Food,Sale,New,5,₹113.91,27,₹569.55,₹415.77,Cash,Cancelled,Pickup,STORE020,Chennai,EMP0016,Vikram Singh
TXN0001699,2024-12-19,CUST01699,Anjali Yadav,+91 9427922062,Male,40,Central,Premium,PROD0045,Groceries 5970,BrandC,Food,Eco-Friendly,New,1,₹37690.45,29,₹37690.45,₹26760.22,Debit Card,Refunded,Standard,STORE017,Chennai,EMP0010,Raj Patel
TXN0001700,2024-04-13,CUST01700,Amit Gupta,+91 9934225660,Other,56,North,Premium,PROD0344,Comic 8478,BrandB,Books,Limited Edition,Eco-Friendly,2,₹41874.07,28,₹83748.14,₹60298.66,Debit Card,Pending,Same Day,STORE015,Kolkata,EMP0027,Kavya Singh
TXN0001701,2024-03-27,CUST01701,Anjali Joshi,+91 9316713718,Female,25,East,Regular,PROD0064,Novel 3671,BrandE,Books,Sale,Limited Edition,7,₹5312.02,12,₹37184.14,₹32722.04,Debit Card,Refunded,Express,STORE008,Kolkata,EMP0014,Sneha Agarwal
TXN0001702,2023-07-05,CUST01702,Arjun Singh,+91 9622753389,Male,20,West,VIP,PROD0462,Cosmetics 5754,BrandB,Beauty,Popular,New,6,₹21538.78,0,₹129232.68,₹129232.68,Cash,Pending,Pickup,STORE019,Mumbai,EMP0015,Arjun Verma
TXN0001703,2024-06-06,CUST01703,Priya Gupta,+91 9735020511,Other,67,East,VIP,PROD0181,Cookbook 105,BrandC,Books,Limited Edition,Premium,2,₹15825.82,11,₹31651.64,₹28169.96,Debit Card,Cancelled,Express,STORE015,Delhi,EMP0007,Priya Yadav
TXN0001704,2023-07-21,CUST01704,Arjun Patel,+91 9953026917,Male,52,West,VIP,PROD0166,Laptop 7500,BrandB,Electronics,New,Popular,8,₹2749.10,13,₹21992.80,₹19133.74,Debit Card,Cancelled,Express,STORE013,Bangalore,EMP0035,Sneha Singh
TXN0001705,2023-12-22,CUST01705,Kavya Joshi,+91 9135002046,Male,60,North,Regular,PROD0412,Haircare 9205,BrandB,Beauty,Popular,Eco-Friendly,3,₹44699.47,24,₹134098.41,₹101914.79,Debit Card,Refunded,Express,STORE013,Chennai,EMP0003,Anjali Yadav
TXN0001706,2023-07-16,CUST01706,Arjun Verma,+91 9523107643,Other,36,East,Premium,PROD0464,Biography 5199,BrandA,Books,Limited Edition,Popular,8,₹29536.68,1,₹236293.44,₹233930.51,Debit Card,Completed,Same Day,STORE014,Hyderabad,EMP0009,Kavya Sharma
TXN0001707,2024-09-17,CUST01707,Arjun Singh,+91 9824706603,Female,21,North,Premium,PROD0096,Bedding 3460,BrandA,Home & Living,Premium,New,6,₹13141.36,12,₹78848.16,₹69386.38,Cash,Refunded,Same Day,STORE007,Chennai,EMP0032,Kavya Reddy
TXN0001708,2023-10-23,CUST01708,Anjali Joshi,+91 9933443275,Male,68,South,Premium,PROD0345,Tennis Racket 6833,BrandA,Sports,Sale,Sale,8,₹1202.47,17,₹9619.76,₹7984.40,Net Banking,Pending,Same Day,STORE020,Pune,EMP0001,Anjali Joshi
TXN0001709,2023-09-29,CUST01709,Raj Verma,+91 9672932390,Male,42,West,VIP,PROD0378,Biography 3453,BrandE,Books,Sale,New,3,₹45991.75,18,₹137975.25,₹113139.71,Debit Card,Pending,Express,STORE002,Hyderabad,EMP0047,Amit Agarwal
TXN0001710,2023-05-24,CUST01710,Anjali Gupta,+91 9957503680,Male,19,North,Regular,PROD0100,Shirt 2216,BrandE,Clothing,New,Limited Edition,10,₹5031.62,6,₹50316.20,₹47297.23,Cash,Refunded,Express,STORE011,Pune,EMP0034,Vikram Gupta
TXN0001711,2024-10-09,CUST01711,Raj Gupta,+91 9138305105,Male,61,Central,Premium,PROD0019,Laptop 8072,BrandA,Electronics,Popular,Premium,3,₹49508.72,14,₹148526.16,₹127732.50,Debit Card,Cancelled,Express,STORE012,Hyderabad,EMP0035,Raj Sharma
TXN0001712,2023-06-15,CUST01712,Sneha Reddy,+91 9379475546,Male,32,South,Regular,PROD0316,Decor 1454,BrandA,Home & Living,Limited Edition,Premium,6,₹24005.29,21,₹144031.74,₹113785.07,Credit Card,Pending,Same Day,STORE004,Chennai,EMP0025,Arjun Joshi
TXN0001713,2024-06-01,CUST01713,Kavya Joshi,+91 9141382710,Male,36,South,Premium,PROD0173,Perfume 895,BrandB,Beauty,Premium,Popular,9,₹27285.31,0,₹245567.79,₹245567.79,Credit Card,Refunded,Pickup,STORE010,Kolkata,EMP0005,Priya Sharma
TXN0001714,2023-04-07,CUST01714,Vikram Joshi,+91 9053683604,Other,70,South,VIP,PROD0297,Decor 9419,BrandA,Home & Living,Premium,New,7,₹5411.70,30,₹37881.90,₹26517.33,Net Banking,Pending,Same Day,STORE014,Hyderabad,EMP0038,Anjali Gupta
TXN0001715,2023-11-06,CUST01715,Priya Yadav,+91 9534730699,Other,44,South,VIP,PROD0001,Dairy 4332,BrandB,Food,Popular,Sale,2,₹13065.45,18,₹26130.90,₹21427.34,UPI,Pending,Express,STORE013,Mumbai,EMP0032,Meera Kumar
TXN0001716,2023-01-09,CUST01716,Amit Sharma,+91 9098513158,Male,37,Central,Regular,PROD0452,Bedding 7449,BrandE,Home & Living,Premium,Limited Edition,8,₹33188.84,4,₹265510.72,₹254890.29,Credit Card,Refunded,Standard,STORE002,Kolkata,EMP0032,Kavya Gupta
TXN0001717,2024-11-04,CUST01717,Rohit Verma,+91 9041765934,Other,53,East,VIP,PROD0336,Tablet 5016,BrandD,Electronics,Premium,Premium,9,₹35049.70,2,₹315447.30,₹309138.35,UPI,Completed,Same Day,STORE013,Bangalore,EMP0036,Meera Kumar
TXN0001718,2024-08-22,CUST01718,Raj Sharma,+91 9043132551,Other,63,South,Premium,PROD0266,Jeans 3985,BrandB,Clothing,Eco-Friendly,New,8,₹32903.71,1,₹263229.68,₹260597.38,Net Banking,Refunded,Same Day,STORE015,Chennai,EMP0009,Anjali Singh
TXN0001719,2023-09-01,CUST01719,Vikram Gupta,+91 9471781305,Male,27,West,Regular,PROD0079,Makeup 4089,BrandD,Beauty,New,Limited Edition,4,₹3120.51,14,₹12482.04,₹10734.55,Net Banking,Pending,Express,STORE019,Bangalore,EMP0041,Rohit Joshi
TXN0001720,2023-11-05,CUST01720,Anjali Kumar,+91 9617763661,Male,53,West,VIP,PROD0467,Laptop 1709,BrandA,Electronics,Limited Edition,Premium,4,₹6923.19,7,₹27692.76,₹25754.27,Wallet,Pending,Standard,STORE006,Pune,EMP0015,Raj Patel
TXN0001721,2024-04-22,CUST01721,Vikram Singh,+91 9467963874,Female,33,East,Premium,PROD0171,Smartwatch 361,BrandA,Electronics,New,Sale,6,₹17486.90,8,₹104921.40,₹96527.69,UPI,Pending,Standard,STORE020,Delhi,EMP0022,Kavya Patel
TXN0001722,2024-10-25,CUST01722,Meera Sharma,+91 9816223876,Female,33,East,Premium,PROD0060,Groceries 4200,BrandD,Food,Limited Edition,New,9,₹41998.77,15,₹377988.93,₹321290.59,Debit Card,Cancelled,Same Day,STORE003,Kolkata,EMP0043,Arjun Patel
TXN0001723,2024-04-23,CUST01723,Rohit Kumar,+91 9320113127,Other,62,Central,Premium,PROD0048,Decor 3216,BrandB,Home & Living,Sale,Premium,8,₹26113.97,3,₹208911.76,₹202644.41,Debit Card,Completed,Express,STORE014,Chennai,EMP0047,Anjali Agarwal
TXN0001724,2024-08-29,CUST01724,Anjali Singh,+91 9283510520,Female,64,Central,Premium,PROD0413,Bedding 5254,BrandC,Home & Living,Limited Edition,New,4,₹33872.07,21,₹135488.28,₹107035.74,Debit Card,Pending,Same Day,STORE004,Kolkata,EMP0015,Meera Gupta
TXN0001725,2023-11-24,CUST01725,Raj Joshi,+91 9967222587,Male,32,North,Premium,PROD0366,Cookbook 9103,BrandB,Books,Limited Edition,Limited Edition,2,₹8101.04,22,₹16202.08,₹12637.62,UPI,Pending,Standard,STORE011,Chennai,EMP0031,Rohit Agarwal
TXN0001726,2024-05-20,CUST01726,Rohit Yadav,+91 9009354965,Female,47,East,VIP,PROD0310,Jacket 1014,BrandD,Clothing,Premium,Sale,1,₹2635.46,5,₹2635.46,₹2503.69,Debit Card,Pending,Same Day,STORE020,Delhi,EMP0010,Anjali Yadav
TXN0001727,2023-11-15,CUST01727,Vikram Patel,+91 9000900661,Other,69,East,Premium,PROD0421,Groceries 7402,BrandB,Food,New,Limited Edition,4,₹23991.75,10,₹95967.00,₹86370.30,Net Banking,Pending,Pickup,STORE008,Bangalore,EMP0025,Kavya Joshi
TXN0001728,2023-08-25,CUST01728,Vikram Reddy,+91 9703627123,Female,31,West,VIP,PROD0069,Frozen Food 1846,BrandB,Food,Sale,Premium,8,₹30066.10,5,₹240528.80,₹228502.36,Debit Card,Cancelled,Pickup,STORE006,Chennai,EMP0031,Priya Verma
TXN0001729,2023-11-15,CUST01729,Arjun Agarwal,+91 9089645766,Female,48,East,Regular,PROD0318,Yoga Mat 6833,BrandD,Sports,Popular,Popular,1,₹39742.66,9,₹39742.66,₹36165.82,Credit Card,Pending,Same Day,STORE017,Kolkata,EMP0018,Kavya Singh
TXN0001730,2023-06-21,CUST01730,Kavya Kumar,+91 9373018725,Other,54,South,Regular,PROD0451,Snacks 6209,BrandD,Food,Popular,Sale,8,₹38240.76,1,₹305926.08,₹302866.82,UPI,Cancelled,Pickup,STORE009,Pune,EMP0001,Meera Joshi
TXN0001731,2024-11-05,CUST01731,Raj Singh,+91 9824777199,Female,43,South,Regular,PROD0365,Biography 2025,BrandE,Books,Eco-Friendly,Popular,6,₹48694.15,19,₹292164.90,₹236653.57,Debit Card,Pending,Same Day,STORE009,Delhi,EMP0039,Anjali Patel
TXN0001732,2024-04-07,CUST01732,Raj Patel,+91 9012393018,Male,58,South,Regular,PROD0206,Furniture 3136,BrandB,Home & Living,Popular,Popular,7,₹31426.75,6,₹219987.25,₹206788.01,UPI,Pending,Same Day,STORE007,Chennai,EMP0020,Kavya Kumar
TXN0001733,2024-03-30,CUST01733,Amit Joshi,+91 9757130785,Other,60,Central,Regular,PROD0319,Dairy 551,BrandC,Food,Sale,Premium,3,₹23801.52,28,₹71404.56,₹51411.28,Net Banking,Pending,Same Day,STORE018,Pune,EMP0045,Raj Yadav
TXN0001734,2024-12-17,CUST01734,Amit Gupta,+91 9005639581,Male,54,East,Regular,PROD0066,Decor 1495,BrandE,Home & Living,Eco-Friendly,Eco-Friendly,2,₹36756.31,4,₹73512.62,₹70572.12,Net Banking,Completed,Standard,STORE008,Hyderabad,EMP0025,Kavya Verma
TXN0001735,2024-03-24,CUST01735,Anjali Agarwal,+91 9402844084,Other,60,East,VIP,PROD0302,Dress 4573,BrandE,Clothing,Sale,Premium,1,₹42327.06,16,₹42327.06,₹35554.73,Debit Card,Refunded,Pickup,STORE014,Bangalore,EMP0024,Kavya Joshi
TXN0001736,2023-12-15,CUST01736,Priya Singh,+91 9823781568,Other,44,Central,Premium,PROD0272,Textbook 3232,BrandB,Books,Popular,Popular,7,₹43471.91,23,₹304303.37,₹234313.59,Wallet,Completed,Express,STORE006,Pune,EMP0015,Sneha Patel
TXN0001737,2024-11-14,CUST01737,Meera Singh,+91 9943591390,Female,34,South,Premium,PROD0320,Biography 2105,BrandE,Books,Premium,Eco-Friendly,10,₹14919.45,0,₹149194.50,₹149194.50,UPI,Pending,Standard,STORE018,Hyderabad,EMP0008,Rohit Kumar
TXN0001738,2023-07-18,CUST01738,Arjun Patel,+91 9751626495,Other,22,North,VIP,PROD0343,Furniture 9977,BrandC,Home & Living,New,Popular,3,₹36608.17,16,₹109824.51,₹92252.59,UPI,Completed,Express,STORE001,Chennai,EMP0035,Priya Sharma
TXN0001739,2024-05-05,CUST01739,Kavya Yadav,+91 9580857355,Male,50,South,Premium,PROD0346,T-Shirt 2818,BrandE,Clothing,New,Limited Edition,8,₹38743.87,20,₹309950.96,₹247960.77,Cash,Cancelled,Same Day,STORE019,Delhi,EMP0035,Sneha Patel
TXN0001740,2024-08-11,CUST01740,Raj Gupta,+91 9673279266,Other,67,East,Premium,PROD0323,Perfume 186,BrandB,Beauty,New,Eco-Friendly,2,₹38627.44,17,₹77254.88,₹64121.55,Cash,Refunded,Standard,STORE019,Kolkata,EMP0011,Anjali Patel
TXN0001741,2024-07-24,CUST01741,Kavya Singh,+91 9859501381,Male,39,East,Regular,PROD0136,Smartwatch 9789,BrandE,Electronics,Premium,New,8,₹49399.48,9,₹395195.84,₹359628.21,Net Banking,Pending,Express,STORE020,Pune,EMP0047,Rohit Yadav
TXN0001742,2023-04-29,CUST01742,Sneha Sharma,+91 9497522723,Other,42,North,Premium,PROD0408,Furniture 6708,BrandE,Home & Living,Eco-Friendly,Eco-Friendly,10,₹5080.60,13,₹50806.00,₹44201.22,Cash,Cancelled,Standard,STORE019,Chennai,EMP0049,Priya Sharma
TXN0001743,2024-04-25,CUST01743,Meera Yadav,+91 9693271976,Other,64,East,VIP,PROD0294,Novel 584,BrandC,Books,Eco-Friendly,Sale,2,₹44655.09,21,₹89310.18,₹70555.04,UPI,Completed,Express,STORE002,Chennai,EMP0007,Anjali Verma
TXN0001744,2024-12-25,CUST01744,Priya Kumar,+91 9570534202,Male,60,South,Regular,PROD0033,Snacks 5465,BrandD,Food,New,Limited Edition,6,₹7613.25,23,₹45679.50,₹35173.22,Net Banking,Completed,Same Day,STORE010,Delhi,EMP0045,Arjun Verma
TXN0001745,2023-03-13,CUST01745,Raj Gupta,+91 9041948493,Male,70,South,VIP,PROD0289,Lighting 6909,BrandD,Home & Living,Premium,Eco-Friendly,7,₹2682.16,3,₹18775.12,₹18211.87,Wallet,Refunded,Pickup,STORE013,Chennai,EMP0019,Raj Reddy
TXN0001746,2024-04-25,CUST01746,Rohit Reddy,+91 9555007217,Male,59,West,Regular,PROD0154,Skincare 8202,BrandC,Beauty,Eco-Friendly,Popular,2,₹37049.75,0,₹74099.50,₹74099.50,UPI,Completed,Pickup,STORE012,Chennai,EMP0019,Kavya Kumar
TXN0001747,2024-08-14,CUST01747,Rohit Gupta,+91 9007392863,Male,40,Central,Regular,PROD0160,T-Shirt 7675,BrandA,Clothing,Eco-Friendly,Limited Edition,2,₹7890.13,12,₹15780.26,₹13886.63,Debit Card,Cancelled,Express,STORE013,Delhi,EMP0023,Anjali Verma
TXN0001748,2023-04-28,CUST01748,Vikram Sharma,+91 9989843673,Female,55,West,Regular,PROD0472,Yoga Mat 9297,BrandE,Sports,New,New,6,₹7376.13,17,₹44256.78,₹36733.13,Wallet,Cancelled,Pickup,STORE001,Hyderabad,EMP0040,Sneha Gupta
TXN0001749,2024-03-20,CUST01749,Kavya Yadav,+91 9821491227,Male,48,East,Premium,PROD0174,Smartwatch 2146,BrandE,Electronics,Sale,Limited Edition,1,₹2680.38,11,₹2680.38,₹2385.54,Wallet,Completed,Pickup,STORE007,Mumbai,EMP0022,Sneha Agarwal
TXN0001750,2024-01-30,CUST01750,Rohit Yadav,+91 9079346565,Female,31,Central,Regular,PROD0302,Jacket 7398,BrandD,Clothing,Popular,Limited Edition,4,₹15078.35,29,₹60313.40,₹42822.51,Credit Card,Completed,Same Day,STORE004,Delhi,EMP0035,Priya Singh
TXN0001751,2024-06-23,CUST01751,Sneha Patel,+91 9809805587,Other,45,West,VIP,PROD0159,Dairy 9116,BrandE,Food,Popular,Eco-Friendly,6,₹41115.81,27,₹246694.86,₹180087.25,Wallet,Cancelled,Express,STORE020,Bangalore,EMP0025,Anjali Patel
TXN0001752,2023-05-29,CUST01752,Amit Singh,+91 9214106938,Male,43,North,Premium,PROD0211,Headphones 7772,BrandC,Electronics,Eco-Friendly,Limited Edition,4,₹1872.35,23,₹7489.40,₹5766.84,Wallet,Refunded,Pickup,STORE001,Delhi,EMP0015,Priya Yadav
TXN0001753,2024-03-29,CUST01753,Raj Joshi,+91 9576586170,Other,46,West,Premium,PROD0253,Smartphone 5725,BrandC,Electronics,Premium,New,3,₹33809.04,6,₹101427.12,₹95341.49,Credit Card,Completed,Standard,STORE020,Chennai,EMP0024,Amit Gupta
TXN0001754,2023-05-01,CUST01754,Rohit Singh,+91 9967287898,Male,52,East,VIP,PROD0050,Decor 2768,BrandB,Home & Living,Sale,Eco-Friendly,4,₹10358.72,0,₹41434.88,₹41434.88,Cash,Cancelled,Pickup,STORE016,Delhi,EMP0029,Sneha Joshi
TXN0001755,2024-02-07,CUST01755,Vikram Gupta,+91 9260730419,Other,38,North,Premium,PROD0009,Haircare 4947,BrandC,Beauty,Eco-Friendly,Limited Edition,2,₹203.48,15,₹406.96,₹345.92,Debit Card,Completed,Pickup,STORE014,Mumbai,EMP0015,Meera Joshi
TXN0001756,2024-10-25,CUST01756,Sneha Kumar,+91 9393988668,Other,56,East,VIP,PROD0002,Comic 6828,BrandC,Books,Sale,Eco-Friendly,2,₹2544.17,19,₹5088.34,₹4121.56,Wallet,Pending,Express,STORE001,Pune,EMP0048,Meera Joshi
TXN0001757,2023-03-09,CUST01757,Kavya Reddy,+91 9346336408,Female,22,North,Premium,PROD0109,Dairy 4156,BrandA,Food,New,New,8,₹23060.98,30,₹184487.84,₹129141.49,Cash,Completed,Same Day,STORE016,Pune,EMP0006,Raj Yadav
TXN0001758,2024-06-21,CUST01758,Anjali Sharma,+91 9554190048,Other,46,South,Premium,PROD0033,Skincare 3720,BrandB,Beauty,Popular,Sale,4,₹40539.10,5,₹162156.40,₹154048.58,Debit Card,Refunded,Standard,STORE003,Delhi,EMP0047,Priya Yadav
TXN0001759,2024-11-04,CUST01759,Raj Agarwal,+91 9861164240,Other,47,South,Regular,PROD0191,T-Shirt 1363,BrandC,Clothing,Premium,Eco-Friendly,10,₹34291.64,7,₹342916.40,₹318912.25,Debit Card,Pending,Pickup,STORE001,Mumbai,EMP0030,Meera Verma
TXN0001760,2023-01-20,CUST01760,Arjun Patel,+91 9391926837,Other,52,North,Premium,PROD0269,Cosmetics 8884,BrandE,Beauty,Premium,Sale,3,₹34919.46,28,₹104758.38,₹75426.03,Wallet,Cancelled,Standard,STORE003,Chennai,EMP0036,Amit Singh
TXN0001761,2023-02-25,CUST01761,Meera Verma,+91 9689460980,Male,54,East,Regular,PROD0426,Lighting 684,BrandE,Home & Living,Popular,Sale,4,₹22598.65,5,₹90394.60,₹85874.87,UPI,Pending,Same Day,STORE017,Delhi,EMP0023,Meera Agarwal
TXN0001762,2023-12-02,CUST01762,Vikram Patel,+91 9334271197,Male,27,Central,Premium,PROD0400,Beverages 6576,BrandD,Food,Sale,Eco-Friendly,4,₹8247.12,28,₹32988.48,₹23751.71,Debit Card,Completed,Standard,STORE002,Delhi,EMP0003,Arjun Sharma
TXN0001763,2024-09-15,CUST01763,Meera Yadav,+91 9347549229,Female,41,Central,Regular,PROD0041,Yoga Mat 8262,BrandC,Sports,Sale,Sale,6,₹13720.92,24,₹82325.52,₹62567.40,Cash,Pending,Standard,STORE014,Delhi,EMP0041,Sneha Patel
TXN0001764,2024-01-23,CUST01764,Sneha Gupta,+91 9795520065,Male,67,Central,Premium,PROD0225,Tablet 1132,BrandC,Electronics,Limited Edition,Sale,6,₹46295.65,26,₹277773.90,₹205552.69,Credit Card,Cancelled,Standard,STORE002,Chennai,EMP0008,Rohit Joshi
TXN0001765,2024-08-14,CUST01765,Kavya Singh,+91 9256221047,Male,27,Central,Regular,PROD0449,Comic 1274,BrandB,Books,New,Sale,2,₹17247.05,21,₹34494.10,₹27250.34,Cash,Pending,Standard,STORE005,Kolkata,EMP0038,Amit Gupta
TXN0001766,2024-10-29,CUST01766,Amit Yadav,+91 9051555963,Male,65,North,Premium,PROD0484,Furniture 2859,BrandB,Home & Living,Premium,Sale,2,₹8987.38,2,₹17974.76,₹17615.26,Net Banking,Pending,Pickup,STORE019,Bangalore,EMP0029,Sneha Verma
TXN0001767,2024-04-19,CUST01767,Amit Patel,+91 9345628050,Female,45,South,VIP,PROD0264,T-Shirt 9378,BrandD,Clothing,Limited Edition,Sale,3,₹18934.81,15,₹56804.43,₹48283.77,Credit Card,Cancelled,Standard,STORE007,Pune,EMP0020,Amit Yadav
TXN0001768,2024-05-22,CUST01768,Meera Agarwal,+91 9940479150,Male,50,East,Premium,PROD0021,Bedding 3550,BrandB,Home & Living,Limited Edition,Eco-Friendly,2,₹19633.96,21,₹39267.92,₹31021.66,Wallet,Refunded,Standard,STORE007,Kolkata,EMP0030,Rohit Gupta
TXN0001769,2023-01-10,CUST01769,Amit Reddy,+91 9918638123,Female,38,West,Premium,PROD0035,Tennis Racket 1170,BrandA,Sports,New,New,1,₹33187.41,29,₹33187.41,₹23563.06,Debit Card,Pending,Express,STORE016,Kolkata,EMP0002,Raj Kumar
TXN0001770,2023-05-18,CUST01770,Arjun Gupta,+91 9524879239,Male,31,East,VIP,PROD0031,Novel 8402,BrandB,Books,New,Premium,10,₹33451.91,9,₹334519.10,₹304412.38,Net Banking,Cancelled,Standard,STORE020,Kolkata,EMP0042,Amit Patel
TXN0001771,2024-09-20,CUST01771,Amit Agarwal,+91 9893599191,Other,20,West,Premium,PROD0140,Snacks 3429,BrandE,Food,Limited Edition,New,4,₹1971.41,24,₹7885.64,₹5993.09,Wallet,Cancelled,Express,STORE020,Chennai,EMP0031,Raj Agarwal
TXN0001772,2023-02-06,CUST01772,Kavya Sharma,+91 9490228987,Other,67,East,Regular,PROD0280,Kitchenware 6838,BrandB,Home & Living,Limited Edition,Eco-Friendly,2,₹30018.96,1,₹60037.92,₹59437.54,Wallet,Refunded,Pickup,STORE007,Kolkata,EMP0040,Amit Gupta
TXN0001773,2024-03-28,CUST01773,Sneha Sharma,+91 9270743250,Male,53,East,Regular,PROD0146,Bedding 4979,BrandA,Home & Living,Limited Edition,Eco-Friendly,4,₹34401.79,12,₹137607.16,₹121094.30,Debit Card,Pending,Same Day,STORE014,Pune,EMP0021,Rohit Verma
TXN0001774,2024-12-12,CUST01774,Arjun Gupta,+91 9017749869,Other,54,North,Regular,PROD0011,Cosmetics 7766,BrandE,Beauty,Sale,Sale,5,₹40806.61,25,₹204033.05,₹153024.79,Credit Card,Pending,Same Day,STORE005,Delhi,EMP0033,Vikram Agarwal
TXN0001775,2023-01-21,CUST01775,Raj Sharma,+91 9959407792,Female,44,North,Regular,PROD0496,Cookbook 8610,BrandA,Books,Limited Edition,Premium,6,₹28797.75,28,₹172786.50,₹124406.28,Debit Card,Completed,Standard,STORE019,Bangalore,EMP0026,Meera Gupta
TXN0001776,2024-02-18,CUST01776,Arjun Verma,+91 9568208572,Male,53,Central,VIP,PROD0377,Headphones 7991,BrandB,Electronics,Limited Edition,Premium,4,₹18462.18,5,₹73848.72,₹70156.28,Cash,Pending,Pickup,STORE003,Pune,EMP0032,Arjun Singh
TXN0001777,2024-04-02,CUST01777,Raj Singh,+91 9800265511,Male,59,Central,Premium,PROD0163,Laptop 7040,BrandD,Electronics,Eco-Friendly,Limited Edition,5,₹35037.83,18,₹175189.15,₹143655.10,Debit Card,Cancelled,Express,STORE004,Chennai,EMP0017,Arjun Sharma
TXN0001778,2023-03-12,CUST01778,Rohit Reddy,+91 9524995875,Male,20,West,Premium,PROD0205,Makeup 4348,BrandB,Beauty,Limited Edition,Limited Edition,6,₹28439.55,6,₹170637.30,₹160399.06,Wallet,Pending,Express,STORE012,Bangalore,EMP0047,Arjun Joshi
TXN0001779,2023-04-12,CUST01779,Raj Yadav,+91 9061567970,Other,42,North,Premium,PROD0242,Smartphone 3286,BrandC,Electronics,Limited Edition,Premium,1,₹38802.34,30,₹38802.34,₹27161.64,Wallet,Completed,Same Day,STORE017,Mumbai,EMP0042,Meera Gupta
TXN0001780,2023-02-01,CUST01780,Anjali Kumar,+91 9893809824,Male,37,West,VIP,PROD0464,Snacks 1692,BrandE,Food,Eco-Friendly,New,5,₹21465.21,22,₹107326.05,₹83714.32,Debit Card,Refunded,Pickup,STORE002,Bangalore,EMP0043,Rohit Agarwal
TXN0001781,2024-10-16,CUST01781,Meera Joshi,+91 9502532560,Other,29,West,Premium,PROD0173,Jacket 8212,BrandE,Clothing,Premium,Limited Edition,10,₹2732.61,1,₹27326.10,₹27052.84,Credit Card,Refunded,Pickup,STORE015,Hyderabad,EMP0040,Sneha Yadav
TXN0001782,2024-09-25,CUST01782,Sneha Sharma,+91 9647075173,Other,57,North,VIP,PROD0259,Headphones 7233,BrandB,Electronics,Eco-Friendly,Limited Edition,10,₹35643.24,6,₹356432.40,₹335046.46,Credit Card,Cancelled,Standard,STORE002,Pune,EMP0033,Rohit Sharma
TXN0001783,2023-08-19,CUST01783,Meera Yadav,+91 9970170916,Male,46,West,Premium,PROD0425,Gym Equipment 7159,BrandA,Sports,Premium,Premium,1,₹49754.46,8,₹49754.46,₹45774.10,Debit Card,Pending,Same Day,STORE003,Delhi,EMP0019,Priya Verma
TXN0001784,2024-10-11,CUST01784,Arjun Verma,+91 9926252434,Female,37,West,Premium,PROD0230,Cosmetics 2093,BrandC,Beauty,Premium,New,6,₹30967.17,20,₹185803.02,₹148642.42,Cash,Completed,Pickup,STORE002,Chennai,EMP0023,Raj Sharma
TXN0001785,2024-01-24,CUST01785,Sneha Verma,+91 9506139091,Male,60,Central,Regular,PROD0452,Cookbook 9539,BrandA,Books,New,Sale,5,₹15130.24,21,₹75651.20,₹59764.45,Credit Card,Completed,Same Day,STORE006,Pune,EMP0049,Arjun Verma
TXN0001786,2024-08-01,CUST01786,Anjali Verma,+91 9176165235,Male,62,Central,Regular,PROD0488,Cookbook 6640,BrandB,Books,Premium,Eco-Friendly,9,₹35369.93,20,₹318329.37,₹254663.50,UPI,Completed,Standard,STORE017,Chennai,EMP0007,Vikram Reddy
TXN0001787,2024-07-27,CUST01787,Priya Reddy,+91 9061110088,Female,19,East,Premium,PROD0500,Beverages 5255,BrandC,Food,Popular,Eco-Friendly,4,₹39957.17,26,₹159828.68,₹118273.22,UPI,Cancelled,Standard,STORE003,Hyderabad,EMP0010,Sneha Agarwal
TXN0001788,2023-07-08,CUST01788,Kavya Kumar,+91 9572504273,Female,23,South,VIP,PROD0254,T-Shirt 669,BrandC,Clothing,Limited Edition,Limited Edition,6,₹49597.94,9,₹297587.64,₹270804.75,Debit Card,Pending,Standard,STORE015,Hyderabad,EMP0050,Sneha Singh
TXN0001789,2024-11-26,CUST01789,Raj Singh,+91 9047127646,Female,52,South,Premium,PROD0244,Groceries 5119,BrandC,Food,Premium,New,6,₹38922.30,4,₹233533.80,₹224192.45,Wallet,Completed,Pickup,STORE003,Bangalore,EMP0039,Vikram Sharma
TXN0001790,2024-10-03,CUST01790,Sneha Gupta,+91 9375532061,Female,48,South,VIP,PROD0162,Dress 1995,BrandC,Clothing,New,Premium,1,₹7612.93,10,₹7612.93,₹6851.64,Wallet,Completed,Express,STORE016,Pune,EMP0027,Kavya Gupta
TXN0001791,2023-09-16,CUST01791,Raj Reddy,+91 9454379656,Other,64,North,Premium,PROD0146,Jeans 7935,BrandE,Clothing,Eco-Friendly,Limited Edition,2,₹10511.21,23,₹21022.42,₹16187.26,Credit Card,Refunded,Standard,STORE014,Chennai,EMP0012,Sneha Patel
TXN0001792,2023-02-21,CUST01792,Vikram Gupta,+91 9399633338,Male,39,North,Premium,PROD0330,Groceries 3300,BrandE,Food,Eco-Friendly,Popular,8,₹11825.36,15,₹94602.88,₹80412.45,UPI,Cancelled,Express,STORE018,Hyderabad,EMP0027,Rohit Kumar
TXN0001793,2023-02-14,CUST01793,Raj Gupta,+91 9107783967,Other,67,Central,VIP,PROD0338,Biography 9549,BrandA,Books,New,Sale,4,₹24990.33,5,₹99961.32,₹94963.25,Debit Card,Refunded,Standard,STORE011,Pune,EMP0011,Sneha Reddy
TXN0001794,2024-09-09,CUST01794,Sneha Singh,+91 9189850689,Female,62,South,VIP,PROD0358,Novel 3143,BrandD,Books,Sale,New,8,₹49549.03,19,₹396392.24,₹321077.71,Net Banking,Completed,Same Day,STORE004,Pune,EMP0038,Arjun Joshi
TXN0001795,2023-09-12,CUST01795,Priya Verma,+91 9469615097,Male,51,North,Premium,PROD0353,Lighting 7085,BrandB,Home & Living,Eco-Friendly,Popular,4,₹27642.85,13,₹110571.40,₹96197.12,Net Banking,Pending,Same Day,STORE005,Delhi,EMP0018,Sneha Singh
TXN0001796,2023-11-18,CUST01796,Rohit Yadav,+91 9506621086,Male,66,East,VIP,PROD0264,Dairy 8985,BrandA,Food,New,New,9,₹36649.84,14,₹329848.56,₹283669.76,Credit Card,Pending,Same Day,STORE011,Kolkata,EMP0023,Sneha Sharma
TXN0001797,2023-07-19,CUST01797,Kavya Gupta,+91 9650736939,Male,56,North,Premium,PROD0091,Beverages 4108,BrandE,Food,New,Popular,1,₹25384.09,7,₹25384.09,₹23607.20,Cash,Completed,Express,STORE015,Pune,EMP0006,Raj Joshi
TXN0001798,2024-12-04,CUST01798,Raj Yadav,+91 9936192919,Female,67,North,Premium,PROD0206,Haircare 4928,BrandB,Beauty,Eco-Friendly,New,8,₹17064.77,28,₹136518.16,₹98293.08,Cash,Refunded,Pickup,STORE012,Pune,EMP0034,Vikram Singh
TXN0001799,2024-10-31,CUST01799,Kavya Verma,+91 9712183455,Female,70,West,Premium,PROD0137,Bedding 3157,BrandD,Home & Living,Eco-Friendly,Eco-Friendly,7,₹1957.43,1,₹13702.01,₹13564.99,Wallet,Cancelled,Same Day,STORE006,Mumbai,EMP0044,Arjun Reddy
TXN0001800,2023-04-22,CUST01800,Rohit Kumar,+91 9151806928,Male,41,East,Regular,PROD0297,Smartwatch 681,BrandA,Electronics,Premium,Premium,9,₹35287.61,24,₹317588.49,₹241367.25,Cash,Completed,Standard,STORE002,Chennai,EMP0007,Arjun Singh
TXN0001801,2023-04-04,CUST01801,Raj Kumar,+91 9327382330,Male,37,West,Regular,PROD0345,Frozen Food 1459,BrandE,Food,Eco-Friendly,Eco-Friendly,1,₹39272.41,17,₹39272.41,₹32596.10,Debit Card,Refunded,Pickup,STORE015,Mumbai,EMP0019,Raj Reddy
TXN0001802,2023-01-04,CUST01802,Priya Patel,+91 9226194743,Female,66,Central,VIP,PROD0103,Tennis Racket 1723,BrandD,Sports,Eco-Friendly,Premium,9,₹33862.01,5,₹304758.09,₹289520.19,Net Banking,Refunded,Express,STORE017,Mumbai,EMP0036,Amit Verma
TXN0001803,2024-07-27,CUST01803,Rohit Patel,+91 9388888945,Male,25,West,VIP,PROD0424,Smartphone 6163,BrandD,Electronics,Eco-Friendly,New,9,₹9349.51,14,₹84145.59,₹72365.21,Net Banking,Pending,Standard,STORE001,Chennai,EMP0030,Kavya Yadav
TXN0001804,2024-06-12,CUST01804,Priya Verma,+91 9032065928,Other,23,North,Premium,PROD0284,Frozen Food 7990,BrandC,Food,Eco-Friendly,Limited Edition,9,₹3441.47,19,₹30973.23,₹25088.32,Net Banking,Refunded,Pickup,STORE004,Mumbai,EMP0004,Anjali Yadav
TXN0001805,2024-12-26,CUST01805,Kavya Joshi,+91 9718694908,Male,62,North,VIP,PROD0035,Smartwatch 452,BrandA,Electronics,Eco-Friendly,Popular,3,₹34243.31,30,₹102729.93,₹71910.95,Credit Card,Completed,Standard,STORE019,Kolkata,EMP0030,Arjun Agarwal
TXN0001806,2023-11-03,CUST01806,Raj Patel,+91 9602927397,Other,67,South,Regular,PROD0125,Decor 6053,BrandA,Home & Living,Limited Edition,Popular,7,₹28262.68,11,₹197838.76,₹176076.50,Cash,Completed,Express,STORE016,Delhi,EMP0025,Rohit Joshi
TXN0001807,2023-04-04,CUST01807,Rohit Joshi,+91 9802537029,Other,42,Central,Regular,PROD0344,Cricket Bat 5508,BrandE,Sports,Sale,Eco-Friendly,9,₹22056.33,5,₹198506.97,₹188581.62,Cash,Cancelled,Standard,STORE018,Hyderabad,EMP0008,Meera Yadav
TXN0001808,2023-11-26,CUST01808,Raj Singh,+91 9979574048,Female,56,East,Premium,PROD0375,Jacket 5379,BrandD,Clothing,Limited Edition,Sale,6,₹12930.64,1,₹77583.84,₹76808.00,Wallet,Pending,Same Day,STORE008,Bangalore,EMP0008,Arjun Gupta
TXN0001809,2024-01-28,CUST01809,Amit Sharma,+91 9429990077,Female,32,West,VIP,PROD0309,Makeup 3869,BrandC,Beauty,Eco-Friendly,Popular,7,₹48088.85,13,₹336621.95,₹292861.10,Cash,Cancelled,Same Day,STORE016,Bangalore,EMP0018,Rohit Yadav
TXN0001810,2023-09-09,CUST01810,Kavya Yadav,+91 9079711931,Female,30,North,Regular,PROD0356,Jacket 2444,BrandD,Clothing,New,New,8,₹11246.46,25,₹89971.68,₹67478.76,Wallet,Pending,Express,STORE014,Chennai,EMP0034,Anjali Kumar
TXN0001811,2023-05-19,CUST01811,Raj Agarwal,+91 9428682162,Other,34,South,VIP,PROD0108,Kitchenware 9761,BrandC,Home & Living,Limited Edition,Premium,1,₹10376.37,15,₹10376.37,₹8819.91,Wallet,Completed,Express,STORE016,Hyderabad,EMP0007,Kavya Sharma
TXN0001812,2024-06-14,CUST01812,Kavya Singh,+91 9591741209,Male,21,North,Premium,PROD0111,Jeans 9241,BrandE,Clothing,Popular,Sale,4,₹20747.90,15,₹82991.60,₹70542.86,Cash,Pending,Standard,STORE012,Pune,EMP0043,Arjun Agarwal
TXN0001813,2023-08-23,CUST01813,Sneha Verma,+91 9079921939,Female,57,South,Regular,PROD0438,Groceries 3159,BrandE,Food,Sale,Eco-Friendly,2,₹46327.36,24,₹92654.72,₹70417.59,UPI,Cancelled,Express,STORE020,Chennai,EMP0041,Rohit Reddy
TXN0001814,2024-08-21,CUST01814,Sneha Gupta,+91 9537761172,Male,45,East,Premium,PROD0215,Makeup 3522,BrandD,Beauty,Eco-Friendly,New,1,₹40688.13,2,₹40688.13,₹39874.37,Debit Card,Completed,Pickup,STORE014,Hyderabad,EMP0027,Rohit Kumar
TXN0001815,2024-04-18,CUST01815,Rohit Agarwal,+91 9595799064,Other,64,East,Premium,PROD0079,Jeans 4197,BrandA,Clothing,New,Eco-Friendly,2,₹32351.79,11,₹64703.58,₹57586.19,Wallet,Completed,Express,STORE008,Mumbai,EMP0033,Anjali Agarwal
TXN0001816,2024-11-29,CUST01816,Raj Sharma,+91 9416576196,Female,63,North,VIP,PROD0398,Skincare 3999,BrandE,Beauty,Eco-Friendly,Premium,8,₹20053.11,8,₹160424.88,₹147590.89,Credit Card,Refunded,Same Day,STORE011,Hyderabad,EMP0046,Raj Sharma
TXN0001817,2024-10-29,CUST01817,Anjali Gupta,+91 9498915263,Male,58,Central,VIP,PROD0148,Headphones 9400,BrandC,Electronics,Eco-Friendly,Eco-Friendly,3,₹112.24,10,₹336.72,₹303.05,Debit Card,Refunded,Standard,STORE009,Pune,EMP0026,Rohit Sharma
TXN0001818,2023-07-25,CUST01818,Sneha Yadav,+91 9075867281,Other,51,South,Premium,PROD0193,Haircare 5242,BrandC,Beauty,Popular,Premium,9,₹44743.98,12,₹402695.82,₹354372.32,Debit Card,Cancelled,Same Day,STORE005,Delhi,EMP0002,Meera Singh
TXN0001819,2024-09-20,CUST01819,Anjali Gupta,+91 9431980554,Other,41,North,Regular,PROD0474,Cricket Bat 2439,BrandC,Sports,Premium,New,1,₹3043.45,3,₹3043.45,₹2952.15,Net Banking,Refunded,Pickup,STORE013,Kolkata,EMP0024,Arjun Gupta
TXN0001820,2023-09-05,CUST01820,Sneha Sharma,+91 9009831325,Male,41,East,Regular,PROD0242,Cookbook 6820,BrandC,Books,Premium,Popular,7,₹10655.80,22,₹74590.60,₹58180.67,Cash,Refunded,Express,STORE010,Delhi,EMP0048,Amit Singh
TXN0001821,2023-02-09,CUST01821,Anjali Kumar,+91 9628909001,Other,63,North,Premium,PROD0186,Gym Equipment 6211,BrandA,Sports,Popular,Eco-Friendly,7,₹20249.29,16,₹141745.03,₹119065.83,Net Banking,Cancelled,Pickup,STORE003,Pune,EMP0036,Rohit Verma
TXN0001822,2023-03-31,CUST01822,Amit Verma,+91 9168533658,Female,25,South,Premium,PROD0213,Laptop 2451,BrandB,Electronics,Limited Edition,Premium,3,₹8067.07,15,₹24201.21,₹20571.03,Net Banking,Completed,Same Day,STORE012,Chennai,EMP0030,Priya Agarwal
TXN0001823,2024-04-01,CUST01823,Amit Yadav,+91 9747780931,Male,69,North,VIP,PROD0500,Headphones 8123,BrandE,Electronics,Popular,Eco-Friendly,2,₹30524.52,3,₹61049.04,₹59217.57,Cash,Pending,Express,STORE020,Kolkata,EMP0048,Anjali Patel
TXN0001824,2024-08-10,CUST01824,Priya Sharma,+91 9388638888,Female,40,South,Regular,PROD0310,Football 5714,BrandA,Sports,Premium,New,6,₹23884.20,21,₹143305.20,₹113211.11,Net Banking,Refunded,Pickup,STORE005,Hyderabad,EMP0047,Raj Patel
TXN0001825,2024-09-03,CUST01825,Sneha Kumar,+91 9924387330,Female,27,North,Regular,PROD0164,Shirt 625,BrandA,Clothing,Popular,New,2,₹1972.60,8,₹3945.20,₹3629.58,Cash,Completed,Pickup,STORE014,Pune,EMP0034,Vikram Verma
TXN0001826,2024-07-02,CUST01826,Kavya Gupta,+91 9556539332,Male,31,East,Premium,PROD0157,Cricket Bat 1920,BrandD,Sports,New,New,6,₹22001.57,26,₹132009.42,₹97686.97,UPI,Cancelled,Same Day,STORE014,Hyderabad,EMP0019,Amit Gupta
TXN0001827,2023-08-17,CUST01827,Meera Patel,+91 9408315379,Other,50,West,VIP,PROD0123,Frozen Food 4173,BrandE,Food,Sale,Sale,5,₹18431.06,21,₹92155.30,₹72802.69,Net Banking,Pending,Pickup,STORE020,Kolkata,EMP0007,Arjun Verma
TXN0001828,2024-01-16,CUST01828,Sneha Reddy,+91 9200281362,Male,34,West,Regular,PROD0387,Cosmetics 1701,BrandB,Beauty,Premium,Limited Edition,7,₹18498.15,2,₹129487.05,₹126897.31,Net Banking,Completed,Pickup,STORE007,Bangalore,EMP0029,Anjali Verma
TXN0001829,2024-01-27,CUST01829,Amit Reddy,+91 9418444862,Other,43,North,VIP,PROD0207,Kitchenware 2788,BrandC,Home & Living,Popular,New,4,₹21027.67,12,₹84110.68,₹74017.40,UPI,Refunded,Same Day,STORE017,Bangalore,EMP0003,Vikram Patel
TXN0001830,2023-05-19,CUST01830,Kavya Verma,+91 9861327028,Male,24,East,Regular,PROD0469,Jacket 2529,BrandB,Clothing,New,Sale,6,₹47847.48,29,₹287084.88,₹203830.26,Net Banking,Cancelled,Same Day,STORE005,Bangalore,EMP0007,Kavya Verma
TXN0001831,2024-01-03,CUST01831,Sneha Reddy,+91 9202207305,Female,40,West,Premium,PROD0186,T-Shirt 7694,BrandB,Clothing,New,Premium,2,₹35915.69,1,₹71831.38,₹71113.07,Debit Card,Refunded,Standard,STORE008,Delhi,EMP0043,Arjun Sharma
TXN0001832,2023-02-22,CUST01832,Kavya Verma,+91 9372314367,Female,24,North,Regular,PROD0370,Shirt 9984,BrandD,Clothing,Eco-Friendly,Sale,5,₹39918.74,21,₹199593.70,₹157679.02,UPI,Completed,Same Day,STORE002,Delhi,EMP0002,Raj Yadav
TXN0001833,2024-03-15,CUST01833,Amit Patel,+91 9192057738,Female,27,West,Premium,PROD0346,Cricket Bat 5754,BrandB,Sports,Premium,Limited Edition,6,₹3834.52,12,₹23007.12,₹20246.27,Credit Card,Completed,Express,STORE007,Mumbai,EMP0003,Meera Verma
TXN0001834,2023-05-11,CUST01834,Priya Reddy,+91 9771255411,Female,44,South,Premium,PROD0362,Smartphone 3247,BrandA,Electronics,Premium,Eco-Friendly,4,₹24039.58,5,₹96158.32,₹91350.40,UPI,Completed,Express,STORE016,Bangalore,EMP0042,Amit Patel
TXN0001835,2024-01-23,CUST01835,Kavya Gupta,+91 9018787597,Male,64,South,VIP,PROD0184,Headphones 6078,BrandC,Electronics,Sale,Popular,4,₹543.97,5,₹2175.88,₹2067.09,Wallet,Refunded,Pickup,STORE009,Kolkata,EMP0007,Vikram Gupta
TXN0001836,2023-10-24,CUST01836,Sneha Agarwal,+91 9441600187,Female,43,East,Premium,PROD0123,Football 1067,BrandE,Sports,Eco-Friendly,Popular,2,₹10351.32,21,₹20702.64,₹16355.09,Credit Card,Pending,Express,STORE013,Chennai,EMP0027,Kavya Verma
TXN0001837,2024-08-20,CUST01837,Arjun Agarwal,+91 9442289264,Female,24,West,Premium,PROD0455,Bedding 2993,BrandC,Home & Living,Sale,New,8,₹46875.86,12,₹375006.88,₹330006.05,Net Banking,Completed,Standard,STORE019,Pune,EMP0034,Kavya Reddy
TXN0001838,2024-11-26,CUST01838,Amit Reddy,+91 9962393101,Other,69,South,VIP,PROD0200,Dairy 2146,BrandB,Food,New,Popular,8,₹44273.02,20,₹354184.16,₹283347.33,Wallet,Pending,Same Day,STORE009,Hyderabad,EMP0048,Amit Yadav
TXN0001839,2024-08-09,CUST01839,Sneha Agarwal,+91 9120606506,Female,38,East,Premium,PROD0307,Groceries 3021,BrandD,Food,Sale,Premium,1,₹16505.74,4,₹16505.74,₹15845.51,UPI,Completed,Pickup,STORE005,Bangalore,EMP0009,Amit Sharma
TXN0001840,2024-04-03,CUST01840,Priya Verma,+91 9038292139,Male,19,West,VIP,PROD0461,Snacks 6291,BrandA,Food,New,Limited Edition,5,₹1952.20,26,₹9761.00,₹7223.14,Debit Card,Pending,Express,STORE018,Chennai,EMP0028,Priya Reddy
TXN0001841,2023-06-01,CUST01841,Rohit Patel,+91 9280205577,Other,27,North,VIP,PROD0078,Laptop 2467,BrandD,Electronics,Popular,Eco-Friendly,5,₹32802.08,5,₹164010.40,₹155809.88,Credit Card,Cancelled,Same Day,STORE020,Delhi,EMP0020,Rohit Agarwal
TXN0001842,2023-09-13,CUST01842,Amit Singh,+91 9714867554,Male,51,West,Regular,PROD0269,Tablet 1861,BrandE,Electronics,Limited Edition,Sale,5,₹39086.29,25,₹195431.45,₹146573.59,Net Banking,Completed,Standard,STORE007,Pune,EMP0022,Vikram Gupta
TXN0001843,2024-10-01,CUST01843,Anjali Verma,+91 9843434208,Male,49,North,Regular,PROD0103,Tennis Racket 3541,BrandB,Sports,Sale,New,9,₹668.17,30,₹6013.53,₹4209.47,UPI,Refunded,Express,STORE007,Delhi,EMP0014,Meera Sharma
TXN0001844,2024-02-07,CUST01844,Kavya Kumar,+91 9281912538,Female,38,West,VIP,PROD0318,Lighting 9265,BrandE,Home & Living,Eco-Friendly,Sale,2,₹21281.79,18,₹42563.58,₹34902.14,Cash,Completed,Same Day,STORE010,Hyderabad,EMP0050,Arjun Agarwal
TXN0001845,2024-01-28,CUST01845,Rohit Agarwal,+91 9818125098,Female,24,Central,Regular,PROD0477,Laptop 7426,BrandE,Electronics,Premium,Popular,3,₹27852.35,0,₹83557.05,₹83557.05,Debit Card,Completed,Pickup,STORE019,Kolkata,EMP0009,Amit Agarwal
TXN0001846,2024-04-02,CUST01846,Meera Reddy,+91 9071364301,Female,21,East,VIP,PROD0141,Cookbook 859,BrandB,Books,Sale,New,5,₹39534.21,26,₹197671.05,₹146276.58,Credit Card,Completed,Pickup,STORE018,Kolkata,EMP0026,Amit Yadav
TXN0001847,2023-06-01,CUST01847,Meera Yadav,+91 9409132969,Female,40,South,VIP,PROD0489,Laptop 1217,BrandA,Electronics,Popular,Premium,6,₹48425.42,2,₹290552.52,₹284741.47,Wallet,Refunded,Pickup,STORE017,Mumbai,EMP0043,Arjun Singh
TXN0001848,2023-05-14,CUST01848,Meera Agarwal,+91 9629922468,Male,20,East,Premium,PROD0018,Beverages 3613,BrandC,Food,New,Limited Edition,2,₹33648.33,13,₹67296.66,₹58548.09,Credit Card,Cancelled,Standard,STORE006,Delhi,EMP0002,Rohit Gupta
TXN0001849,2024-09-28,CUST01849,Anjali Reddy,+91 9546056481,Male,22,West,Regular,PROD0221,Snacks 2550,BrandA,Food,New,Popular,9,₹44531.65,3,₹400784.85,₹388761.30,Cash,Completed,Pickup,STORE003,Hyderabad,EMP0025,Anjali Verma
TXN0001850,2024-12-14,CUST01850,Arjun Patel,+91 9337905119,Female,34,South,VIP,PROD0189,Perfume 4659,BrandA,Beauty,Sale,Popular,1,₹22324.53,3,₹22324.53,₹21654.79,Net Banking,Cancelled,Same Day,STORE005,Chennai,EMP0037,Anjali Verma
TXN0001851,2024-02-02,CUST01851,Meera Joshi,+91 9912232254,Other,36,Central,VIP,PROD0033,Decor 730,BrandC,Home & Living,Popular,New,3,₹44230.54,30,₹132691.62,₹92884.13,Debit Card,Refunded,Express,STORE014,Mumbai,EMP0001,Sneha Sharma
TXN0001852,2023-01-30,CUST01852,Arjun Singh,+91 9424814142,Other,40,Central,Premium,PROD0323,Makeup 3381,BrandD,Beauty,Limited Edition,Eco-Friendly,7,₹11900.28,10,₹83301.96,₹74971.76,Debit Card,Refunded,Express,STORE013,Pune,EMP0004,Sneha Gupta
TXN0001853,2024-10-15,CUST01853,Rohit Yadav,+91 9474816014,Female,41,North,VIP,PROD0065,Jeans 3764,BrandC,Clothing,Premium,New,5,₹27924.99,7,₹139624.95,₹129851.20,Credit Card,Completed,Express,STORE012,Delhi,EMP0020,Raj Yadav
TXN0001854,2024-06-19,CUST01854,Sneha Verma,+91 9411907738,Other,35,East,VIP,PROD0342,Bedding 702,BrandE,Home & Living,New,Eco-Friendly,3,₹6772.04,9,₹20316.12,₹18487.67,Wallet,Pending,Standard,STORE014,Delhi,EMP0046,Priya Verma
TXN0001855,2024-02-11,CUST01855,Raj Joshi,+91 9276207867,Female,64,Central,VIP,PROD0439,Kitchenware 4974,BrandD,Home & Living,Sale,Premium,7,₹5937.20,25,₹41560.40,₹31170.30,Wallet,Refunded,Express,STORE012,Bangalore,EMP0045,Rohit Patel
TXN0001856,2023-05-05,CUST01856,Arjun Verma,+91 9446447971,Other,39,West,Regular,PROD0215,Decor 1571,BrandD,Home & Living,Limited Edition,Sale,3,₹9275.45,6,₹27826.35,₹26156.77,Credit Card,Refunded,Pickup,STORE013,Hyderabad,EMP0046,Priya Gupta
TXN0001857,2024-11-08,CUST01857,Vikram Yadav,+91 9122759095,Female,59,East,VIP,PROD0125,Dairy 9217,BrandE,Food,Premium,Limited Edition,2,₹14286.79,27,₹28573.58,₹20858.71,Cash,Cancelled,Express,STORE012,Hyderabad,EMP0005,Rohit Yadav
TXN0001858,2024-11-14,CUST01858,Priya Sharma,+91 9700007624,Female,51,East,VIP,PROD0316,Textbook 5443,BrandA,Books,Premium,Sale,1,₹36483.75,24,₹36483.75,₹27727.65,Credit Card,Cancelled,Standard,STORE005,Mumbai,EMP0020,Rohit Kumar
TXN0001859,2023-10-12,CUST01859,Raj Agarwal,+91 9524694130,Male,37,North,Premium,PROD0363,Bedding 5015,BrandD,Home & Living,New,Limited Edition,7,₹1491.28,13,₹10438.96,₹9081.90,Debit Card,Cancelled,Standard,STORE007,Hyderabad,EMP0003,Meera Verma
TXN0001860,2023-08-19,CUST01860,Priya Patel,+91 9570678187,Other,38,North,Premium,PROD0261,Bedding 1542,BrandC,Home & Living,Premium,Popular,9,₹13789.03,16,₹124101.27,₹104245.07,Wallet,Refunded,Express,STORE002,Chennai,EMP0027,Raj Agarwal
TXN0001861,2024-05-23,CUST01861,Kavya Sharma,+91 9051809405,Male,40,North,Premium,PROD0131,Biography 231,BrandD,Books,Limited Edition,Premium,5,₹40577.25,9,₹202886.25,₹184626.49,Cash,Refunded,Same Day,STORE010,Mumbai,EMP0016,Vikram Patel
TXN0001862,2024-02-04,CUST01862,Sneha Agarwal,+91 9740704669,Male,23,Central,Premium,PROD0069,Furniture 905,BrandC,Home & Living,New,Eco-Friendly,1,₹13344.32,20,₹13344.32,₹10675.46,Net Banking,Cancelled,Standard,STORE017,Chennai,EMP0026,Raj Gupta
TXN0001863,2024-04-05,CUST01863,Meera Sharma,+91 9523620539,Female,48,West,Regular,PROD0328,Cookbook 5870,BrandE,Books,Premium,Eco-Friendly,6,₹4960.71,8,₹29764.26,₹27383.12,Wallet,Pending,Same Day,STORE016,Hyderabad,EMP0044,Amit Yadav
TXN0001864,2024-06-09,CUST01864,Kavya Singh,+91 9220469325,Other,55,East,VIP,PROD0026,Novel 2845,BrandD,Books,New,Premium,4,₹13332.05,8,₹53328.20,₹49061.94,Credit Card,Pending,Standard,STORE006,Pune,EMP0022,Meera Patel
TXN0001865,2024-07-31,CUST01865,Kavya Gupta,+91 9211356228,Male,66,South,VIP,PROD0345,Jacket 1510,BrandA,Clothing,Eco-Friendly,Popular,5,₹40090.67,11,₹200453.35,₹178403.48,Cash,Completed,Same Day,STORE007,Delhi,EMP0048,Priya Yadav
TXN0001866,2024-01-24,CUST01866,Sneha Patel,+91 9016722496,Female,38,Central,Premium,PROD0132,Jeans 8087,BrandA,Clothing,Limited Edition,Eco-Friendly,4,₹40851.54,17,₹163406.16,₹135627.11,Net Banking,Cancelled,Pickup,STORE003,Chennai,EMP0010,Arjun Yadav
TXN0001867,2024-08-16,CUST01867,Amit Singh,+91 9473777702,Female,58,South,Premium,PROD0391,Smartphone 2224,BrandC,Electronics,Premium,Sale,4,₹8676.78,1,₹34707.12,₹34360.05,Wallet,Completed,Standard,STORE018,Chennai,EMP0011,Sneha Joshi
TXN0001868,2023-03-26,CUST01868,Sneha Agarwal,+91 9455851892,Male,26,West,VIP,PROD0488,Tablet 9692,BrandD,Electronics,Sale,Popular,5,₹12746.33,12,₹63731.65,₹56083.85,Wallet,Completed,Express,STORE001,Pune,EMP0049,Vikram Gupta
TXN0001869,2024-06-14,CUST01869,Priya Verma,+91 9374355658,Other,65,West,VIP,PROD0038,Makeup 1450,BrandB,Beauty,Popular,Limited Edition,5,₹15598.81,18,₹77994.05,₹63955.12,Credit Card,Pending,Pickup,STORE005,Mumbai,EMP0034,Vikram Gupta
TXN0001870,2024-05-13,CUST01870,Arjun Agarwal,+91 9607902495,Other,64,Central,VIP,PROD0317,Jeans 3256,BrandC,Clothing,Sale,Sale,1,₹26672.47,23,₹26672.47,₹20537.80,Cash,Cancelled,Same Day,STORE019,Bangalore,EMP0028,Amit Verma
TXN0001871,2023-12-09,CUST01871,Kavya Gupta,+91 9164664020,Male,59,Central,VIP,PROD0015,Bedding 6971,BrandE,Home & Living,Sale,Sale,3,₹5130.18,11,₹15390.54,₹13697.58,UPI,Completed,Standard,STORE016,Pune,EMP0050,Anjali Reddy
TXN0001872,2023-03-31,CUST01872,Raj Joshi,+91 9812889472,Other,52,North,VIP,PROD0481,Cookbook 6930,BrandB,Books,Eco-Friendly,Sale,4,₹44430.92,2,₹177723.68,₹174169.21,UPI,Completed,Express,STORE001,Bangalore,EMP0009,Kavya Patel
TXN0001873,2024-01-08,CUST01873,Sneha Gupta,+91 9893592933,Female,64,North,VIP,PROD0292,Frozen Food 5760,BrandC,Food,Eco-Friendly,Popular,2,₹28084.41,24,₹56168.82,₹42688.30,UPI,Refunded,Same Day,STORE002,Pune,EMP0012,Vikram Verma
TXN0001874,2023-12-03,CUST01874,Vikram Agarwal,+91 9804764068,Female,22,West,Regular,PROD0150,Jeans 2413,BrandE,Clothing,Popular,Eco-Friendly,7,₹14224.78,22,₹99573.46,₹77667.30,Wallet,Refunded,Pickup,STORE009,Hyderabad,EMP0033,Sneha Reddy
TXN0001875,2023-12-23,CUST01875,Arjun Reddy,+91 9503085116,Female,40,North,Premium,PROD0163,Smartwatch 5419,BrandC,Electronics,Limited Edition,Premium,9,₹37861.27,6,₹340751.43,₹320306.34,UPI,Refunded,Express,STORE008,Delhi,EMP0036,Kavya Patel
TXN0001876,2024-02-03,CUST01876,Kavya Gupta,+91 9587053104,Other,28,South,Premium,PROD0243,Snacks 6107,BrandE,Food,Popular,Limited Edition,4,₹36556.56,2,₹146226.24,₹143301.72,UPI,Cancelled,Same Day,STORE002,Bangalore,EMP0030,Meera Sharma
TXN0001877,2023-04-06,CUST01877,Vikram Joshi,+91 9179630582,Other,34,East,VIP,PROD0173,Comic 9238,BrandE,Books,Premium,Premium,2,₹28208.88,26,₹56417.76,₹41749.14,Net Banking,Completed,Standard,STORE012,Chennai,EMP0044,Arjun Agarwal
TXN0001878,2023-01-06,CUST01878,Amit Patel,+91 9332354671,Male,25,East,Premium,PROD0225,Tennis Racket 939,BrandA,Sports,Sale,New,2,₹18200.19,25,₹36400.38,₹27300.28,Net Banking,Completed,Standard,STORE003,Delhi,EMP0041,Anjali Gupta
TXN0001879,2023-02-04,CUST01879,Raj Agarwal,+91 9447621653,Other,48,Central,Regular,PROD0193,Gym Equipment 8687,BrandA,Sports,Limited Edition,Popular,8,₹34543.34,21,₹276346.72,₹218313.91,Cash,Refunded,Standard,STORE005,Mumbai,EMP0023,Raj Reddy
TXN0001880,2023-05-17,CUST01880,Amit Yadav,+91 9147706627,Female,51,South,Premium,PROD0366,Novel 6108,BrandD,Books,Eco-Friendly,Premium,2,₹45061.48,20,₹90122.96,₹72098.37,Credit Card,Cancelled,Same Day,STORE017,Delhi,EMP0004,Vikram Yadav
TXN0001881,2024-02-25,CUST01881,Sneha Gupta,+91 9778544056,Male,48,Central,Premium,PROD0005,Skincare 4297,BrandE,Beauty,Sale,Limited Edition,3,₹42373.26,1,₹127119.78,₹125848.58,Net Banking,Pending,Express,STORE005,Bangalore,EMP0040,Amit Gupta
TXN0001882,2023-08-26,CUST01882,Raj Sharma,+91 9472048447,Female,52,North,Premium,PROD0044,Tablet 9639,BrandD,Electronics,Sale,Popular,1,₹11135.37,6,₹11135.37,₹10467.25,Wallet,Cancelled,Same Day,STORE007,Bangalore,EMP0006,Kavya Kumar
TXN0001883,2023-02-01,CUST01883,Raj Agarwal,+91 9479256696,Female,49,West,VIP,PROD0477,Skincare 5152,BrandD,Beauty,Limited Edition,Eco-Friendly,3,₹6657.66,4,₹19972.98,₹19174.06,Wallet,Completed,Same Day,STORE002,Mumbai,EMP0016,Meera Yadav
TXN0001884,2024-01-07,CUST01884,Sneha Yadav,+91 9902093356,Female,49,East,Regular,PROD0320,Skincare 3020,BrandE,Beauty,Premium,Limited Edition,1,₹26048.79,5,₹26048.79,₹24746.35,Credit Card,Cancelled,Express,STORE006,Mumbai,EMP0044,Rohit Gupta
TXN0001885,2023-07-06,CUST01885,Vikram Reddy,+91 9051422563,Female,20,Central,Premium,PROD0119,Tablet 3354,BrandC,Electronics,Limited Edition,Premium,8,₹1802.41,6,₹14419.28,₹13554.12,Credit Card,Cancelled,Standard,STORE004,Hyderabad,EMP0025,Priya Kumar
TXN0001886,2023-11-05,CUST01886,Priya Kumar,+91 9072752890,Other,30,North,Regular,PROD0261,Tennis Racket 463,BrandA,Sports,Popular,Popular,1,₹9408.08,21,₹9408.08,₹7432.38,Cash,Refunded,Express,STORE012,Kolkata,EMP0036,Sneha Sharma
TXN0001887,2023-01-16,CUST01887,Vikram Yadav,+91 9995451936,Female,30,Central,Regular,PROD0499,Headphones 4324,BrandE,Electronics,Sale,New,5,₹21526.32,28,₹107631.60,₹77494.75,Wallet,Refunded,Express,STORE008,Pune,EMP0041,Priya Yadav
TXN0001888,2023-05-05,CUST01888,Meera Yadav,+91 9813828791,Other,51,South,Premium,PROD0168,Smartwatch 7711,BrandA,Electronics,Limited Edition,Popular,10,₹24935.47,14,₹249354.70,₹214445.04,Cash,Cancelled,Pickup,STORE013,Mumbai,EMP0010,Meera Agarwal
TXN0001889,2024-05-27,CUST01889,Raj Gupta,+91 9626162748,Female,41,West,VIP,PROD0069,T-Shirt 1698,BrandE,Clothing,Sale,Limited Edition,7,₹14137.37,30,₹98961.59,₹69273.11,Credit Card,Pending,Same Day,STORE019,Pune,EMP0037,Priya Agarwal
TXN0001890,2024-04-30,CUST01890,Raj Sharma,+91 9625017724,Female,36,South,VIP,PROD0123,Laptop 4634,BrandE,Electronics,Limited Edition,New,9,₹35615.49,28,₹320539.41,₹230788.38,Wallet,Completed,Express,STORE016,Hyderabad,EMP0010,Sneha Verma
TXN0001891,2023-06-02,CUST01891,Arjun Joshi,+91 9734469836,Male,69,East,Regular,PROD0479,Dairy 3578,BrandD,Food,Popular,New,2,₹5980.55,13,₹11961.10,₹10406.16,Net Banking,Pending,Pickup,STORE004,Mumbai,EMP0022,Arjun Reddy
TXN0001892,2023-12-02,CUST01892,Kavya Sharma,+91 9206641906,Female,56,North,VIP,PROD0045,Furniture 8202,BrandE,Home & Living,Sale,Limited Edition,5,₹15762.44,9,₹78812.20,₹71719.10,Cash,Completed,Standard,STORE012,Chennai,EMP0018,Raj Sharma
TXN0001893,2023-08-22,CUST01893,Priya Verma,+91 9324184401,Male,22,West,Premium,PROD0493,Biography 9142,BrandE,Books,Eco-Friendly,Eco-Friendly,8,₹33494.49,27,₹267955.92,₹195607.82,Net Banking,Completed,Pickup,STORE015,Pune,EMP0007,Amit Yadav
TXN0001894,2024-04-19,CUST01894,Rohit Patel,+91 9665663858,Female,67,North,VIP,PROD0197,Groceries 4496,BrandE,Food,Sale,Limited Edition,8,₹24483.26,11,₹195866.08,₹174320.81,Debit Card,Pending,Standard,STORE018,Hyderabad,EMP0019,Arjun Patel
TXN0001895,2023-09-14,CUST01895,Meera Patel,+91 9820488335,Female,20,West,VIP,PROD0294,Tablet 7896,BrandE,Electronics,Premium,Limited Edition,6,₹31083.40,24,₹186500.40,₹141740.30,Net Banking,Cancelled,Pickup,STORE007,Bangalore,EMP0018,Priya Yadav
TXN0001896,2023-07-25,CUST01896,Arjun Patel,+91 9291633671,Male,23,West,VIP,PROD0205,Cosmetics 7574,BrandE,Beauty,Eco-Friendly,Limited Edition,10,₹43765.79,17,₹437657.90,₹363256.06,Wallet,Refunded,Express,STORE011,Delhi,EMP0005,Vikram Agarwal
TXN0001897,2024-03-23,CUST01897,Rohit Gupta,+91 9062295185,Male,47,Central,Regular,PROD0288,Shirt 4501,BrandD,Clothing,Premium,Popular,9,₹18549.95,9,₹166949.55,₹151924.09,UPI,Refunded,Express,STORE011,Chennai,EMP0021,Anjali Kumar
TXN0001898,2023-07-27,CUST01898,Meera Yadav,+91 9010574750,Male,48,West,VIP,PROD0439,Snacks 665,BrandC,Food,Sale,Sale,5,₹44399.80,3,₹221999.00,₹215339.03,Cash,Refunded,Same Day,STORE012,Chennai,EMP0016,Raj Gupta
TXN0001899,2024-04-03,CUST01899,Priya Kumar,+91 9808014469,Other,40,West,Regular,PROD0020,Decor 6375,BrandB,Home & Living,Popular,New,2,₹6119.18,28,₹12238.36,₹8811.62,UPI,Refunded,Same Day,STORE011,Bangalore,EMP0047,Priya Singh
TXN0001900,2023-01-16,CUST01900,Rohit Agarwal,+91 9530915951,Female,48,West,Regular,PROD0171,Lighting 8979,BrandA,Home & Living,Limited Edition,Eco-Friendly,3,₹5402.82,7,₹16208.46,₹15073.87,Debit Card,Completed,Pickup,STORE005,Kolkata,EMP0041,Anjali Kumar
TXN0001901,2023-01-25,CUST01901,Arjun Singh,+91 9833128969,Male,25,East,VIP,PROD0324,Gym Equipment 5078,BrandB,Sports,Sale,New,5,₹37912.92,23,₹189564.60,₹145964.74,Debit Card,Pending,Same Day,STORE009,Delhi,EMP0045,Amit Kumar
TXN0001902,2024-03-06,CUST01902,Meera Singh,+91 9259558536,Female,51,East,VIP,PROD0144,Bedding 2600,BrandB,Home & Living,Eco-Friendly,Eco-Friendly,4,₹6630.24,6,₹26520.96,₹24929.70,Wallet,Refunded,Standard,STORE019,Delhi,EMP0019,Meera Kumar
TXN0001903,2023-01-26,CUST01903,Anjali Sharma,+91 9262410863,Male,62,West,Regular,PROD0293,Skincare 5637,BrandB,Beauty,Popular,Limited Edition,8,₹47567.36,17,₹380538.88,₹315847.27,Net Banking,Completed,Pickup,STORE015,Delhi,EMP0041,Anjali Joshi
TXN0001904,2024-05-09,CUST01904,Kavya Agarwal,+91 9346921381,Male,65,East,Premium,PROD0163,Furniture 9558,BrandB,Home & Living,Sale,Popular,4,₹3895.96,2,₹15583.84,₹15272.16,Debit Card,Completed,Same Day,STORE017,Pune,EMP0043,Sneha Singh
TXN0001905,2023-09-01,CUST01905,Kavya Gupta,+91 9230710495,Female,44,South,Premium,PROD0062,Perfume 795,BrandB,Beauty,Sale,Eco-Friendly,10,₹44573.75,26,₹445737.50,₹329845.75,Debit Card,Pending,Standard,STORE015,Kolkata,EMP0043,Anjali Gupta
TXN0001906,2024-12-30,CUST01906,Anjali Joshi,+91 9076856883,Male,45,West,Premium,PROD0192,Kitchenware 5771,BrandA,Home & Living,Eco-Friendly,Eco-Friendly,2,₹7098.15,29,₹14196.30,₹10079.37,Cash,Pending,Pickup,STORE001,Mumbai,EMP0026,Vikram Agarwal
TXN0001907,2024-08-22,CUST01907,Kavya Sharma,+91 9314605897,Female,69,West,Regular,PROD0073,Snacks 9467,BrandD,Food,Premium,Eco-Friendly,1,₹31876.92,11,₹31876.92,₹28370.46,Net Banking,Pending,Express,STORE002,Mumbai,EMP0001,Meera Singh
TXN0001908,2024-01-08,CUST01908,Raj Joshi,+91 9939049499,Other,59,South,VIP,PROD0120,Novel 2927,BrandD,Books,Limited Edition,Popular,7,₹5724.41,22,₹40070.87,₹31255.28,Net Banking,Refunded,Same Day,STORE014,Pune,EMP0014,Sneha Yadav
TXN0001909,2023-11-30,CUST01909,Sneha Joshi,+91 9551254419,Male,26,East,Premium,PROD0279,Dairy 2614,BrandC,Food,Sale,New,10,₹11708.95,30,₹117089.50,₹81962.65,Credit Card,Refunded,Pickup,STORE013,Kolkata,EMP0018,Anjali Yadav
TXN0001910,2024-05-14,CUST01910,Meera Joshi,+91 9997730602,Female,28,West,VIP,PROD0382,Jacket 6388,BrandD,Clothing,Popular,Limited Edition,6,₹22609.71,7,₹135658.26,₹126162.18,Debit Card,Cancelled,Express,STORE002,Kolkata,EMP0035,Meera Agarwal
TXN0001911,2024-02-24,CUST01911,Arjun Gupta,+91 9555748723,Female,50,East,VIP,PROD0376,Gym Equipment 4917,BrandB,Sports,Sale,Popular,7,₹3604.60,9,₹25232.20,₹22961.30,Credit Card,Completed,Pickup,STORE019,Hyderabad,EMP0026,Sneha Verma
TXN0001912,2024-01-06,CUST01912,Raj Reddy,+91 9602084556,Female,61,East,Regular,PROD0395,Groceries 1915,BrandC,Food,Limited Edition,Popular,1,₹7002.82,2,₹7002.82,₹6862.76,Debit Card,Completed,Standard,STORE011,Mumbai,EMP0019,Sneha Kumar
TXN0001913,2023-01-05,CUST01913,Priya Kumar,+91 9056792387,Other,37,North,VIP,PROD0169,Headphones 7211,BrandB,Electronics,Popular,Premium,9,₹35089.92,16,₹315809.28,₹265279.80,Debit Card,Pending,Same Day,STORE010,Delhi,EMP0011,Meera Kumar
TXN0001914,2024-03-12,CUST01914,Vikram Singh,+91 9810479155,Female,22,North,Regular,PROD0147,Lighting 7981,BrandD,Home & Living,Popular,Premium,10,₹11874.19,2,₹118741.90,₹116367.06,Net Banking,Pending,Same Day,STORE014,Delhi,EMP0044,Arjun Reddy
TXN0001915,2024-09-17,CUST01915,Meera Sharma,+91 9151039225,Other,40,North,VIP,PROD0139,Jacket 7585,BrandA,Clothing,Premium,Limited Edition,10,₹49829.07,2,₹498290.70,₹488324.89,Cash,Cancelled,Pickup,STORE003,Pune,EMP0041,Raj Gupta
TXN0001916,2023-10-06,CUST01916,Amit Joshi,+91 9542181887,Other,35,South,Regular,PROD0057,Kitchenware 8307,BrandC,Home & Living,Popular,Eco-Friendly,1,₹33521.17,6,₹33521.17,₹31509.90,Credit Card,Pending,Standard,STORE011,Kolkata,EMP0037,Sneha Kumar
TXN0001917,2024-01-10,CUST01917,Kavya Kumar,+91 9381312000,Other,56,South,VIP,PROD0238,Jeans 5382,BrandE,Clothing,Premium,Premium,7,₹20865.65,9,₹146059.55,₹132914.19,Debit Card,Pending,Express,STORE003,Chennai,EMP0005,Rohit Reddy
TXN0001918,2023-06-07,CUST01918,Kavya Gupta,+91 9588207408,Male,34,South,VIP,PROD0038,Tennis Racket 6745,BrandA,Sports,Sale,Limited Edition,6,₹49618.26,13,₹297709.56,₹259007.32,UPI,Refunded,Express,STORE017,Chennai,EMP0038,Amit Verma
TXN0001919,2024-05-14,CUST01919,Amit Reddy,+91 9478194655,Female,46,North,VIP,PROD0471,Lighting 7770,BrandA,Home & Living,Premium,Limited Edition,4,₹4941.64,14,₹19766.56,₹16999.24,Cash,Pending,Pickup,STORE010,Mumbai,EMP0019,Sneha Agarwal
TXN0001920,2024-04-01,CUST01920,Vikram Joshi,+91 9565690058,Female,48,East,Premium,PROD0169,Decor 4163,BrandD,Home & Living,New,New,3,₹12239.99,24,₹36719.97,₹27907.18,Credit Card,Completed,Express,STORE010,Hyderabad,EMP0009,Kavya Sharma
TXN0001921,2023-08-04,CUST01921,Meera Agarwal,+91 9351651706,Other,34,West,Premium,PROD0252,Jacket 1930,BrandC,Clothing,Popular,Eco-Friendly,4,₹39418.48,4,₹157673.92,₹151366.96,UPI,Pending,Same Day,STORE002,Chennai,EMP0032,Vikram Kumar
TXN0001922,2024-05-07,CUST01922,Vikram Verma,+91 9887699275,Male,53,West,Regular,PROD0312,Smartphone 5271,BrandA,Electronics,Limited Edition,Limited Edition,1,₹11360.21,22,₹11360.21,₹8860.96,Wallet,Cancelled,Same Day,STORE013,Hyderabad,EMP0050,Priya Joshi
TXN0001923,2023-09-11,CUST01923,Kavya Agarwal,+91 9400690217,Male,33,East,Premium,PROD0365,Dress 214,BrandE,Clothing,Eco-Friendly,Sale,7,₹21197.42,22,₹148381.94,₹115737.91,Cash,Completed,Express,STORE004,Delhi,EMP0031,Raj Verma
TXN0001924,2024-10-05,CUST01924,Priya Sharma,+91 9166108371,Other,23,East,Regular,PROD0018,Dress 7372,BrandE,Clothing,Premium,Eco-Friendly,6,₹2037.19,19,₹12223.14,₹9900.74,UPI,Cancelled,Standard,STORE012,Pune,EMP0043,Kavya Sharma
TXN0001925,2024-05-13,CUST01925,Anjali Patel,+91 9346435778,Female,67,West,VIP,PROD0325,Furniture 8275,BrandA,Home & Living,Eco-Friendly,Popular,5,₹26757.26,27,₹133786.30,₹97664.00,Cash,Cancelled,Same Day,STORE004,Hyderabad,EMP0046,Meera Patel
TXN0001926,2023-11-19,CUST01926,Priya Yadav,+91 9601630338,Female,32,West,Premium,PROD0482,Novel 9552,BrandB,Books,New,New,10,₹6455.04,26,₹64550.40,₹47767.30,Cash,Completed,Same Day,STORE014,Chennai,EMP0043,Sneha Joshi
TXN0001927,2023-03-20,CUST01927,Meera Sharma,+91 9471539687,Female,48,Central,VIP,PROD0472,Football 6226,BrandD,Sports,Limited Edition,Sale,4,₹6310.65,23,₹25242.60,₹19436.80,Debit Card,Refunded,Pickup,STORE020,Hyderabad,EMP0008,Amit Patel
TXN0001928,2024-10-17,CUST01928,Meera Sharma,+91 9903090124,Male,50,South,Regular,PROD0252,Bedding 6400,BrandC,Home & Living,Limited Edition,Eco-Friendly,3,₹32300.00,16,₹96900.00,₹81396.00,Net Banking,Cancelled,Express,STORE020,Chennai,EMP0031,Rohit Joshi
TXN0001929,2023-11-08,CUST01929,Raj Gupta,+91 9352877276,Male,57,South,Regular,PROD0383,Shirt 2394,BrandD,Clothing,New,Premium,9,₹11886.50,16,₹106978.50,₹89861.94,Wallet,Pending,Express,STORE004,Hyderabad,EMP0004,Arjun Agarwal
TXN0001930,2023-03-27,CUST01930,Meera Reddy,+91 9289376427,Female,26,South,Regular,PROD0488,Lighting 1648,BrandC,Home & Living,Sale,Premium,2,₹15271.26,3,₹30542.52,₹29626.24,Cash,Cancelled,Standard,STORE006,Pune,EMP0036,Raj Sharma
TXN0001931,2023-12-30,CUST01931,Priya Gupta,+91 9938343239,Female,27,Central,Premium,PROD0043,Frozen Food 8117,BrandE,Food,Limited Edition,Popular,9,₹17881.07,19,₹160929.63,₹130353.00,Wallet,Completed,Express,STORE015,Bangalore,EMP0039,Priya Reddy
TXN0001932,2024-12-03,CUST01932,Priya Singh,+91 9921375002,Other,29,South,VIP,PROD0019,Beverages 6775,BrandA,Food,Sale,Limited Edition,4,₹12153.50,16,₹48614.00,₹40835.76,Cash,Cancelled,Pickup,STORE012,Mumbai,EMP0021,Arjun Verma
TXN0001933,2023-05-03,CUST01933,Vikram Kumar,+91 9582083899,Male,36,North,VIP,PROD0189,Makeup 8769,BrandA,Beauty,Eco-Friendly,Sale,1,₹7405.92,17,₹7405.92,₹6146.91,Cash,Cancelled,Same Day,STORE020,Chennai,EMP0035,Vikram Yadav
TXN0001934,2024-09-08,CUST01934,Arjun Yadav,+91 9954024390,Female,42,South,Regular,PROD0314,Cricket Bat 1466,BrandC,Sports,Premium,Popular,10,₹16608.57,20,₹166085.70,₹132868.56,UPI,Cancelled,Standard,STORE019,Bangalore,EMP0046,Vikram Joshi
TXN0001935,2024-12-08,CUST01935,Sneha Yadav,+91 9197945568,Other,45,South,VIP,PROD0433,Snacks 1201,BrandD,Food,Premium,New,10,₹9479.50,28,₹94795.00,₹68252.40,Debit Card,Refunded,Pickup,STORE002,Hyderabad,EMP0012,Priya Verma
TXN0001936,2024-05-07,CUST01936,Rohit Singh,+91 9527239003,Male,49,South,Premium,PROD0187,Yoga Mat 9567,BrandB,Sports,Premium,Limited Edition,1,₹28923.38,11,₹28923.38,₹25741.81,UPI,Pending,Same Day,STORE003,Chennai,EMP0044,Sneha Joshi
TXN0001937,2024-09-06,CUST01937,Arjun Agarwal,+91 9575675449,Male,31,South,Premium,PROD0411,Haircare 2456,BrandD,Beauty,Sale,New,8,₹38816.62,21,₹310532.96,₹245321.04,Wallet,Refunded,Standard,STORE012,Pune,EMP0031,Priya Patel
TXN0001938,2023-11-26,CUST01938,Priya Patel,+91 9398142397,Other,70,South,Premium,PROD0490,Novel 1821,BrandC,Books,New,New,3,₹39529.43,1,₹118588.29,₹117402.41,Credit Card,Refunded,Pickup,STORE002,Kolkata,EMP0025,Meera Kumar
TXN0001939,2023-01-13,CUST01939,Anjali Joshi,+91 9480241418,Other,33,East,Regular,PROD0161,Furniture 6995,BrandB,Home & Living,New,Premium,10,₹32124.65,7,₹321246.50,₹298759.24,Net Banking,Cancelled,Same Day,STORE007,Chennai,EMP0029,Amit Sharma
TXN0001940,2023-02-21,CUST01940,Priya Singh,+91 9330428489,Female,70,Central,Premium,PROD0425,Smartwatch 8556,BrandA,Electronics,New,Popular,2,₹1834.58,24,₹3669.16,₹2788.56,Wallet,Pending,Standard,STORE005,Chennai,EMP0045,Priya Agarwal
TXN0001941,2024-05-17,CUST01941,Kavya Joshi,+91 9164310609,Other,41,South,Regular,PROD0256,T-Shirt 3573,BrandA,Clothing,Popular,New,1,₹10633.21,4,₹10633.21,₹10207.88,Credit Card,Refunded,Pickup,STORE002,Delhi,EMP0019,Meera Singh
TXN0001942,2023-06-12,CUST01942,Rohit Verma,+91 9878367535,Other,36,West,Premium,PROD0096,Cookbook 3112,BrandC,Books,New,Eco-Friendly,5,₹11349.54,11,₹56747.70,₹50505.45,Wallet,Cancelled,Standard,STORE010,Delhi,EMP0038,Anjali Patel
TXN0001943,2024-02-19,CUST01943,Amit Yadav,+91 9410620532,Female,64,South,VIP,PROD0285,Perfume 3080,BrandE,Beauty,Sale,Premium,9,₹47153.72,28,₹424383.48,₹305556.11,Net Banking,Completed,Same Day,STORE015,Hyderabad,EMP0035,Anjali Reddy
TXN0001944,2023-08-21,CUST01944,Sneha Yadav,+91 9300133888,Other,58,Central,VIP,PROD0300,Bedding 5105,BrandA,Home & Living,Popular,Eco-Friendly,4,₹11087.97,15,₹44351.88,₹37699.10,Debit Card,Completed,Standard,STORE011,Bangalore,EMP0028,Vikram Kumar
TXN0001945,2023-10-09,CUST01945,Rohit Kumar,+91 9983316669,Female,33,West,VIP,PROD0466,Cosmetics 8267,BrandA,Beauty,Sale,New,8,₹18132.23,6,₹145057.84,₹136354.37,Net Banking,Completed,Standard,STORE012,Kolkata,EMP0024,Kavya Singh
TXN0001946,2023-06-29,CUST01946,Vikram Joshi,+91 9018889511,Female,57,South,Regular,PROD0154,Decor 8422,BrandA,Home & Living,Eco-Friendly,Popular,1,₹22801.15,16,₹22801.15,₹19152.97,UPI,Cancelled,Same Day,STORE010,Mumbai,EMP0026,Arjun Yadav
TXN0001947,2023-05-15,CUST01947,Rohit Verma,+91 9838467705,Female,25,East,Regular,PROD0255,Comic 200,BrandD,Books,Premium,Popular,7,₹26971.44,3,₹188800.08,₹183136.08,Net Banking,Pending,Express,STORE012,Hyderabad,EMP0013,Amit Kumar
TXN0001948,2023-04-10,CUST01948,Anjali Kumar,+91 9789406823,Female,55,Central,Regular,PROD0213,Makeup 480,BrandD,Beauty,New,Popular,3,₹35830.89,2,₹107492.67,₹105342.82,Net Banking,Cancelled,Express,STORE008,Kolkata,EMP0033,Rohit Kumar
TXN0001949,2023-08-30,CUST01949,Anjali Patel,+91 9240825958,Other,65,North,Premium,PROD0484,Perfume 9626,BrandC,Beauty,Limited Edition,Premium,5,₹17215.44,4,₹86077.20,₹82634.11,Net Banking,Completed,Same Day,STORE012,Kolkata,EMP0004,Raj Yadav
TXN0001950,2023-01-07,CUST01950,Sneha Gupta,+91 9339999240,Male,44,South,Regular,PROD0054,Comic 9604,BrandE,Books,New,New,8,₹34557.39,6,₹276459.12,₹259871.57,Cash,Refunded,Express,STORE019,Delhi,EMP0016,Raj Patel
TXN0001951,2024-08-04,CUST01951,Meera Joshi,+91 9257895628,Female,69,North,VIP,PROD0185,Headphones 602,BrandC,Electronics,Sale,New,3,₹39663.54,9,₹118990.62,₹108281.46,Credit Card,Pending,Same Day,STORE020,Kolkata,EMP0023,Arjun Verma
TXN0001952,2024-09-15,CUST01952,Meera Reddy,+91 9049012457,Female,52,East,Premium,PROD0181,Haircare 1197,BrandA,Beauty,New,Popular,4,₹26158.02,28,₹104632.08,₹75335.10,Cash,Cancelled,Express,STORE013,Hyderabad,EMP0013,Vikram Agarwal
TXN0001953,2024-01-10,CUST01953,Priya Agarwal,+91 9114802934,Female,56,Central,Regular,PROD0078,Bedding 8047,BrandE,Home & Living,Sale,Limited Edition,4,₹26004.09,27,₹104016.36,₹75931.94,UPI,Cancelled,Standard,STORE020,Hyderabad,EMP0013,Rohit Singh
TXN0001954,2023-07-28,CUST01954,Arjun Reddy,+91 9703401528,Female,37,East,Premium,PROD0106,Shirt 3299,BrandA,Clothing,Popular,Limited Edition,6,₹49577.56,30,₹297465.36,₹208225.75,Net Banking,Cancelled,Standard,STORE019,Mumbai,EMP0042,Sneha Kumar
TXN0001955,2024-08-19,CUST01955,Anjali Patel,+91 9520364300,Other,47,North,Regular,PROD0165,Perfume 6757,BrandA,Beauty,Popular,Limited Edition,1,₹43545.47,12,₹43545.47,₹38320.01,Wallet,Completed,Pickup,STORE009,Hyderabad,EMP0046,Priya Kumar
TXN0001956,2023-07-13,CUST01956,Sneha Patel,+91 9063725642,Female,35,East,VIP,PROD0178,T-Shirt 8516,BrandB,Clothing,New,Premium,9,₹18705.06,20,₹168345.54,₹134676.43,Wallet,Cancelled,Pickup,STORE006,Pune,EMP0031,Meera Agarwal
TXN0001957,2023-07-18,CUST01957,Amit Yadav,+91 9596456212,Other,39,South,VIP,PROD0320,Bedding 3033,BrandC,Home & Living,Limited Edition,Premium,2,₹29892.37,15,₹59784.74,₹50817.03,Debit Card,Refunded,Pickup,STORE009,Bangalore,EMP0004,Anjali Gupta
TXN0001958,2024-02-11,CUST01958,Anjali Joshi,+91 9672075032,Other,48,North,VIP,PROD0028,Dairy 9518,BrandB,Food,Premium,Eco-Friendly,3,₹49803.09,4,₹149409.27,₹143432.90,Debit Card,Pending,Express,STORE010,Bangalore,EMP0013,Sneha Kumar
TXN0001959,2023-04-15,CUST01959,Rohit Patel,+91 9873679443,Male,60,North,VIP,PROD0226,Jeans 6845,BrandD,Clothing,Eco-Friendly,Limited Edition,7,₹16511.91,1,₹115583.37,₹114427.54,Credit Card,Pending,Same Day,STORE010,Bangalore,EMP0011,Vikram Reddy
TXN0001960,2024-09-16,CUST01960,Raj Sharma,+91 9544811671,Female,47,West,Premium,PROD0282,Laptop 4841,BrandD,Electronics,Popular,Eco-Friendly,3,₹6198.43,3,₹18595.29,₹18037.43,Cash,Completed,Standard,STORE004,Kolkata,EMP0033,Priya Yadav
TXN0001961,2023-09-15,CUST01961,Rohit Reddy,+91 9116168173,Female,53,South,Regular,PROD0341,T-Shirt 2587,BrandE,Clothing,New,Popular,4,₹17596.96,11,₹70387.84,₹62645.18,Credit Card,Cancelled,Same Day,STORE015,Kolkata,EMP0015,Meera Kumar
TXN0001962,2023-02-10,CUST01962,Vikram Singh,+91 9632063589,Other,34,East,Premium,PROD0167,Football 8247,BrandC,Sports,Eco-Friendly,Sale,1,₹8254.30,21,₹8254.30,₹6520.90,Wallet,Refunded,Standard,STORE003,Delhi,EMP0021,Anjali Reddy
TXN0001963,2023-12-13,CUST01963,Amit Reddy,+91 9629949493,Female,62,North,Regular,PROD0445,Dress 8024,BrandD,Clothing,Sale,Premium,2,₹30808.46,24,₹61616.92,₹46828.86,Credit Card,Pending,Express,STORE015,Kolkata,EMP0041,Priya Patel
TXN0001964,2023-04-20,CUST01964,Sneha Gupta,+91 9337950405,Other,34,South,Regular,PROD0384,Dress 3340,BrandD,Clothing,Popular,Limited Edition,4,₹26841.56,26,₹107366.24,₹79451.02,Cash,Refunded,Express,STORE005,Bangalore,EMP0024,Priya Yadav
TXN0001965,2024-09-05,CUST01965,Anjali Patel,+91 9964705735,Female,66,North,Regular,PROD0253,Football 2190,BrandA,Sports,New,Premium,1,₹28260.71,14,₹28260.71,₹24304.21,Net Banking,Pending,Express,STORE004,Mumbai,EMP0025,Priya Singh
TXN0001966,2024-11-15,CUST01966,Raj Joshi,+91 9155571693,Male,31,North,Premium,PROD0004,Jeans 3144,BrandB,Clothing,Popular,Limited Edition,10,₹44618.57,22,₹446185.70,₹348024.85,Net Banking,Pending,Standard,STORE005,Hyderabad,EMP0006,Amit Sharma
TXN0001967,2024-08-26,CUST01967,Priya Agarwal,+91 9884152658,Other,69,North,VIP,PROD0211,Novel 3002,BrandE,Books,Limited Edition,Premium,9,₹21221.82,25,₹190996.38,₹143247.29,Credit Card,Completed,Standard,STORE014,Chennai,EMP0014,Amit Sharma
TXN0001968,2024-08-30,CUST01968,Rohit Agarwal,+91 9072463433,Other,62,South,VIP,PROD0295,Shirt 2415,BrandD,Clothing,Limited Edition,Sale,9,₹6515.83,8,₹58642.47,₹53951.07,Cash,Cancelled,Standard,STORE007,Kolkata,EMP0009,Vikram Singh
TXN0001969,2024-11-17,CUST01969,Raj Joshi,+91 9156889076,Female,45,East,Regular,PROD0044,Tablet 1334,BrandA,Electronics,Eco-Friendly,Popular,10,₹6359.24,22,₹63592.40,₹49602.07,Credit Card,Pending,Standard,STORE012,Hyderabad,EMP0034,Arjun Joshi
TXN0001970,2024-12-27,CUST01970,Arjun Patel,+91 9235956877,Other,51,South,Premium,PROD0022,Comic 1011,BrandE,Books,Popular,Premium,10,₹18723.44,16,₹187234.40,₹157276.90,Wallet,Refunded,Express,STORE011,Delhi,EMP0015,Vikram Sharma
TXN0001971,2023-02-21,CUST01971,Raj Gupta,+91 9943257167,Female,52,South,Premium,PROD0479,Shirt 7698,BrandE,Clothing,Eco-Friendly,Eco-Friendly,5,₹20762.38,5,₹103811.90,₹98621.31,Credit Card,Completed,Pickup,STORE008,Delhi,EMP0022,Amit Singh
TXN0001972,2023-04-17,CUST01972,Arjun Reddy,+91 9453313874,Male,67,West,Regular,PROD0492,Comic 5198,BrandE,Books,Popular,Limited Edition,7,₹44328.54,14,₹310299.78,₹266857.81,UPI,Pending,Express,STORE010,Delhi,EMP0009,Kavya Yadav
TXN0001973,2023-12-09,CUST01973,Arjun Verma,+91 9514242527,Male,61,West,VIP,PROD0276,Yoga Mat 9905,BrandE,Sports,Eco-Friendly,Popular,4,₹9600.66,19,₹38402.64,₹31106.14,Debit Card,Refunded,Pickup,STORE018,Delhi,EMP0041,Kavya Singh
TXN0001974,2023-12-26,CUST01974,Raj Joshi,+91 9921367179,Male,43,East,VIP,PROD0241,Snacks 3921,BrandB,Food,Popular,Premium,8,₹25527.38,21,₹204219.04,₹161333.04,Wallet,Refunded,Express,STORE011,Hyderabad,EMP0021,Rohit Joshi
TXN0001975,2023-11-07,CUST01975,Kavya Patel,+91 9795769709,Male,22,West,VIP,PROD0107,Smartphone 3864,BrandA,Electronics,Premium,Sale,4,₹30390.49,18,₹121561.96,₹99680.81,Debit Card,Pending,Same Day,STORE012,Pune,EMP0020,Priya Reddy
TXN0001976,2023-11-22,CUST01976,Vikram Sharma,+91 9882431691,Male,56,East,Premium,PROD0302,Smartwatch 5225,BrandB,Electronics,New,Popular,5,₹28934.27,11,₹144671.35,₹128757.50,Cash,Cancelled,Express,STORE014,Chennai,EMP0035,Meera Singh
TXN0001977,2024-12-14,CUST01977,Sneha Verma,+91 9541994511,Male,28,West,VIP,PROD0370,Lighting 8203,BrandE,Home & Living,Eco-Friendly,Sale,6,₹49432.61,17,₹296595.66,₹246174.40,Credit Card,Pending,Same Day,STORE012,Mumbai,EMP0032,Anjali Joshi
TXN0001978,2024-07-26,CUST01978,Amit Gupta,+91 9134379442,Female,32,West,VIP,PROD0230,Comic 611,BrandB,Books,New,Sale,5,₹1892.39,10,₹9461.95,₹8515.76,Debit Card,Refunded,Express,STORE019,Bangalore,EMP0022,Anjali Kumar
TXN0001979,2023-04-05,CUST01979,Anjali Yadav,+91 9973145239,Other,50,North,VIP,PROD0302,Snacks 3433,BrandA,Food,Limited Edition,New,4,₹20081.71,0,₹80326.84,₹80326.84,Debit Card,Cancelled,Express,STORE006,Hyderabad,EMP0039,Sneha Reddy
TXN0001980,2024-08-14,CUST01980,Raj Yadav,+91 9476948953,Male,33,West,Premium,PROD0438,Football 6304,BrandD,Sports,Eco-Friendly,Sale,7,₹12407.90,20,₹86855.30,₹69484.24,UPI,Refunded,Standard,STORE006,Hyderabad,EMP0024,Raj Kumar
TXN0001981,2023-12-27,CUST01981,Vikram Gupta,+91 9675791233,Female,38,East,VIP,PROD0132,Dairy 4117,BrandD,Food,Popular,Sale,7,₹21540.20,13,₹150781.40,₹131179.82,Net Banking,Pending,Pickup,STORE010,Mumbai,EMP0021,Kavya Joshi
TXN0001982,2023-12-01,CUST01982,Meera Kumar,+91 9929655711,Male,60,West,VIP,PROD0446,Haircare 8457,BrandE,Beauty,Eco-Friendly,Popular,7,₹48761.59,22,₹341331.13,₹266238.28,Credit Card,Refunded,Standard,STORE012,Pune,EMP0019,Sneha Singh
TXN0001983,2023-04-18,CUST01983,Rohit Singh,+91 9248368367,Male,69,West,Regular,PROD0267,Jeans 2674,BrandD,Clothing,Popular,Eco-Friendly,1,₹27402.66,26,₹27402.66,₹20277.97,Wallet,Cancelled,Pickup,STORE001,Chennai,EMP0016,Rohit Joshi
TXN0001984,2023-06-04,CUST01984,Amit Reddy,+91 9558623249,Male,26,East,Premium,PROD0229,Tablet 1487,BrandA,Electronics,Popular,Eco-Friendly,5,₹32158.71,14,₹160793.55,₹138282.45,Wallet,Pending,Standard,STORE016,Delhi,EMP0023,Kavya Patel
TXN0001985,2024-10-20,CUST01985,Vikram Yadav,+91 9773141997,Female,67,West,Premium,PROD0213,Snacks 5941,BrandB,Food,Premium,Limited Edition,8,₹34789.95,22,₹278319.60,₹217089.29,Debit Card,Refunded,Same Day,STORE020,Mumbai,EMP0006,Anjali Singh
TXN0001986,2024-06-20,CUST01986,Priya Singh,+91 9520456907,Female,52,North,VIP,PROD0496,Comic 6956,BrandB,Books,Popular,Limited Edition,2,₹44905.97,29,₹89811.94,₹63766.48,UPI,Pending,Same Day,STORE004,Bangalore,EMP0032,Raj Reddy
TXN0001987,2024-05-22,CUST01987,Anjali Sharma,+91 9315940005,Female,51,Central,Premium,PROD0149,Furniture 3158,BrandA,Home & Living,Popular,Popular,4,₹15585.49,10,₹62341.96,₹56107.76,UPI,Completed,Express,STORE002,Delhi,EMP0042,Arjun Singh
TXN0001988,2024-01-12,CUST01988,Rohit Agarwal,+91 9025923413,Other,45,East,Regular,PROD0263,Laptop 4396,BrandE,Electronics,Popular,Popular,8,₹36901.99,23,₹295215.92,₹227316.26,Wallet,Cancelled,Same Day,STORE007,Chennai,EMP0038,Arjun Gupta
TXN0001989,2024-09-28,CUST01989,Vikram Patel,+91 9267158869,Other,26,West,Premium,PROD0180,Comic 8313,BrandC,Books,Popular,New,10,₹31883.69,10,₹318836.90,₹286953.21,Cash,Refunded,Standard,STORE019,Delhi,EMP0045,Amit Joshi
TXN0001990,2024-06-17,CUST01990,Kavya Patel,+91 9290992842,Other,19,North,Regular,PROD0040,Skincare 1471,BrandC,Beauty,Popular,Sale,9,₹21572.64,11,₹194153.76,₹172796.85,Debit Card,Refunded,Pickup,STORE012,Kolkata,EMP0041,Priya Singh
TXN0001991,2023-10-26,CUST01991,Vikram Gupta,+91 9795869678,Other,35,East,Premium,PROD0406,Haircare 3954,BrandB,Beauty,Sale,Premium,4,₹12668.76,19,₹50675.04,₹41046.78,UPI,Cancelled,Express,STORE001,Kolkata,EMP0047,Anjali Singh
TXN0001992,2024-03-27,CUST01992,Sneha Reddy,+91 9542970708,Female,66,North,Regular,PROD0120,Jacket 794,BrandD,Clothing,New,Limited Edition,5,₹14641.94,27,₹73209.70,₹53443.08,Wallet,Completed,Same Day,STORE007,Mumbai,EMP0015,Vikram Reddy
TXN0001993,2023-09-15,CUST01993,Arjun Verma,+91 9915074538,Female,61,North,Regular,PROD0460,T-Shirt 4260,BrandB,Clothing,Popular,Sale,6,₹11544.88,10,₹69269.28,₹62342.35,UPI,Pending,Pickup,STORE020,Hyderabad,EMP0046,Rohit Gupta
TXN0001994,2023-03-20,CUST01994,Meera Patel,+91 9527778670,Male,32,South,Regular,PROD0323,Frozen Food 9912,BrandD,Food,New,Eco-Friendly,1,₹40154.96,4,₹40154.96,₹38548.76,Cash,Refunded,Express,STORE012,Hyderabad,EMP0046,Kavya Gupta
TXN0001995,2023-08-27,CUST01995,Raj Gupta,+91 9317834044,Other,70,East,VIP,PROD0477,Smartphone 8085,BrandC,Electronics,Limited Edition,Sale,5,₹41486.65,26,₹207433.25,₹153500.61,Debit Card,Cancelled,Express,STORE006,Bangalore,EMP0010,Kavya Joshi
TXN0001996,2023-10-02,CUST01996,Sneha Joshi,+91 9623399395,Female,43,North,Regular,PROD0386,Furniture 6973,BrandA,Home & Living,Premium,Premium,2,₹10646.01,24,₹21292.02,₹16181.94,Debit Card,Pending,Same Day,STORE006,Chennai,EMP0018,Meera Singh
TXN0001997,2023-05-31,CUST01997,Arjun Singh,+91 9193170134,Male,44,South,Premium,PROD0357,Perfume 3577,BrandB,Beauty,Popular,Sale,7,₹44081.78,12,₹308572.46,₹271543.76,Wallet,Cancelled,Express,STORE005,Chennai,EMP0036,Arjun Patel
TXN0001998,2023-02-28,CUST01998,Anjali Gupta,+91 9668769517,Female,30,Central,Premium,PROD0396,Biography 4028,BrandE,Books,Sale,Limited Edition,10,₹31069.93,10,₹310699.30,₹279629.37,UPI,Pending,Pickup,STORE011,Kolkata,EMP0017,Vikram Agarwal
TXN0001999,2023-10-19,CUST01999,Arjun Agarwal,+91 9358541902,Male,34,Central,VIP,PROD0415,Skincare 5942,BrandC,Beauty,Eco-Friendly,Popular,4,₹49184.14,29,₹196736.56,₹139682.96,Net Banking,Cancelled,Same Day,STORE020,Delhi,EMP0040,Priya Gupta
TXN0002000,2023-06-17,CUST02000,Priya Singh,+91 9287093069,Other,40,West,Premium,PROD0376,Beverages 6391,BrandE,Food,Premium,Eco-Friendly,7,₹9916.30,11,₹69414.10,₹61778.55,Wallet,Refunded,Pickup,STORE015,Bangalore,EMP0025,Raj Sharma